Filename, Fuzzy Messages, Total Messages, Fuzzy Words, Total Words, Achievement
l10n/po/zh_CN/content/versions/main/guides/all-config.adoc.po, 19829, 19829, 276332, 276332, 0%
l10n/po/zh_CN/content/guides/all-config.adoc.po, 19775, 19775, 273158, 273158, 0%
l10n/po/zh_CN/content/versions/3.34/guides/all-config.adoc.po, 18477, 18477, 254567, 254567, 0%
l10n/po/zh_CN/content/versions/3.33/guides/all-config.adoc.po, 18459, 18459, 254433, 254433, 0%
l10n/po/zh_CN/content/versions/3.27/guides/all-config.adoc.po, 17928, 17928, 246260, 246260, 0%
l10n/po/zh_CN/content/versions/3.20/guides/all-config.adoc.po, 17158, 17158, 235979, 235979, 0%
l10n/po/zh_CN/content/versions/3.15/guides/all-config.adoc.po, 16805, 16805, 225840, 225840, 0%
l10n/po/zh_CN/content/versions/3.2/guides/all-config.adoc.po, 15137, 15137, 196641, 196641, 0%
l10n/po/zh_CN/content/versions/3.8/guides/all-config.adoc.po, 15362, 15362, 194455, 194455, 0%
l10n/po/zh_CN/content/versions/2.16/guides/all-config.adoc.po, 12539, 12539, 164911, 164911, 0%
l10n/po/zh_CN/content/versions/2.13/guides/all-config.adoc.po, 11924, 11924, 156259, 156259, 0%
l10n/po/zh_CN/content/guides/deploying-to-kubernetes.adoc.po, 3888, 3888, 47374, 47374, 0%
l10n/po/zh_CN/content/versions/main/guides/deploying-to-kubernetes.adoc.po, 3888, 3888, 47374, 47374, 0%
l10n/po/zh_CN/content/versions/3.33/guides/deploying-to-kubernetes.adoc.po, 3858, 3858, 47164, 47164, 0%
l10n/po/zh_CN/content/versions/3.34/guides/deploying-to-kubernetes.adoc.po, 3859, 3859, 47114, 47114, 0%
l10n/po/zh_CN/content/versions/main/guides/all-builditems.adoc.po, 3830, 3830, 46322, 46322, 0%
l10n/po/zh_CN/content/versions/3.27/guides/deploying-to-kubernetes.adoc.po, 3759, 3759, 45683, 45683, 0%
l10n/po/zh_CN/content/versions/3.20/guides/deploying-to-kubernetes.adoc.po, 3747, 3747, 45543, 45543, 0%
l10n/po/zh_CN/content/guides/all-builditems.adoc.po, 3741, 3741, 44648, 44648, 0%
l10n/po/zh_CN/content/versions/3.15/guides/deploying-to-kubernetes.adoc.po, 3710, 3710, 43277, 43277, 0%
l10n/po/zh_CN/content/versions/3.34/guides/all-builditems.adoc.po, 3374, 3374, 42292, 42292, 0%
l10n/po/zh_CN/content/versions/3.33/guides/all-builditems.adoc.po, 3370, 3370, 41873, 41873, 0%
l10n/po/zh_CN/content/versions/3.8/guides/deploying-to-kubernetes.adoc.po, 3625, 3625, 40024, 40024, 0%
l10n/po/zh_CN/content/versions/3.2/guides/deploying-to-kubernetes.adoc.po, 3564, 3564, 39255, 39255, 0%
l10n/po/zh_CN/content/versions/3.27/guides/all-builditems.adoc.po, 3233, 3233, 38469, 38469, 0%
l10n/po/zh_CN/content/versions/3.20/guides/all-builditems.adoc.po, 3031, 3031, 34010, 34010, 0%
l10n/po/zh_CN/content/versions/3.15/guides/all-builditems.adoc.po, 2913, 2913, 32461, 32461, 0%
l10n/po/zh_CN/content/versions/2.16/guides/deploying-to-kubernetes.adoc.po, 2718, 2718, 29441, 29441, 0%
l10n/po/zh_CN/content/versions/3.8/guides/all-builditems.adoc.po, 2661, 2661, 29215, 29215, 0%
l10n/po/zh_CN/content/versions/3.2/guides/all-builditems.adoc.po, 2629, 2629, 28241, 28241, 0%
l10n/po/zh_CN/content/versions/2.13/guides/deploying-to-kubernetes.adoc.po, 2477, 2477, 25920, 25920, 0%
l10n/po/zh_CN/content/versions/2.16/guides/all-builditems.adoc.po, 2320, 2320, 24829, 24829, 0%
l10n/po/zh_CN/content/versions/2.13/guides/all-builditems.adoc.po, 2243, 2243, 23972, 23972, 0%
l10n/po/zh_CN/content/versions/2.16/guides/security-openid-connect-web-authentication.adoc.po, 1233, 1233, 22336, 22336, 0%
l10n/po/zh_CN/content/versions/3.15/guides/security-oidc-configuration-properties-reference.adoc.po, 1255, 1255, 22294, 22294, 0%
l10n/po/zh_CN/content/versions/2.13/guides/security-openid-connect-web-authentication.adoc.po, 1202, 1202, 21761, 21761, 0%
l10n/po/zh_CN/content/versions/3.2/guides/hibernate-search-orm-elasticsearch.adoc.po, 1062, 1062, 21609, 21609, 0%
l10n/po/zh_CN/content/versions/2.13/guides/hibernate-search-orm-elasticsearch.adoc.po, 969, 969, 20474, 20474, 0%
l10n/po/zh_CN/content/versions/2.16/guides/hibernate-search-orm-elasticsearch.adoc.po, 969, 969, 20474, 20474, 0%
l10n/po/zh_CN/content/versions/2.16/guides/security-openid-connect.adoc.po, 1150, 1150, 19589, 19589, 0%
l10n/po/zh_CN/content/versions/3.8/guides/security-oidc-configuration-properties-reference.adoc.po, 1132, 1132, 19086, 19086, 0%
l10n/po/zh_CN/content/versions/2.13/guides/security-openid-connect.adoc.po, 1120, 1120, 19035, 19035, 0%
l10n/po/zh_CN/content/versions/main/guides/security-oidc-configuration-properties-reference.adoc.po, 1089, 1089, 18965, 18965, 0%
l10n/po/zh_CN/content/guides/security-oidc-configuration-properties-reference.adoc.po, 1083, 1083, 18834, 18834, 0%
l10n/po/zh_CN/content/versions/3.34/guides/security-oidc-configuration-properties-reference.adoc.po, 1061, 1061, 18261, 18261, 0%
l10n/po/zh_CN/content/versions/3.33/guides/security-oidc-configuration-properties-reference.adoc.po, 1053, 1053, 18181, 18181, 0%
l10n/po/zh_CN/content/versions/3.2/guides/security-oidc-configuration-properties-reference.adoc.po, 1027, 1027, 18031, 18031, 0%
l10n/po/zh_CN/content/versions/2.16/guides/security-openid-connect-multitenancy.adoc.po, 1061, 1061, 17595, 17595, 0%
l10n/po/zh_CN/content/versions/3.27/guides/security-oidc-configuration-properties-reference.adoc.po, 1014, 1014, 17523, 17523, 0%
l10n/po/zh_CN/content/versions/3.20/guides/security-oidc-configuration-properties-reference.adoc.po, 958, 958, 16926, 16926, 0%
l10n/po/zh_CN/content/versions/2.13/guides/security-openid-connect-multitenancy.adoc.po, 1020, 1020, 16780, 16780, 0%
l10n/po/zh_CN/content/guides/deploying-to-openshift.adoc.po, 1403, 1403, 16283, 16283, 0%
l10n/po/zh_CN/content/versions/main/guides/deploying-to-openshift.adoc.po, 1403, 1403, 16283, 16283, 0%
l10n/po/zh_CN/content/versions/main/guides/kafka.adoc.po, 964, 964, 16195, 16195, 0%
l10n/po/zh_CN/content/versions/3.34/guides/deploying-to-openshift.adoc.po, 1413, 1413, 16147, 16147, 0%
l10n/po/zh_CN/content/versions/3.33/guides/deploying-to-openshift.adoc.po, 1386, 1386, 16074, 16074, 0%
l10n/po/zh_CN/content/versions/3.20/guides/deploying-to-openshift.adoc.po, 1405, 1405, 16066, 16066, 0%
l10n/po/zh_CN/content/versions/3.27/guides/deploying-to-openshift.adoc.po, 1405, 1405, 16066, 16066, 0%
l10n/po/zh_CN/content/versions/main/guides/dev-services.adoc.po, 890, 890, 15846, 15846, 0%
l10n/po/zh_CN/content/guides/dev-services.adoc.po, 889, 889, 15841, 15841, 0%
l10n/po/zh_CN/content/guides/kafka.adoc.po, 934, 934, 15816, 15816, 0%
l10n/po/zh_CN/content/guides/hibernate-orm.adoc.po, 933, 933, 15491, 15491, 0%
l10n/po/zh_CN/content/versions/main/guides/hibernate-orm.adoc.po, 934, 934, 15403, 15403, 0%
l10n/po/zh_CN/content/versions/3.34/guides/kafka.adoc.po, 887, 887, 15276, 15276, 0%
l10n/po/zh_CN/content/versions/3.27/guides/kafka.adoc.po, 883, 883, 15213, 15213, 0%
l10n/po/zh_CN/content/versions/main/guides/logging.adoc.po, 1506, 1506, 15191, 15191, 0%
l10n/po/zh_CN/content/versions/3.20/guides/kafka.adoc.po, 879, 879, 15165, 15165, 0%
l10n/po/zh_CN/content/guides/logging.adoc.po, 1506, 1506, 15164, 15164, 0%
l10n/po/zh_CN/content/versions/3.15/guides/deploying-to-openshift.adoc.po, 1371, 1371, 15148, 15148, 0%
l10n/po/zh_CN/content/versions/3.33/guides/dev-services.adoc.po, 846, 846, 15040, 15040, 0%
l10n/po/zh_CN/content/versions/3.34/guides/dev-services.adoc.po, 846, 846, 15040, 15040, 0%
l10n/po/zh_CN/content/guides/hibernate-search-orm-elasticsearch.adoc.po, 906, 906, 14988, 14988, 0%
l10n/po/zh_CN/content/versions/3.33/guides/hibernate-search-orm-elasticsearch.adoc.po, 906, 906, 14988, 14988, 0%
l10n/po/zh_CN/content/versions/main/guides/hibernate-search-orm-elasticsearch.adoc.po, 906, 906, 14988, 14988, 0%
l10n/po/zh_CN/content/versions/3.34/guides/hibernate-search-orm-elasticsearch.adoc.po, 905, 905, 14972, 14972, 0%
l10n/po/zh_CN/content/versions/3.33/guides/kafka.adoc.po, 862, 862, 14799, 14799, 0%
l10n/po/zh_CN/content/guides/quarkus-maven-plugin.adoc.po, 1214, 1214, 14746, 14746, 0%
l10n/po/zh_CN/content/versions/main/guides/quarkus-maven-plugin.adoc.po, 1214, 1214, 14746, 14746, 0%
l10n/po/zh_CN/content/versions/3.27/guides/hibernate-search-orm-elasticsearch.adoc.po, 889, 889, 14699, 14699, 0%
l10n/po/zh_CN/content/versions/3.20/guides/hibernate-search-orm-elasticsearch.adoc.po, 888, 888, 14698, 14698, 0%
l10n/po/zh_CN/content/versions/3.34/guides/hibernate-orm.adoc.po, 895, 895, 14675, 14675, 0%
l10n/po/zh_CN/content/versions/3.33/guides/hibernate-orm.adoc.po, 893, 893, 14673, 14673, 0%
l10n/po/zh_CN/content/versions/3.33/guides/quarkus-maven-plugin.adoc.po, 1202, 1202, 14586, 14586, 0%
l10n/po/zh_CN/content/versions/3.34/guides/quarkus-maven-plugin.adoc.po, 1202, 1202, 14586, 14586, 0%
l10n/po/zh_CN/_data/wg.yaml.po, 258, 258, 14398, 14398, 0%
l10n/po/zh_CN/content/versions/main/guides/tls-registry-reference.adoc.po, 865, 865, 14283, 14283, 0%
l10n/po/zh_CN/content/versions/3.15/guides/hibernate-search-orm-elasticsearch.adoc.po, 888, 888, 14281, 14281, 0%
l10n/po/zh_CN/content/guides/tls-registry-reference.adoc.po, 865, 865, 14280, 14280, 0%
l10n/po/zh_CN/content/versions/3.8/guides/deploying-to-openshift.adoc.po, 1337, 1337, 14020, 14020, 0%
l10n/po/zh_CN/content/versions/3.27/guides/dev-services.adoc.po, 771, 771, 13941, 13941, 0%
l10n/po/zh_CN/content/versions/3.15/guides/kafka.adoc.po, 792, 792, 13930, 13930, 0%
l10n/po/zh_CN/content/versions/3.2/guides/deploying-to-openshift.adoc.po, 1322, 1322, 13810, 13810, 0%
l10n/po/zh_CN/content/versions/main/guides/qute-reference.adoc.po, 858, 858, 13805, 13805, 0%
l10n/po/zh_CN/content/versions/3.20/guides/dev-services.adoc.po, 752, 752, 13760, 13760, 0%
l10n/po/zh_CN/content/versions/3.8/guides/kafka.adoc.po, 784, 784, 13729, 13729, 0%
l10n/po/zh_CN/content/guides/qute-reference.adoc.po, 853, 853, 13659, 13659, 0%
l10n/po/zh_CN/content/versions/3.8/guides/hibernate-search-orm-elasticsearch.adoc.po, 851, 851, 13609, 13609, 0%
l10n/po/zh_CN/content/versions/3.33/guides/qute-reference.adoc.po, 840, 840, 13330, 13330, 0%
l10n/po/zh_CN/content/versions/3.34/guides/qute-reference.adoc.po, 840, 840, 13330, 13330, 0%
l10n/po/zh_CN/content/versions/3.27/guides/hibernate-orm.adoc.po, 801, 801, 13212, 13212, 0%
l10n/po/zh_CN/content/versions/3.27/guides/quarkus-maven-plugin.adoc.po, 1083, 1083, 13162, 13162, 0%
l10n/po/zh_CN/content/versions/3.27/guides/qute-reference.adoc.po, 825, 825, 13011, 13011, 0%
l10n/po/zh_CN/content/versions/main/guides/security-oidc-expanded-configuration.adoc.po, 775, 775, 12790, 12790, 0%
l10n/po/zh_CN/content/versions/3.2/guides/kafka.adoc.po, 728, 728, 12784, 12784, 0%
l10n/po/zh_CN/content/versions/2.16/guides/kafka.adoc.po, 728, 728, 12740, 12740, 0%
l10n/po/zh_CN/content/versions/main/guides/native-reference.adoc.po, 518, 518, 12642, 12642, 0%
l10n/po/zh_CN/content/versions/main/guides/rest-client.adoc.po, 767, 767, 12636, 12636, 0%
l10n/po/zh_CN/content/versions/3.15/guides/dev-services.adoc.po, 696, 696, 12569, 12569, 0%
l10n/po/zh_CN/content/versions/3.20/guides/qute-reference.adoc.po, 810, 810, 12528, 12528, 0%
l10n/po/zh_CN/content/guides/rest-client.adoc.po, 765, 765, 12484, 12484, 0%
l10n/po/zh_CN/content/guides/security-oidc-expanded-configuration.adoc.po, 757, 757, 12457, 12457, 0%
l10n/po/zh_CN/content/versions/main/guides/datasource.adoc.po, 1052, 1052, 12364, 12364, 0%
l10n/po/zh_CN/content/versions/3.34/guides/security-oidc-expanded-configuration.adoc.po, 751, 751, 12315, 12315, 0%
l10n/po/zh_CN/content/versions/3.33/guides/security-oidc-expanded-configuration.adoc.po, 747, 747, 12295, 12295, 0%
l10n/po/zh_CN/content/versions/main/guides/management-interface-reference.adoc.po, 795, 795, 12195, 12195, 0%
l10n/po/zh_CN/content/versions/3.8/guides/hibernate-orm.adoc.po, 721, 721, 12105, 12105, 0%
l10n/po/zh_CN/content/versions/3.34/guides/rest-client.adoc.po, 740, 740, 12094, 12094, 0%
l10n/po/zh_CN/content/versions/3.33/guides/rest-client.adoc.po, 737, 737, 12070, 12070, 0%
l10n/po/zh_CN/content/versions/3.27/guides/security-oidc-expanded-configuration.adoc.po, 728, 728, 11947, 11947, 0%
l10n/po/zh_CN/content/guides/writing-extensions.adoc.po, 598, 598, 11880, 11880, 0%
l10n/po/zh_CN/content/versions/main/guides/writing-extensions.adoc.po, 598, 598, 11880, 11880, 0%
l10n/po/zh_CN/content/versions/3.33/guides/writing-extensions.adoc.po, 591, 591, 11811, 11811, 0%
l10n/po/zh_CN/content/versions/3.34/guides/writing-extensions.adoc.po, 591, 591, 11811, 11811, 0%
l10n/po/zh_CN/content/versions/3.20/guides/quarkus-maven-plugin.adoc.po, 1047, 1047, 11802, 11802, 0%
l10n/po/zh_CN/content/versions/3.20/guides/writing-extensions.adoc.po, 585, 585, 11766, 11766, 0%
l10n/po/zh_CN/content/versions/3.27/guides/writing-extensions.adoc.po, 585, 585, 11731, 11731, 0%
l10n/po/zh_CN/content/versions/2.13/guides/kafka.adoc.po, 689, 689, 11724, 11724, 0%
l10n/po/zh_CN/content/versions/3.15/guides/qute-reference.adoc.po, 757, 757, 11718, 11718, 0%
l10n/po/zh_CN/content/versions/3.2/guides/hibernate-orm.adoc.po, 701, 701, 11693, 11693, 0%
l10n/po/zh_CN/content/versions/3.8/guides/dev-services.adoc.po, 635, 635, 11413, 11413, 0%
l10n/po/zh_CN/content/versions/2.13/guides/writing-extensions.adoc.po, 544, 544, 11399, 11399, 0%
l10n/po/zh_CN/content/versions/3.20/guides/hibernate-orm.adoc.po, 678, 678, 11366, 11366, 0%
l10n/po/zh_CN/content/versions/3.8/guides/writing-extensions.adoc.po, 544, 544, 11306, 11306, 0%
l10n/po/zh_CN/content/versions/3.27/guides/redis-reference.adoc.po, 873, 873, 11279, 11279, 0%
l10n/po/zh_CN/content/guides/datasource.adoc.po, 971, 971, 11271, 11271, 0%
l10n/po/zh_CN/content/versions/3.15/guides/writing-extensions.adoc.po, 544, 544, 11256, 11256, 0%
l10n/po/zh_CN/content/versions/2.16/guides/writing-extensions.adoc.po, 541, 541, 11255, 11255, 0%
l10n/po/zh_CN/content/versions/3.8/guides/qute-reference.adoc.po, 738, 738, 11245, 11245, 0%
l10n/po/zh_CN/content/versions/3.2/guides/writing-extensions.adoc.po, 540, 540, 11222, 11222, 0%
l10n/po/zh_CN/content/versions/3.2/guides/dev-services.adoc.po, 612, 612, 11158, 11158, 0%
l10n/po/zh_CN/content/guides/management-interface-reference.adoc.po, 686, 686, 11117, 11117, 0%
l10n/po/zh_CN/content/versions/3.15/guides/hibernate-orm.adoc.po, 667, 667, 10977, 10977, 0%
l10n/po/zh_CN/content/versions/3.33/guides/tls-registry-reference.adoc.po, 663, 663, 10851, 10851, 0%
l10n/po/zh_CN/content/versions/3.34/guides/tls-registry-reference.adoc.po, 663, 663, 10851, 10851, 0%
l10n/po/zh_CN/content/versions/3.27/guides/rest-client.adoc.po, 690, 690, 10838, 10838, 0%
l10n/po/zh_CN/content/versions/3.27/guides/tls-registry-reference.adoc.po, 649, 649, 10787, 10787, 0%
l10n/po/zh_CN/content/versions/3.20/guides/tls-registry-reference.adoc.po, 649, 649, 10759, 10759, 0%
l10n/po/zh_CN/content/versions/3.15/guides/quarkus-maven-plugin.adoc.po, 1013, 1013, 10681, 10681, 0%
l10n/po/zh_CN/content/versions/3.33/guides/datasource.adoc.po, 936, 936, 10593, 10593, 0%
l10n/po/zh_CN/content/versions/3.34/guides/datasource.adoc.po, 936, 936, 10593, 10593, 0%
l10n/po/zh_CN/content/versions/3.2/guides/qute-reference.adoc.po, 697, 697, 10564, 10564, 0%
l10n/po/zh_CN/content/guides/native-reference.adoc.po, 381, 381, 10531, 10531, 0%
l10n/po/zh_CN/content/versions/main/guides/security-oidc-code-flow-authentication.adoc.po, 478, 478, 10483, 10483, 0%
l10n/po/zh_CN/content/versions/3.33/guides/native-reference.adoc.po, 376, 376, 10428, 10428, 0%
l10n/po/zh_CN/content/versions/3.34/guides/native-reference.adoc.po, 376, 376, 10428, 10428, 0%
l10n/po/zh_CN/content/versions/3.27/guides/datasource.adoc.po, 922, 922, 10426, 10426, 0%
l10n/po/zh_CN/content/versions/3.20/guides/native-reference.adoc.po, 376, 376, 10420, 10420, 0%
l10n/po/zh_CN/content/versions/3.27/guides/native-reference.adoc.po, 376, 376, 10420, 10420, 0%
l10n/po/zh_CN/content/versions/3.20/guides/redis-reference.adoc.po, 855, 855, 10415, 10415, 0%
l10n/po/zh_CN/content/guides/security-oidc-code-flow-authentication.adoc.po, 471, 471, 10333, 10333, 0%
l10n/po/zh_CN/content/versions/3.20/guides/datasource.adoc.po, 917, 917, 10328, 10328, 0%
l10n/po/zh_CN/content/versions/3.15/guides/native-reference.adoc.po, 367, 367, 10320, 10320, 0%
l10n/po/zh_CN/content/versions/2.16/guides/deploying-to-openshift.adoc.po, 1001, 1001, 10319, 10319, 0%
l10n/po/zh_CN/content/versions/3.2/guides/datasource.adoc.po, 1017, 1017, 10304, 10304, 0%
l10n/po/zh_CN/content/versions/3.8/guides/datasource.adoc.po, 1001, 1001, 10248, 10248, 0%
l10n/po/zh_CN/content/versions/3.20/guides/rest-client.adoc.po, 650, 650, 10164, 10164, 0%
l10n/po/zh_CN/content/versions/3.15/guides/datasource.adoc.po, 959, 959, 10150, 10150, 0%
l10n/po/zh_CN/content/versions/2.16/guides/qute-reference.adoc.po, 648, 648, 10064, 10064, 0%
l10n/po/zh_CN/content/versions/2.16/guides/dev-services.adoc.po, 497, 497, 10005, 10005, 0%
l10n/po/zh_CN/content/guides/hibernate-reactive.adoc.po, 635, 635, 9872, 9872, 0%
l10n/po/zh_CN/content/versions/3.33/guides/security-oidc-code-flow-authentication.adoc.po, 455, 455, 9825, 9825, 0%
l10n/po/zh_CN/content/versions/3.34/guides/security-oidc-code-flow-authentication.adoc.po, 455, 455, 9825, 9825, 0%
l10n/po/zh_CN/content/versions/main/guides/hibernate-reactive.adoc.po, 629, 629, 9813, 9813, 0%
l10n/po/zh_CN/content/versions/3.8/guides/quarkus-maven-plugin.adoc.po, 1117, 1117, 9807, 9807, 0%
l10n/po/zh_CN/content/versions/3.15/guides/security-openid-connect-client-reference.adoc.po, 680, 680, 9626, 9626, 0%
l10n/po/zh_CN/content/versions/3.27/guides/security-oidc-code-flow-authentication.adoc.po, 408, 408, 9602, 9602, 0%
l10n/po/zh_CN/content/versions/3.2/guides/quarkus-maven-plugin.adoc.po, 1106, 1106, 9562, 9562, 0%
l10n/po/zh_CN/content/versions/3.15/guides/tls-registry-reference.adoc.po, 597, 597, 9520, 9520, 0%
l10n/po/zh_CN/content/versions/3.20/guides/security-oidc-code-flow-authentication.adoc.po, 403, 403, 9512, 9512, 0%
l10n/po/zh_CN/content/versions/2.16/guides/hibernate-orm.adoc.po, 600, 600, 9479, 9479, 0%
l10n/po/zh_CN/content/versions/2.13/guides/qute-reference.adoc.po, 622, 622, 9472, 9472, 0%
l10n/po/zh_CN/content/guides/hibernate-search-standalone-elasticsearch.adoc.po, 571, 571, 9446, 9446, 0%
l10n/po/zh_CN/content/versions/3.33/guides/hibernate-search-standalone-elasticsearch.adoc.po, 571, 571, 9446, 9446, 0%
l10n/po/zh_CN/content/versions/main/guides/hibernate-search-standalone-elasticsearch.adoc.po, 571, 571, 9446, 9446, 0%
l10n/po/zh_CN/content/versions/3.27/guides/hibernate-search-standalone-elasticsearch.adoc.po, 570, 570, 9430, 9430, 0%
l10n/po/zh_CN/content/versions/3.34/guides/hibernate-search-standalone-elasticsearch.adoc.po, 570, 570, 9430, 9430, 0%
l10n/po/zh_CN/content/versions/3.20/guides/hibernate-search-standalone-elasticsearch.adoc.po, 569, 569, 9429, 9429, 0%
l10n/po/zh_CN/content/guides/opentelemetry.adoc.po, 704, 704, 9419, 9419, 0%
l10n/po/zh_CN/content/versions/2.13/guides/hibernate-orm.adoc.po, 593, 593, 9414, 9414, 0%
l10n/po/zh_CN/content/versions/main/guides/opentelemetry.adoc.po, 701, 701, 9382, 9382, 0%
l10n/po/zh_CN/content/versions/main/guides/security-openid-connect-client-reference.adoc.po, 614, 614, 9334, 9334, 0%
l10n/po/zh_CN/content/versions/3.15/guides/hibernate-search-standalone-elasticsearch.adoc.po, 570, 570, 9306, 9306, 0%
l10n/po/zh_CN/content/guides/security-openid-connect-client-reference.adoc.po, 609, 609, 9156, 9156, 0%
l10n/po/zh_CN/content/versions/3.8/guides/native-reference.adoc.po, 330, 330, 9144, 9144, 0%
l10n/po/zh_CN/content/guides/redis-reference.adoc.po, 708, 708, 9105, 9105, 0%
l10n/po/zh_CN/content/versions/3.33/guides/redis-reference.adoc.po, 708, 708, 9105, 9105, 0%
l10n/po/zh_CN/content/versions/main/guides/redis-reference.adoc.po, 708, 708, 9105, 9105, 0%
l10n/po/zh_CN/content/versions/2.13/guides/deploying-to-openshift.adoc.po, 907, 907, 9092, 9092, 0%
l10n/po/zh_CN/content/versions/3.34/guides/redis-reference.adoc.po, 707, 707, 9091, 9091, 0%
l10n/po/zh_CN/content/versions/2.13/guides/dev-services.adoc.po, 454, 454, 9084, 9084, 0%
l10n/po/zh_CN/content/guides/infinispan-client-reference.adoc.po, 560, 560, 9083, 9083, 0%
l10n/po/zh_CN/content/versions/3.33/guides/infinispan-client-reference.adoc.po, 560, 560, 9083, 9083, 0%
l10n/po/zh_CN/content/versions/3.34/guides/infinispan-client-reference.adoc.po, 560, 560, 9083, 9083, 0%
l10n/po/zh_CN/content/versions/main/guides/infinispan-client-reference.adoc.po, 560, 560, 9083, 9083, 0%
l10n/po/zh_CN/content/versions/3.2/guides/native-reference.adoc.po, 325, 325, 9075, 9075, 0%
l10n/po/zh_CN/content/posts/2020-05-08-insights-1.adoc.po, 265, 265, 9071, 9071, 0%
l10n/po/zh_CN/content/versions/3.33/guides/management-interface-reference.adoc.po, 567, 567, 9031, 9031, 0%
l10n/po/zh_CN/content/versions/3.34/guides/management-interface-reference.adoc.po, 567, 567, 9031, 9031, 0%
l10n/po/zh_CN/content/versions/3.27/guides/management-interface-reference.adoc.po, 567, 567, 9021, 9021, 0%
l10n/po/zh_CN/content/versions/3.15/guides/redis-reference.adoc.po, 807, 807, 8970, 8970, 0%
l10n/po/zh_CN/content/versions/main/guides/openapi-swaggerui.adoc.po, 657, 657, 8962, 8962, 0%
l10n/po/zh_CN/content/guides/openapi-swaggerui.adoc.po, 664, 664, 8920, 8920, 0%
l10n/po/zh_CN/content/guides/building-native-image.adoc.po, 511, 511, 8879, 8879, 0%
l10n/po/zh_CN/content/versions/3.33/guides/opentelemetry.adoc.po, 650, 650, 8862, 8862, 0%
l10n/po/zh_CN/content/versions/3.34/guides/opentelemetry.adoc.po, 650, 650, 8862, 8862, 0%
l10n/po/zh_CN/content/versions/main/guides/rest.adoc.po, 576, 576, 8860, 8860, 0%
l10n/po/zh_CN/content/guides/rest.adoc.po, 575, 575, 8831, 8831, 0%
l10n/po/zh_CN/content/versions/3.33/guides/logging.adoc.po, 941, 941, 8824, 8824, 0%
l10n/po/zh_CN/content/versions/3.34/guides/logging.adoc.po, 941, 941, 8824, 8824, 0%
l10n/po/zh_CN/content/versions/3.33/guides/openapi-swaggerui.adoc.po, 660, 660, 8823, 8823, 0%
l10n/po/zh_CN/content/versions/3.34/guides/openapi-swaggerui.adoc.po, 660, 660, 8823, 8823, 0%
l10n/po/zh_CN/content/versions/2.16/guides/datasource.adoc.po, 889, 889, 8820, 8820, 0%
l10n/po/zh_CN/content/versions/3.20/guides/management-interface-reference.adoc.po, 553, 553, 8812, 8812, 0%
l10n/po/zh_CN/content/versions/3.27/guides/opentelemetry.adoc.po, 645, 645, 8796, 8796, 0%
l10n/po/zh_CN/content/versions/3.33/guides/building-native-image.adoc.po, 506, 506, 8778, 8778, 0%
l10n/po/zh_CN/content/versions/3.15/guides/security-oidc-code-flow-authentication.adoc.po, 364, 364, 8774, 8774, 0%
l10n/po/zh_CN/content/versions/3.34/guides/hibernate-reactive.adoc.po, 579, 579, 8763, 8763, 0%
l10n/po/zh_CN/content/versions/3.33/guides/hibernate-reactive.adoc.po, 577, 577, 8761, 8761, 0%
l10n/po/zh_CN/content/versions/3.34/guides/building-native-image.adoc.po, 505, 505, 8759, 8759, 0%
l10n/po/zh_CN/content/versions/main/guides/maven-tooling.adoc.po, 493, 493, 8754, 8754, 0%
l10n/po/zh_CN/content/guides/maven-tooling.adoc.po, 490, 490, 8742, 8742, 0%
l10n/po/zh_CN/content/versions/3.33/guides/rest.adoc.po, 569, 569, 8703, 8703, 0%
l10n/po/zh_CN/content/versions/3.34/guides/rest.adoc.po, 569, 569, 8703, 8703, 0%
l10n/po/zh_CN/content/versions/3.34/guides/security-openid-connect-client-reference.adoc.po, 589, 589, 8676, 8676, 0%
l10n/po/zh_CN/content/versions/3.27/guides/logging.adoc.po, 908, 908, 8664, 8664, 0%
l10n/po/zh_CN/content/versions/3.27/guides/infinispan-client-reference.adoc.po, 531, 531, 8637, 8637, 0%
l10n/po/zh_CN/content/versions/3.20/guides/logging.adoc.po, 903, 903, 8622, 8622, 0%
l10n/po/zh_CN/content/versions/3.33/guides/security-openid-connect-client-reference.adoc.po, 581, 581, 8595, 8595, 0%
l10n/po/zh_CN/content/versions/3.20/guides/infinispan-client-reference.adoc.po, 521, 521, 8569, 8569, 0%
l10n/po/zh_CN/content/versions/3.27/guides/security-openid-connect-client-reference.adoc.po, 556, 556, 8557, 8557, 0%
l10n/po/zh_CN/content/versions/2.13/guides/datasource.adoc.po, 865, 865, 8499, 8499, 0%
l10n/po/zh_CN/content/versions/3.27/guides/rest.adoc.po, 557, 557, 8465, 8465, 0%
l10n/po/zh_CN/content/versions/3.33/guides/maven-tooling.adoc.po, 473, 473, 8459, 8459, 0%
l10n/po/zh_CN/content/versions/3.34/guides/maven-tooling.adoc.po, 473, 473, 8459, 8459, 0%
l10n/po/zh_CN/content/versions/3.15/guides/infinispan-client-reference.adoc.po, 526, 526, 8418, 8418, 0%
l10n/po/zh_CN/content/versions/3.20/guides/opentelemetry.adoc.po, 620, 620, 8354, 8354, 0%
l10n/po/zh_CN/content/versions/3.27/guides/building-native-image.adoc.po, 465, 465, 8313, 8313, 0%
l10n/po/zh_CN/content/guides/container-image.adoc.po, 482, 482, 8298, 8298, 0%
l10n/po/zh_CN/content/versions/3.33/guides/container-image.adoc.po, 482, 482, 8298, 8298, 0%
l10n/po/zh_CN/content/versions/3.34/guides/container-image.adoc.po, 482, 482, 8298, 8298, 0%
l10n/po/zh_CN/content/versions/main/guides/container-image.adoc.po, 482, 482, 8262, 8262, 0%
l10n/po/zh_CN/content/versions/3.8/guides/redis-reference.adoc.po, 784, 784, 8208, 8208, 0%
l10n/po/zh_CN/content/versions/3.27/guides/maven-tooling.adoc.po, 445, 445, 8186, 8186, 0%
l10n/po/zh_CN/content/versions/3.20/guides/maven-tooling.adoc.po, 443, 443, 8184, 8184, 0%
l10n/po/zh_CN/content/versions/3.20/guides/security-openid-connect-client-reference.adoc.po, 539, 539, 8176, 8176, 0%
l10n/po/zh_CN/content/guides/cdi-reference.adoc.po, 405, 405, 8144, 8144, 0%
l10n/po/zh_CN/content/versions/main/guides/cdi-reference.adoc.po, 405, 405, 8144, 8144, 0%
l10n/po/zh_CN/content/versions/3.33/guides/cdi-reference.adoc.po, 400, 400, 8108, 8108, 0%
l10n/po/zh_CN/content/versions/3.34/guides/cdi-reference.adoc.po, 400, 400, 8108, 8108, 0%
l10n/po/zh_CN/content/versions/3.27/guides/container-image.adoc.po, 478, 478, 8103, 8103, 0%
l10n/po/zh_CN/content/versions/3.15/guides/management-interface-reference.adoc.po, 517, 517, 8069, 8069, 0%
l10n/po/zh_CN/content/versions/3.27/guides/cdi-reference.adoc.po, 398, 398, 8063, 8063, 0%
l10n/po/zh_CN/content/guides/security-authentication-mechanisms.adoc.po, 490, 490, 7989, 7989, 0%
l10n/po/zh_CN/content/versions/3.33/guides/security-authentication-mechanisms.adoc.po, 490, 490, 7989, 7989, 0%
l10n/po/zh_CN/content/versions/main/guides/security-authentication-mechanisms.adoc.po, 490, 490, 7989, 7989, 0%
l10n/po/zh_CN/content/guides/resteasy-client.adoc.po, 509, 509, 7948, 7948, 0%
l10n/po/zh_CN/content/versions/3.34/guides/security-authentication-mechanisms.adoc.po, 490, 490, 7947, 7947, 0%
l10n/po/zh_CN/content/versions/main/guides/resteasy-client.adoc.po, 504, 504, 7947, 7947, 0%
l10n/po/zh_CN/content/versions/3.20/guides/building-native-image.adoc.po, 444, 444, 7943, 7943, 0%
l10n/po/zh_CN/content/versions/main/guides/reactive-sql-clients.adoc.po, 670, 670, 7929, 7929, 0%
l10n/po/zh_CN/content/versions/3.8/guides/security-oidc-code-flow-authentication.adoc.po, 326, 326, 7883, 7883, 0%
l10n/po/zh_CN/content/versions/3.8/guides/hibernate-reactive.adoc.po, 507, 507, 7856, 7856, 0%
l10n/po/zh_CN/content/versions/3.15/guides/maven-tooling.adoc.po, 423, 423, 7842, 7842, 0%
l10n/po/zh_CN/content/guides/websockets-next-reference.adoc.po, 437, 437, 7764, 7764, 0%
l10n/po/zh_CN/content/versions/3.33/guides/websockets-next-reference.adoc.po, 437, 437, 7764, 7764, 0%
l10n/po/zh_CN/content/versions/3.34/guides/websockets-next-reference.adoc.po, 437, 437, 7764, 7764, 0%
l10n/po/zh_CN/content/versions/main/guides/websockets-next-reference.adoc.po, 437, 437, 7764, 7764, 0%
l10n/po/zh_CN/content/versions/3.27/guides/hibernate-reactive.adoc.po, 530, 530, 7761, 7761, 0%
l10n/po/zh_CN/content/versions/3.2/guides/hibernate-reactive.adoc.po, 503, 503, 7712, 7712, 0%
l10n/po/zh_CN/content/versions/3.34/guides/resteasy-client.adoc.po, 492, 492, 7710, 7710, 0%
l10n/po/zh_CN/content/versions/3.20/guides/cdi-reference.adoc.po, 383, 383, 7707, 7707, 0%
l10n/po/zh_CN/content/versions/3.33/guides/resteasy-client.adoc.po, 490, 490, 7700, 7700, 0%
l10n/po/zh_CN/content/versions/3.8/guides/maven-tooling.adoc.po, 411, 411, 7646, 7646, 0%
l10n/po/zh_CN/content/versions/3.27/guides/websockets-next-reference.adoc.po, 430, 430, 7623, 7623, 0%
l10n/po/zh_CN/content/versions/3.27/guides/mongodb.adoc.po, 484, 484, 7608, 7608, 0%
l10n/po/zh_CN/content/versions/3.2/guides/maven-tooling.adoc.po, 409, 409, 7596, 7596, 0%
l10n/po/zh_CN/content/guides/pulsar.adoc.po, 640, 640, 7589, 7589, 0%
l10n/po/zh_CN/content/versions/3.33/guides/pulsar.adoc.po, 640, 640, 7589, 7589, 0%
l10n/po/zh_CN/content/versions/3.34/guides/pulsar.adoc.po, 640, 640, 7589, 7589, 0%
l10n/po/zh_CN/content/versions/main/guides/pulsar.adoc.po, 640, 640, 7589, 7589, 0%
l10n/po/zh_CN/content/versions/3.27/guides/pulsar.adoc.po, 640, 640, 7588, 7588, 0%
l10n/po/zh_CN/content/versions/3.20/guides/pulsar.adoc.po, 639, 639, 7587, 7587, 0%
l10n/po/zh_CN/content/versions/3.15/guides/building-native-image.adoc.po, 407, 407, 7560, 7560, 0%
l10n/po/zh_CN/content/versions/3.8/guides/infinispan-client-reference.adoc.po, 469, 469, 7496, 7496, 0%
l10n/po/zh_CN/content/versions/3.15/guides/cdi-reference.adoc.po, 369, 369, 7336, 7336, 0%
l10n/po/zh_CN/content/versions/main/guides/telemetry-micrometer.adoc.po, 496, 496, 7328, 7328, 0%
l10n/po/zh_CN/content/versions/3.20/guides/mongodb.adoc.po, 466, 466, 7295, 7295, 0%
l10n/po/zh_CN/content/versions/3.20/guides/rest.adoc.po, 476, 476, 7274, 7274, 0%
l10n/po/zh_CN/content/versions/2.16/guides/maven-tooling.adoc.po, 380, 380, 7265, 7265, 0%
l10n/po/zh_CN/content/versions/3.15/guides/mongodb.adoc.po, 472, 472, 7230, 7230, 0%
l10n/po/zh_CN/content/versions/3.27/guides/openapi-swaggerui.adoc.po, 536, 536, 7194, 7194, 0%
l10n/po/zh_CN/content/versions/3.15/guides/rest.adoc.po, 473, 473, 7175, 7175, 0%
l10n/po/zh_CN/content/versions/2.13/guides/maven-tooling.adoc.po, 374, 374, 7160, 7160, 0%
l10n/po/zh_CN/content/versions/2.16/guides/quarkus-maven-plugin.adoc.po, 918, 918, 7133, 7133, 0%
l10n/po/zh_CN/content/versions/3.20/guides/openapi-swaggerui.adoc.po, 532, 532, 7121, 7121, 0%
l10n/po/zh_CN/content/versions/3.20/guides/websockets-next-reference.adoc.po, 406, 406, 7101, 7101, 0%
l10n/po/zh_CN/content/versions/main/guides/http-reference.adoc.po, 604, 604, 7078, 7078, 0%
l10n/po/zh_CN/content/versions/3.2/guides/reactive-sql-clients.adoc.po, 641, 641, 7007, 7007, 0%
l10n/po/zh_CN/content/versions/3.15/guides/logging.adoc.po, 772, 772, 6976, 6976, 0%
l10n/po/zh_CN/content/versions/3.8/guides/mongodb.adoc.po, 465, 465, 6938, 6938, 0%
l10n/po/zh_CN/content/versions/3.8/guides/management-interface-reference.adoc.po, 473, 473, 6928, 6928, 0%
l10n/po/zh_CN/content/versions/3.15/guides/pulsar.adoc.po, 604, 604, 6907, 6907, 0%
l10n/po/zh_CN/content/guides/mongodb.adoc.po, 463, 463, 6904, 6904, 0%
l10n/po/zh_CN/content/versions/main/guides/mongodb.adoc.po, 463, 463, 6904, 6904, 0%
l10n/po/zh_CN/content/versions/3.27/guides/resteasy-client.adoc.po, 467, 467, 6896, 6896, 0%
l10n/po/zh_CN/content/versions/3.8/guides/pulsar.adoc.po, 601, 601, 6871, 6871, 0%
l10n/po/zh_CN/content/versions/3.15/guides/reactive-sql-clients.adoc.po, 626, 626, 6850, 6850, 0%
l10n/po/zh_CN/content/versions/main/guides/building-native-image.adoc.po, 419, 419, 6845, 6845, 0%
l10n/po/zh_CN/content/versions/3.2/guides/mongodb.adoc.po, 457, 457, 6825, 6825, 0%
l10n/po/zh_CN/content/versions/3.2/guides/building-native-image.adoc.po, 387, 387, 6801, 6801, 0%
l10n/po/zh_CN/content/versions/3.8/guides/building-native-image.adoc.po, 385, 385, 6784, 6784, 0%
l10n/po/zh_CN/content/versions/3.27/guides/security-authentication-mechanisms.adoc.po, 423, 423, 6782, 6782, 0%
l10n/po/zh_CN/content/versions/2.16/guides/native-reference.adoc.po, 246, 246, 6780, 6780, 0%
l10n/po/zh_CN/content/versions/3.2/guides/security-oidc-code-flow-authentication.adoc.po, 266, 266, 6688, 6688, 0%
l10n/po/zh_CN/_data/versioned/latest/index/categories.yaml.po, 1765, 1765, 6683, 6683, 0%
l10n/po/zh_CN/content/versions/3.2/guides/management-interface-reference.adoc.po, 458, 458, 6683, 6683, 0%
l10n/po/zh_CN/_data/versioned/main/index/categories.yaml.po, 1734, 1789, 6676, 6731, 1%
l10n/po/zh_CN/content/versions/3.15/guides/opentelemetry.adoc.po, 524, 524, 6665, 6665, 0%
l10n/po/zh_CN/content/versions/3.8/guides/logging.adoc.po, 768, 768, 6639, 6639, 0%
l10n/po/zh_CN/content/versions/3.2/guides/infinispan-client-reference.adoc.po, 418, 418, 6634, 6634, 0%
l10n/po/zh_CN/content/versions/3.33/guides/mongodb.adoc.po, 443, 443, 6632, 6632, 0%
l10n/po/zh_CN/content/versions/3.34/guides/mongodb.adoc.po, 443, 443, 6632, 6632, 0%
l10n/po/zh_CN/content/guides/telemetry-micrometer.adoc.po, 462, 462, 6629, 6629, 0%
l10n/po/zh_CN/content/versions/3.33/guides/telemetry-micrometer.adoc.po, 462, 462, 6629, 6629, 0%
l10n/po/zh_CN/content/versions/3.20/guides/container-image.adoc.po, 394, 394, 6597, 6597, 0%
l10n/po/zh_CN/content/versions/3.15/guides/openapi-swaggerui.adoc.po, 511, 511, 6585, 6585, 0%
l10n/po/zh_CN/content/versions/3.8/guides/resteasy-reactive.adoc.po, 454, 454, 6578, 6578, 0%
l10n/po/zh_CN/content/guides/reactive-sql-clients.adoc.po, 574, 574, 6555, 6555, 0%
l10n/po/zh_CN/content/versions/3.20/guides/hibernate-reactive.adoc.po, 435, 435, 6549, 6549, 0%
l10n/po/zh_CN/content/guides/http-reference.adoc.po, 571, 571, 6543, 6543, 0%
l10n/po/zh_CN/content/versions/2.13/guides/mongodb.adoc.po, 417, 417, 6525, 6525, 0%
l10n/po/zh_CN/content/versions/2.16/guides/mongodb.adoc.po, 417, 417, 6525, 6525, 0%
l10n/po/zh_CN/content/versions/3.34/guides/reactive-sql-clients.adoc.po, 575, 575, 6501, 6501, 0%
l10n/po/zh_CN/content/versions/3.8/guides/reactive-sql-clients.adoc.po, 612, 612, 6500, 6500, 0%
l10n/po/zh_CN/content/versions/3.20/guides/security-authentication-mechanisms.adoc.po, 400, 400, 6499, 6499, 0%
l10n/po/zh_CN/content/versions/3.34/guides/telemetry-micrometer.adoc.po, 456, 456, 6468, 6468, 0%
l10n/po/zh_CN/content/versions/3.33/guides/reactive-sql-clients.adoc.po, 573, 573, 6451, 6451, 0%
l10n/po/zh_CN/content/versions/3.27/guides/reactive-sql-clients.adoc.po, 565, 565, 6401, 6401, 0%
l10n/po/zh_CN/content/versions/2.13/guides/quarkus-maven-plugin.adoc.po, 816, 816, 6326, 6326, 0%
l10n/po/zh_CN/content/versions/3.20/guides/reactive-sql-clients.adoc.po, 568, 568, 6324, 6324, 0%
l10n/po/zh_CN/content/versions/2.16/guides/building-native-image.adoc.po, 332, 332, 6322, 6322, 0%
l10n/po/zh_CN/content/versions/3.8/guides/cdi-reference.adoc.po, 323, 323, 6322, 6322, 0%
l10n/po/zh_CN/content/versions/3.20/guides/resteasy-client.adoc.po, 432, 432, 6307, 6307, 0%
l10n/po/zh_CN/content/versions/2.13/guides/building-native-image.adoc.po, 331, 331, 6302, 6302, 0%
l10n/po/zh_CN/content/versions/3.27/guides/telemetry-micrometer.adoc.po, 445, 445, 6301, 6301, 0%
l10n/po/zh_CN/content/versions/3.15/guides/hibernate-reactive.adoc.po, 431, 431, 6281, 6281, 0%
l10n/po/zh_CN/content/versions/3.2/guides/logging.adoc.po, 744, 744, 6274, 6274, 0%
l10n/po/zh_CN/content/guides/dev-ui.adoc.po, 517, 517, 6207, 6207, 0%
l10n/po/zh_CN/content/versions/main/guides/dev-ui.adoc.po, 517, 517, 6207, 6207, 0%
l10n/po/zh_CN/content/versions/3.8/guides/openapi-swaggerui.adoc.po, 497, 497, 6185, 6185, 0%
l10n/po/zh_CN/content/versions/3.8/guides/container-image.adoc.po, 388, 388, 6161, 6161, 0%
l10n/po/zh_CN/content/versions/3.2/guides/resteasy-reactive.adoc.po, 430, 430, 6157, 6157, 0%
l10n/po/zh_CN/content/versions/3.2/guides/openapi-swaggerui.adoc.po, 494, 494, 6150, 6150, 0%
l10n/po/zh_CN/content/versions/3.2/guides/cdi-reference.adoc.po, 318, 318, 6123, 6123, 0%
l10n/po/zh_CN/content/versions/3.15/guides/container-image.adoc.po, 382, 382, 6052, 6052, 0%
l10n/po/zh_CN/content/guides/vertx-reference.adoc.po, 547, 547, 5951, 5951, 0%
l10n/po/zh_CN/content/versions/3.33/guides/vertx-reference.adoc.po, 547, 547, 5951, 5951, 0%
l10n/po/zh_CN/content/versions/3.34/guides/vertx-reference.adoc.po, 547, 547, 5951, 5951, 0%
l10n/po/zh_CN/content/guides/security-openid-connect-dev-services.adoc.po, 279, 279, 5949, 5949, 0%
l10n/po/zh_CN/content/versions/main/guides/security-openid-connect-dev-services.adoc.po, 279, 279, 5949, 5949, 0%
l10n/po/zh_CN/content/versions/2.13/guides/native-reference.adoc.po, 212, 212, 5917, 5917, 0%
l10n/po/zh_CN/content/versions/3.20/guides/vertx-reference.adoc.po, 541, 541, 5909, 5909, 0%
l10n/po/zh_CN/content/versions/3.27/guides/vertx-reference.adoc.po, 541, 541, 5907, 5907, 0%
l10n/po/zh_CN/content/versions/2.13/guides/openapi-swaggerui.adoc.po, 472, 472, 5855, 5855, 0%
l10n/po/zh_CN/content/versions/2.16/guides/openapi-swaggerui.adoc.po, 472, 472, 5855, 5855, 0%
l10n/po/zh_CN/content/versions/3.2/guides/container-image.adoc.po, 376, 376, 5833, 5833, 0%
l10n/po/zh_CN/content/versions/3.33/guides/dev-ui.adoc.po, 486, 486, 5818, 5818, 0%
l10n/po/zh_CN/content/versions/3.34/guides/dev-ui.adoc.po, 486, 486, 5818, 5818, 0%
l10n/po/zh_CN/content/versions/2.16/guides/hibernate-reactive.adoc.po, 422, 422, 5810, 5810, 0%
l10n/po/zh_CN/content/versions/2.13/guides/cdi-reference.adoc.po, 311, 311, 5800, 5800, 0%
l10n/po/zh_CN/content/versions/2.16/guides/cdi-reference.adoc.po, 305, 305, 5782, 5782, 0%
l10n/po/zh_CN/content/versions/2.13/guides/hibernate-reactive.adoc.po, 412, 412, 5733, 5733, 0%
l10n/po/zh_CN/content/versions/2.16/guides/resteasy-reactive.adoc.po, 413, 413, 5725, 5725, 0%
l10n/po/zh_CN/content/versions/3.15/guides/vertx-reference.adoc.po, 526, 526, 5657, 5657, 0%
l10n/po/zh_CN/content/versions/3.33/guides/http-reference.adoc.po, 514, 514, 5637, 5637, 0%
l10n/po/zh_CN/content/versions/3.34/guides/http-reference.adoc.po, 514, 514, 5637, 5637, 0%
l10n/po/zh_CN/content/versions/3.27/guides/http-reference.adoc.po, 500, 500, 5631, 5631, 0%
l10n/po/zh_CN/content/versions/3.33/guides/security-openid-connect-dev-services.adoc.po, 250, 250, 5572, 5572, 0%
l10n/po/zh_CN/content/versions/3.34/guides/security-openid-connect-dev-services.adoc.po, 250, 250, 5572, 5572, 0%
l10n/po/zh_CN/content/versions/3.20/guides/telemetry-micrometer.adoc.po, 382, 382, 5565, 5565, 0%
l10n/po/zh_CN/content/versions/2.16/guides/reactive-sql-clients.adoc.po, 566, 566, 5557, 5557, 0%
l10n/po/zh_CN/_data/versioned/3-34/index/quarkus.yaml.po, 954, 1581, 5527, 6177, 11%
l10n/po/zh_CN/_data/versioned/3-33/index/quarkus.yaml.po, 954, 1581, 5526, 6176, 11%
l10n/po/zh_CN/content/versions/3.15/guides/security-authentication-mechanisms.adoc.po, 354, 354, 5476, 5476, 0%
l10n/po/zh_CN/content/versions/3.2/guides/http-reference.adoc.po, 494, 494, 5427, 5427, 0%
l10n/po/zh_CN/content/versions/2.13/guides/resteasy-reactive.adoc.po, 399, 399, 5425, 5425, 0%
l10n/po/zh_CN/content/versions/3.15/guides/mailer-reference.adoc.po, 415, 415, 5377, 5377, 0%
l10n/po/zh_CN/content/versions/3.27/guides/dev-ui.adoc.po, 427, 427, 5357, 5357, 0%
l10n/po/zh_CN/content/guides/security-webauthn.adoc.po, 305, 305, 5349, 5349, 0%
l10n/po/zh_CN/content/versions/3.33/guides/security-webauthn.adoc.po, 305, 305, 5349, 5349, 0%
l10n/po/zh_CN/content/versions/3.34/guides/security-webauthn.adoc.po, 305, 305, 5349, 5349, 0%
l10n/po/zh_CN/content/versions/main/guides/security-webauthn.adoc.po, 305, 305, 5349, 5349, 0%
l10n/po/zh_CN/content/versions/main/guides/getting-started-testing.adoc.po, 264, 264, 5332, 5332, 0%
l10n/po/zh_CN/content/versions/3.27/guides/security-webauthn.adoc.po, 300, 300, 5325, 5325, 0%
l10n/po/zh_CN/content/versions/3.20/guides/security-webauthn.adoc.po, 300, 300, 5321, 5321, 0%
l10n/po/zh_CN/content/versions/2.16/guides/logging.adoc.po, 636, 636, 5317, 5317, 0%
l10n/po/zh_CN/content/versions/3.27/guides/security-openid-connect-dev-services.adoc.po, 239, 239, 5304, 5304, 0%
l10n/po/zh_CN/content/guides/getting-started-testing.adoc.po, 263, 263, 5302, 5302, 0%
l10n/po/zh_CN/content/versions/3.8/guides/http-reference.adoc.po, 507, 507, 5300, 5300, 0%
l10n/po/zh_CN/content/versions/2.13/guides/logging.adoc.po, 628, 628, 5282, 5282, 0%
l10n/po/zh_CN/content/versions/2.13/guides/reactive-sql-clients.adoc.po, 543, 543, 5277, 5277, 0%
l10n/po/zh_CN/content/versions/3.20/guides/security-openid-connect-dev-services.adoc.po, 238, 238, 5277, 5277, 0%
l10n/po/zh_CN/content/versions/3.20/guides/http-reference.adoc.po, 477, 477, 5239, 5239, 0%
l10n/po/zh_CN/content/guides/security-oidc-auth0-tutorial.adoc.po, 205, 205, 5225, 5225, 0%
l10n/po/zh_CN/content/versions/3.33/guides/security-oidc-auth0-tutorial.adoc.po, 205, 205, 5225, 5225, 0%
l10n/po/zh_CN/content/versions/3.34/guides/security-oidc-auth0-tutorial.adoc.po, 205, 205, 5225, 5225, 0%
l10n/po/zh_CN/content/versions/main/guides/security-oidc-auth0-tutorial.adoc.po, 205, 205, 5225, 5225, 0%
l10n/po/zh_CN/content/versions/3.15/guides/security-oidc-auth0-tutorial.adoc.po, 205, 205, 5224, 5224, 0%
l10n/po/zh_CN/content/versions/3.20/guides/security-oidc-auth0-tutorial.adoc.po, 205, 205, 5224, 5224, 0%
l10n/po/zh_CN/content/versions/3.27/guides/security-oidc-auth0-tutorial.adoc.po, 205, 205, 5224, 5224, 0%
l10n/po/zh_CN/content/versions/3.8/guides/security-oidc-auth0-tutorial.adoc.po, 205, 205, 5223, 5223, 0%
l10n/po/zh_CN/content/versions/main/guides/mailer-reference.adoc.po, 407, 407, 5185, 5185, 0%
l10n/po/zh_CN/content/versions/2.16/guides/container-image.adoc.po, 307, 307, 5177, 5177, 0%
l10n/po/zh_CN/content/posts/2024-08-06-quarkus-and-leyden.adoc.po, 119, 119, 5170, 5170, 0%
l10n/po/zh_CN/content/versions/3.15/guides/telemetry-micrometer.adoc.po, 359, 359, 5142, 5142, 0%
l10n/po/zh_CN/content/versions/2.13/guides/container-image.adoc.po, 306, 306, 5134, 5134, 0%
l10n/po/zh_CN/content/versions/3.15/guides/rest-client.adoc.po, 299, 299, 5117, 5117, 0%
l10n/po/zh_CN/content/versions/main/guides/vertx-reference.adoc.po, 392, 392, 5104, 5104, 0%
l10n/po/zh_CN/content/versions/3.15/guides/http-reference.adoc.po, 474, 474, 5079, 5079, 0%
l10n/po/zh_CN/content/versions/3.8/guides/telemetry-micrometer.adoc.po, 359, 359, 5079, 5079, 0%
l10n/po/zh_CN/content/guides/security-oidc-bearer-token-authentication.adoc.po, 243, 243, 5061, 5061, 0%
l10n/po/zh_CN/content/versions/main/guides/security-oidc-bearer-token-authentication.adoc.po, 243, 243, 5061, 5061, 0%
l10n/po/zh_CN/content/versions/3.34/guides/getting-started-testing.adoc.po, 246, 246, 5052, 5052, 0%
l10n/po/zh_CN/content/versions/3.15/guides/websockets-next-reference.adoc.po, 312, 312, 5051, 5051, 0%
l10n/po/zh_CN/content/versions/3.33/guides/security-oidc-bearer-token-authentication.adoc.po, 242, 242, 5038, 5038, 0%
l10n/po/zh_CN/content/versions/3.34/guides/security-oidc-bearer-token-authentication.adoc.po, 242, 242, 5038, 5038, 0%
l10n/po/zh_CN/content/guides/smallrye-graphql.adoc.po, 385, 385, 4982, 4982, 0%
l10n/po/zh_CN/content/versions/3.33/guides/getting-started-testing.adoc.po, 245, 245, 4982, 4982, 0%
l10n/po/zh_CN/content/versions/3.8/guides/mailer-reference.adoc.po, 414, 414, 4976, 4976, 0%
l10n/po/zh_CN/content/versions/main/guides/security-jwt.adoc.po, 378, 378, 4948, 4948, 0%
l10n/po/zh_CN/content/versions/3.27/guides/security-oidc-bearer-token-authentication.adoc.po, 240, 240, 4945, 4945, 0%
l10n/po/zh_CN/content/versions/main/guides/smallrye-graphql.adoc.po, 381, 381, 4931, 4931, 0%
l10n/po/zh_CN/content/versions/3.2/guides/mailer-reference.adoc.po, 411, 411, 4885, 4885, 0%
l10n/po/zh_CN/content/guides/mailer-reference.adoc.po, 384, 384, 4881, 4881, 0%
l10n/po/zh_CN/content/versions/3.33/guides/mailer-reference.adoc.po, 384, 384, 4881, 4881, 0%
l10n/po/zh_CN/content/versions/3.8/guides/getting-started-testing.adoc.po, 233, 233, 4868, 4868, 0%
l10n/po/zh_CN/content/guides/security-jwt.adoc.po, 373, 373, 4866, 4866, 0%
l10n/po/zh_CN/content/versions/3.33/guides/security-jwt.adoc.po, 373, 373, 4866, 4866, 0%
l10n/po/zh_CN/content/versions/3.34/guides/security-jwt.adoc.po, 373, 373, 4866, 4866, 0%
l10n/po/zh_CN/content/versions/3.8/guides/rest-client-reactive.adoc.po, 285, 285, 4855, 4855, 0%
l10n/po/zh_CN/content/versions/3.34/guides/mailer-reference.adoc.po, 382, 382, 4844, 4844, 0%
l10n/po/zh_CN/content/versions/3.27/guides/security-jwt.adoc.po, 366, 366, 4824, 4824, 0%
l10n/po/zh_CN/content/guides/config-reference.adoc.po, 286, 286, 4805, 4805, 0%
l10n/po/zh_CN/content/versions/main/guides/config-reference.adoc.po, 286, 286, 4805, 4805, 0%
l10n/po/zh_CN/content/versions/3.27/guides/getting-started-testing.adoc.po, 234, 234, 4766, 4766, 0%
l10n/po/zh_CN/content/versions/3.8/guides/vertx-reference.adoc.po, 480, 480, 4731, 4731, 0%
l10n/po/zh_CN/content/versions/3.20/guides/security-jwt.adoc.po, 356, 356, 4692, 4692, 0%
l10n/po/zh_CN/content/guides/aesh.adoc.po, 344, 344, 4682, 4682, 0%
l10n/po/zh_CN/content/versions/main/guides/aesh.adoc.po, 344, 344, 4682, 4682, 0%
l10n/po/zh_CN/content/versions/3.20/guides/security-oidc-bearer-token-authentication.adoc.po, 229, 229, 4655, 4655, 0%
l10n/po/zh_CN/content/versions/3.20/guides/mailer-reference.adoc.po, 368, 368, 4627, 4627, 0%
l10n/po/zh_CN/content/versions/3.27/guides/mailer-reference.adoc.po, 368, 368, 4627, 4627, 0%
l10n/po/zh_CN/content/versions/3.2/guides/telemetry-micrometer.adoc.po, 308, 308, 4625, 4625, 0%
l10n/po/zh_CN/content/versions/3.20/guides/getting-started-testing.adoc.po, 228, 228, 4615, 4615, 0%
l10n/po/zh_CN/content/versions/3.2/guides/getting-started-testing.adoc.po, 221, 221, 4608, 4608, 0%
l10n/po/zh_CN/content/versions/3.15/guides/security-jwt.adoc.po, 330, 330, 4563, 4563, 0%
l10n/po/zh_CN/content/versions/3.34/guides/smallrye-graphql.adoc.po, 351, 351, 4550, 4550, 0%
l10n/po/zh_CN/content/versions/3.27/guides/config-reference.adoc.po, 279, 279, 4546, 4546, 0%
l10n/po/zh_CN/content/versions/3.33/guides/config-reference.adoc.po, 279, 279, 4546, 4546, 0%
l10n/po/zh_CN/content/versions/3.34/guides/config-reference.adoc.po, 279, 279, 4546, 4546, 0%
l10n/po/zh_CN/_data/versioned/main/index/quarkus.yaml.po, 867, 1676, 4545, 6508, 31%
l10n/po/zh_CN/content/versions/3.33/guides/smallrye-graphql.adoc.po, 352, 352, 4543, 4543, 0%
l10n/po/zh_CN/content/versions/3.8/guides/security-jwt.adoc.po, 327, 327, 4526, 4526, 0%
l10n/po/zh_CN/content/guides/smallrye-fault-tolerance.adoc.po, 391, 391, 4479, 4479, 0%
l10n/po/zh_CN/content/versions/3.33/guides/smallrye-fault-tolerance.adoc.po, 391, 391, 4479, 4479, 0%
l10n/po/zh_CN/content/versions/3.34/guides/smallrye-fault-tolerance.adoc.po, 391, 391, 4479, 4479, 0%
l10n/po/zh_CN/content/versions/main/guides/smallrye-fault-tolerance.adoc.po, 391, 391, 4479, 4479, 0%
l10n/po/zh_CN/content/versions/3.20/guides/smallrye-fault-tolerance.adoc.po, 391, 391, 4477, 4477, 0%
l10n/po/zh_CN/content/versions/3.27/guides/smallrye-fault-tolerance.adoc.po, 391, 391, 4477, 4477, 0%
l10n/po/zh_CN/content/versions/3.15/guides/flyway.adoc.po, 322, 322, 4465, 4465, 0%
l10n/po/zh_CN/content/versions/3.27/guides/smallrye-graphql.adoc.po, 345, 345, 4451, 4451, 0%
l10n/po/zh_CN/content/versions/2.16/guides/infinispan-client.adoc.po, 276, 276, 4436, 4436, 0%
l10n/po/zh_CN/content/versions/2.16/guides/micrometer.adoc.po, 224, 224, 4422, 4422, 0%
l10n/po/zh_CN/content/versions/3.15/guides/getting-started-testing.adoc.po, 215, 215, 4416, 4416, 0%
l10n/po/zh_CN/content/versions/3.20/guides/smallrye-graphql.adoc.po, 342, 342, 4403, 4403, 0%
l10n/po/zh_CN/content/versions/3.15/guides/security-webauthn.adoc.po, 264, 264, 4398, 4398, 0%
l10n/po/zh_CN/content/versions/3.2/guides/vertx-reference.adoc.po, 463, 463, 4384, 4384, 0%
l10n/po/zh_CN/content/versions/3.8/guides/security-authentication-mechanisms.adoc.po, 306, 306, 4365, 4365, 0%
l10n/po/zh_CN/content/versions/main/guides/cache.adoc.po, 250, 250, 4360, 4360, 0%
l10n/po/zh_CN/content/guides/transaction.adoc.po, 227, 227, 4343, 4343, 0%
l10n/po/zh_CN/content/versions/main/guides/transaction.adoc.po, 227, 227, 4343, 4343, 0%
l10n/po/zh_CN/content/guides/cache.adoc.po, 249, 249, 4342, 4342, 0%
l10n/po/zh_CN/content/versions/3.34/guides/cache.adoc.po, 249, 249, 4342, 4342, 0%
l10n/po/zh_CN/content/versions/3.27/guides/kafka-streams.adoc.po, 336, 336, 4335, 4335, 0%
l10n/po/zh_CN/content/guides/kafka-streams.adoc.po, 336, 336, 4331, 4331, 0%
l10n/po/zh_CN/content/versions/3.33/guides/kafka-streams.adoc.po, 336, 336, 4331, 4331, 0%
l10n/po/zh_CN/content/versions/3.34/guides/kafka-streams.adoc.po, 336, 336, 4331, 4331, 0%
l10n/po/zh_CN/content/versions/main/guides/kafka-streams.adoc.po, 336, 336, 4331, 4331, 0%
l10n/po/zh_CN/content/versions/3.33/guides/cache.adoc.po, 248, 248, 4320, 4320, 0%
l10n/po/zh_CN/_data/versioned/latest/index/quarkus.yaml.po, 810, 1657, 4290, 6455, 34%
l10n/po/zh_CN/content/versions/2.13/guides/micrometer.adoc.po, 218, 218, 4289, 4289, 0%
l10n/po/zh_CN/content/versions/3.15/guides/smallrye-graphql.adoc.po, 342, 342, 4277, 4277, 0%
l10n/po/zh_CN/content/versions/3.8/guides/flyway.adoc.po, 321, 321, 4268, 4268, 0%
l10n/po/zh_CN/content/versions/3.20/guides/kafka-streams.adoc.po, 332, 332, 4262, 4262, 0%
l10n/po/zh_CN/content/versions/3.2/guides/security-jwt.adoc.po, 308, 308, 4257, 4257, 0%
l10n/po/zh_CN/content/versions/3.20/guides/config-reference.adoc.po, 257, 257, 4201, 4201, 0%
l10n/po/zh_CN/content/versions/3.15/guides/kafka-streams.adoc.po, 332, 332, 4182, 4182, 0%
l10n/po/zh_CN/content/versions/3.8/guides/smallrye-graphql.adoc.po, 338, 338, 4143, 4143, 0%
l10n/po/zh_CN/content/guides/gradle-tooling.adoc.po, 255, 255, 4130, 4130, 0%
l10n/po/zh_CN/content/versions/3.33/guides/gradle-tooling.adoc.po, 255, 255, 4130, 4130, 0%
l10n/po/zh_CN/content/versions/main/guides/gradle-tooling.adoc.po, 255, 255, 4128, 4128, 0%
l10n/po/zh_CN/content/versions/3.8/guides/security-webauthn.adoc.po, 246, 246, 4106, 4106, 0%
l10n/po/zh_CN/content/versions/3.8/guides/opentelemetry.adoc.po, 410, 410, 4098, 4098, 0%
l10n/po/zh_CN/content/versions/3.8/guides/kafka-streams.adoc.po, 332, 332, 4097, 4097, 0%
l10n/po/zh_CN/content/versions/3.20/guides/cache.adoc.po, 237, 237, 4090, 4090, 0%
l10n/po/zh_CN/content/versions/3.27/guides/cache.adoc.po, 237, 237, 4090, 4090, 0%
l10n/po/zh_CN/content/versions/3.15/guides/config-reference.adoc.po, 247, 247, 4089, 4089, 0%
l10n/po/zh_CN/content/versions/2.16/guides/getting-started-testing.adoc.po, 197, 197, 4087, 4087, 0%
l10n/po/zh_CN/content/versions/2.13/guides/getting-started-testing.adoc.po, 196, 196, 4070, 4070, 0%
l10n/po/zh_CN/content/versions/2.16/guides/smallrye-graphql.adoc.po, 330, 330, 4069, 4069, 0%
l10n/po/zh_CN/content/versions/3.15/guides/cache.adoc.po, 237, 237, 4067, 4067, 0%
l10n/po/zh_CN/content/versions/3.2/guides/kafka-streams.adoc.po, 329, 329, 4066, 4066, 0%
l10n/po/zh_CN/content/versions/3.2/guides/rest-client-reactive.adoc.po, 228, 228, 4038, 4038, 0%
l10n/po/zh_CN/content/versions/3.15/guides/security-oidc-bearer-token-authentication.adoc.po, 192, 192, 4037, 4037, 0%
l10n/po/zh_CN/content/versions/2.16/guides/security-jwt.adoc.po, 294, 294, 4036, 4036, 0%
l10n/po/zh_CN/content/versions/3.2/guides/redis-reference.adoc.po, 266, 266, 4023, 4023, 0%
l10n/po/zh_CN/content/versions/3.2/guides/smallrye-graphql.adoc.po, 326, 326, 4017, 4017, 0%
l10n/po/zh_CN/content/versions/main/guides/security-authorize-web-endpoints-reference.adoc.po, 218, 218, 4016, 4016, 0%
l10n/po/zh_CN/content/versions/3.2/guides/security-webauthn.adoc.po, 236, 236, 4011, 4011, 0%
l10n/po/zh_CN/content/versions/2.16/guides/security-webauthn.adoc.po, 218, 218, 3990, 3990, 0%
l10n/po/zh_CN/content/versions/2.13/guides/security-webauthn.adoc.po, 218, 218, 3988, 3988, 0%
l10n/po/zh_CN/content/versions/3.8/guides/cache.adoc.po, 232, 232, 3988, 3988, 0%
l10n/po/zh_CN/content/versions/2.13/guides/smallrye-graphql.adoc.po, 326, 326, 3985, 3985, 0%
l10n/po/zh_CN/content/versions/2.13/guides/vertx-reference.adoc.po, 443, 443, 3975, 3975, 0%
l10n/po/zh_CN/content/versions/2.16/guides/vertx-reference.adoc.po, 443, 443, 3975, 3975, 0%
l10n/po/zh_CN/content/versions/2.16/guides/redis-reference.adoc.po, 248, 248, 3963, 3963, 0%
l10n/po/zh_CN/content/posts/2020-04-30-insights.adoc.po, 132, 132, 3949, 3949, 0%
l10n/po/zh_CN/content/versions/2.13/guides/kafka-streams.adoc.po, 323, 323, 3945, 3945, 0%
l10n/po/zh_CN/content/versions/2.16/guides/kafka-streams.adoc.po, 323, 323, 3945, 3945, 0%
l10n/po/zh_CN/_data/versioned/3-27/index/quarkus.yaml.po, 743, 1563, 3942, 6099, 36%
l10n/po/zh_CN/content/versions/3.2/guides/cache.adoc.po, 230, 230, 3936, 3936, 0%
l10n/po/zh_CN/content/versions/2.13/guides/security-jwt.adoc.po, 289, 289, 3934, 3934, 0%
l10n/po/zh_CN/content/versions/2.13/guides/infinispan-client.adoc.po, 239, 239, 3925, 3925, 0%
l10n/po/zh_CN/content/versions/3.27/guides/gradle-tooling.adoc.po, 251, 251, 3913, 3913, 0%
l10n/po/zh_CN/content/versions/3.34/guides/gradle-tooling.adoc.po, 251, 251, 3913, 3913, 0%
l10n/po/zh_CN/content/versions/3.2/guides/flyway.adoc.po, 299, 299, 3907, 3907, 0%
l10n/po/zh_CN/_data/versioned/3-20/index/quarkus.yaml.po, 730, 1537, 3873, 6016, 36%
l10n/po/zh_CN/content/guides/security-authorize-web-endpoints-reference.adoc.po, 213, 213, 3852, 3852, 0%
l10n/po/zh_CN/content/versions/3.33/guides/security-authorize-web-endpoints-reference.adoc.po, 213, 213, 3852, 3852, 0%
l10n/po/zh_CN/content/versions/3.34/guides/security-authorize-web-endpoints-reference.adoc.po, 213, 213, 3852, 3852, 0%
l10n/po/zh_CN/content/versions/3.27/guides/security-authorize-web-endpoints-reference.adoc.po, 211, 211, 3842, 3842, 0%
l10n/po/zh_CN/content/versions/3.8/guides/config-reference.adoc.po, 235, 235, 3815, 3815, 0%
l10n/po/zh_CN/content/guides/security-keycloak-authorization.adoc.po, 345, 345, 3782, 3782, 0%
l10n/po/zh_CN/content/versions/3.33/guides/security-keycloak-authorization.adoc.po, 345, 345, 3782, 3782, 0%
l10n/po/zh_CN/content/versions/3.34/guides/security-keycloak-authorization.adoc.po, 345, 345, 3782, 3782, 0%
l10n/po/zh_CN/content/versions/main/guides/security-keycloak-authorization.adoc.po, 345, 345, 3782, 3782, 0%
l10n/po/zh_CN/content/posts/2025-10-01-secure-mcp-oidc-proxy.adoc.po, 128, 128, 3765, 3765, 0%
l10n/po/zh_CN/content/versions/3.20/guides/gradle-tooling.adoc.po, 247, 247, 3750, 3750, 0%
l10n/po/zh_CN/content/versions/3.27/guides/security-keycloak-authorization.adoc.po, 337, 337, 3686, 3686, 0%
l10n/po/zh_CN/content/guides/cyclonedx.adoc.po, 208, 208, 3683, 3683, 0%
l10n/po/zh_CN/content/versions/main/guides/cyclonedx.adoc.po, 208, 208, 3683, 3683, 0%
l10n/po/zh_CN/_data/versioned/3-15/index/quarkus.yaml.po, 694, 1478, 3669, 5845, 38%
l10n/po/zh_CN/content/versions/3.8/guides/security-oidc-bearer-token-authentication.adoc.po, 172, 172, 3663, 3663, 0%
l10n/po/zh_CN/content/guides/security-openid-connect-multitenancy.adoc.po, 218, 218, 3656, 3656, 0%
l10n/po/zh_CN/content/versions/3.33/guides/security-openid-connect-multitenancy.adoc.po, 218, 218, 3656, 3656, 0%
l10n/po/zh_CN/content/versions/3.34/guides/security-openid-connect-multitenancy.adoc.po, 218, 218, 3656, 3656, 0%
l10n/po/zh_CN/content/versions/main/guides/security-openid-connect-multitenancy.adoc.po, 218, 218, 3656, 3656, 0%
l10n/po/zh_CN/content/versions/3.20/guides/security-keycloak-authorization.adoc.po, 337, 337, 3655, 3655, 0%
l10n/po/zh_CN/content/versions/3.27/guides/messaging.adoc.po, 203, 203, 3637, 3637, 0%
l10n/po/zh_CN/content/guides/messaging.adoc.po, 202, 202, 3628, 3628, 0%
l10n/po/zh_CN/content/versions/3.27/guides/continuous-testing.adoc.po, 225, 225, 3628, 3628, 0%
l10n/po/zh_CN/content/versions/3.33/guides/continuous-testing.adoc.po, 225, 225, 3628, 3628, 0%
l10n/po/zh_CN/content/versions/3.33/guides/messaging.adoc.po, 202, 202, 3628, 3628, 0%
l10n/po/zh_CN/content/versions/3.34/guides/messaging.adoc.po, 202, 202, 3628, 3628, 0%
l10n/po/zh_CN/content/versions/main/guides/messaging.adoc.po, 202, 202, 3628, 3628, 0%
l10n/po/zh_CN/content/guides/continuous-testing.adoc.po, 224, 224, 3627, 3627, 0%
l10n/po/zh_CN/content/versions/3.34/guides/continuous-testing.adoc.po, 224, 224, 3627, 3627, 0%
l10n/po/zh_CN/content/versions/main/guides/continuous-testing.adoc.po, 224, 224, 3627, 3627, 0%
l10n/po/zh_CN/content/versions/2.16/guides/http-reference.adoc.po, 366, 366, 3625, 3625, 0%
l10n/po/zh_CN/content/versions/2.16/guides/cache.adoc.po, 204, 204, 3621, 3621, 0%
l10n/po/zh_CN/content/guides/quartz.adoc.po, 276, 276, 3613, 3613, 0%
l10n/po/zh_CN/content/versions/3.27/guides/quartz.adoc.po, 276, 276, 3613, 3613, 0%
l10n/po/zh_CN/content/versions/3.33/guides/quartz.adoc.po, 276, 276, 3613, 3613, 0%
l10n/po/zh_CN/content/versions/3.34/guides/quartz.adoc.po, 276, 276, 3613, 3613, 0%
l10n/po/zh_CN/content/versions/main/guides/quartz.adoc.po, 276, 276, 3613, 3613, 0%
l10n/po/zh_CN/content/versions/3.20/guides/mongodb-panache.adoc.po, 193, 193, 3592, 3592, 0%
l10n/po/zh_CN/content/versions/3.27/guides/mongodb-panache.adoc.po, 193, 193, 3592, 3592, 0%
l10n/po/zh_CN/content/posts/2025-09-22-secure-mcp-server-oauth2.adoc.po, 130, 130, 3589, 3589, 0%
l10n/po/zh_CN/content/guides/amqp-reference.adoc.po, 269, 269, 3580, 3580, 0%
l10n/po/zh_CN/content/versions/3.33/guides/amqp-reference.adoc.po, 269, 269, 3580, 3580, 0%
l10n/po/zh_CN/content/versions/3.34/guides/amqp-reference.adoc.po, 269, 269, 3580, 3580, 0%
l10n/po/zh_CN/content/versions/main/guides/amqp-reference.adoc.po, 269, 269, 3580, 3580, 0%
l10n/po/zh_CN/content/versions/3.27/guides/amqp-reference.adoc.po, 269, 269, 3579, 3579, 0%
l10n/po/zh_CN/content/guides/mongodb-panache.adoc.po, 192, 192, 3576, 3576, 0%
l10n/po/zh_CN/content/versions/3.33/guides/mongodb-panache.adoc.po, 192, 192, 3576, 3576, 0%
l10n/po/zh_CN/content/versions/3.34/guides/mongodb-panache.adoc.po, 192, 192, 3576, 3576, 0%
l10n/po/zh_CN/content/versions/main/guides/mongodb-panache.adoc.po, 192, 192, 3576, 3576, 0%
l10n/po/zh_CN/content/versions/3.20/guides/amqp-reference.adoc.po, 268, 268, 3574, 3574, 0%
l10n/po/zh_CN/content/versions/3.20/guides/security-authorize-web-endpoints-reference.adoc.po, 192, 192, 3569, 3569, 0%
l10n/po/zh_CN/content/versions/3.8/guides/mongodb-panache.adoc.po, 192, 192, 3568, 3568, 0%
l10n/po/zh_CN/content/versions/3.15/guides/gradle-tooling.adoc.po, 215, 215, 3565, 3565, 0%
l10n/po/zh_CN/_data/insights-videos.yaml.po, 926, 978, 3560, 3667, 3%
l10n/po/zh_CN/content/versions/3.15/guides/amqp-reference.adoc.po, 268, 268, 3560, 3560, 0%
l10n/po/zh_CN/content/versions/3.15/guides/mongodb-panache.adoc.po, 192, 192, 3559, 3559, 0%
l10n/po/zh_CN/content/versions/3.27/guides/security-openid-connect-multitenancy.adoc.po, 210, 210, 3540, 3540, 0%
l10n/po/zh_CN/content/posts/2023-05-09-ministry-of-economy-finance-uruguay-adopts-quarkus.adoc.po, 142, 142, 3536, 3536, 0%
l10n/po/zh_CN/content/versions/3.2/guides/mongodb-panache.adoc.po, 188, 188, 3525, 3525, 0%
l10n/po/zh_CN/content/guides/flyway.adoc.po, 261, 261, 3482, 3482, 0%
l10n/po/zh_CN/content/versions/main/guides/flyway.adoc.po, 261, 261, 3482, 3482, 0%
l10n/po/zh_CN/content/versions/3.20/guides/flyway.adoc.po, 260, 260, 3481, 3481, 0%
l10n/po/zh_CN/content/versions/3.27/guides/flyway.adoc.po, 260, 260, 3481, 3481, 0%
l10n/po/zh_CN/content/versions/3.33/guides/flyway.adoc.po, 260, 260, 3481, 3481, 0%
l10n/po/zh_CN/content/versions/3.34/guides/flyway.adoc.po, 260, 260, 3481, 3481, 0%
l10n/po/zh_CN/content/versions/3.20/guides/quartz.adoc.po, 266, 266, 3474, 3474, 0%
l10n/po/zh_CN/content/versions/3.33/guides/kubernetes-client.adoc.po, 242, 242, 3472, 3472, 0%
l10n/po/zh_CN/content/versions/3.34/guides/kubernetes-client.adoc.po, 242, 242, 3472, 3472, 0%
l10n/po/zh_CN/content/versions/2.16/guides/flyway.adoc.po, 262, 262, 3464, 3464, 0%
l10n/po/zh_CN/content/versions/3.8/guides/gradle-tooling.adoc.po, 210, 210, 3461, 3461, 0%
l10n/po/zh_CN/content/versions/3.2/guides/config-reference.adoc.po, 219, 219, 3447, 3447, 0%
l10n/po/zh_CN/content/versions/3.8/guides/amqp-reference.adoc.po, 263, 263, 3439, 3439, 0%
l10n/po/zh_CN/content/versions/2.13/guides/cache.adoc.po, 196, 196, 3412, 3412, 0%
l10n/po/zh_CN/content/versions/3.27/guides/kubernetes-client.adoc.po, 233, 233, 3364, 3364, 0%
l10n/po/zh_CN/content/versions/2.13/guides/mailer-reference.adoc.po, 256, 256, 3332, 3332, 0%
l10n/po/zh_CN/content/versions/2.16/guides/mailer-reference.adoc.po, 256, 256, 3332, 3332, 0%
l10n/po/zh_CN/content/versions/3.2/guides/gradle-tooling.adoc.po, 205, 205, 3307, 3307, 0%
l10n/po/zh_CN/content/versions/2.13/guides/mongodb-panache.adoc.po, 171, 171, 3294, 3294, 0%
l10n/po/zh_CN/content/versions/2.16/guides/mongodb-panache.adoc.po, 171, 171, 3294, 3294, 0%
l10n/po/zh_CN/content/versions/2.13/guides/http-reference.adoc.po, 327, 327, 3283, 3283, 0%
l10n/po/zh_CN/content/versions/3.2/guides/amqp-reference.adoc.po, 253, 253, 3279, 3279, 0%
l10n/po/zh_CN/content/versions/3.8/guides/security-keycloak-authorization.adoc.po, 252, 252, 3245, 3245, 0%
l10n/po/zh_CN/content/guides/grpc-service-consumption.adoc.po, 322, 322, 3237, 3237, 0%
l10n/po/zh_CN/content/versions/3.27/guides/grpc-service-consumption.adoc.po, 322, 322, 3237, 3237, 0%
l10n/po/zh_CN/content/versions/3.33/guides/grpc-service-consumption.adoc.po, 322, 322, 3237, 3237, 0%
l10n/po/zh_CN/content/versions/3.34/guides/grpc-service-consumption.adoc.po, 322, 322, 3237, 3237, 0%
l10n/po/zh_CN/content/guides/qute.adoc.po, 192, 192, 3233, 3233, 0%
l10n/po/zh_CN/content/versions/main/guides/qute.adoc.po, 192, 192, 3233, 3233, 0%
l10n/po/zh_CN/content/versions/2.16/guides/amqp-reference.adoc.po, 244, 244, 3232, 3232, 0%
l10n/po/zh_CN/content/guides/kubernetes-client.adoc.po, 237, 237, 3227, 3227, 0%
l10n/po/zh_CN/content/versions/main/guides/kubernetes-client.adoc.po, 237, 237, 3227, 3227, 0%
l10n/po/zh_CN/content/versions/3.20/guides/security-openid-connect-multitenancy.adoc.po, 196, 196, 3217, 3217, 0%
l10n/po/zh_CN/content/guides/compose-dev-services.adoc.po, 269, 269, 3200, 3200, 0%
l10n/po/zh_CN/content/versions/main/guides/compose-dev-services.adoc.po, 269, 269, 3200, 3200, 0%
l10n/po/zh_CN/content/versions/3.15/guides/security-keycloak-authorization.adoc.po, 268, 268, 3196, 3196, 0%
l10n/po/zh_CN/content/versions/3.20/guides/grpc-service-consumption.adoc.po, 318, 318, 3192, 3192, 0%
l10n/po/zh_CN/content/versions/3.2/guides/security-keycloak-authorization.adoc.po, 245, 245, 3191, 3191, 0%
l10n/po/zh_CN/content/versions/3.15/guides/security-openid-connect-multitenancy.adoc.po, 188, 188, 3186, 3186, 0%
l10n/po/zh_CN/content/versions/3.2/guides/opentelemetry.adoc.po, 293, 293, 3185, 3185, 0%
l10n/po/zh_CN/content/versions/2.13/guides/amqp-reference.adoc.po, 240, 240, 3163, 3163, 0%
l10n/po/zh_CN/content/guides/hibernate-reactive-panache.adoc.po, 162, 162, 3159, 3159, 0%
l10n/po/zh_CN/content/versions/main/guides/hibernate-reactive-panache.adoc.po, 162, 162, 3159, 3159, 0%
l10n/po/zh_CN/content/versions/3.2/guides/security-oidc-bearer-token-authentication.adoc.po, 147, 147, 3142, 3142, 0%
l10n/po/zh_CN/content/versions/3.33/guides/compose-dev-services.adoc.po, 264, 264, 3122, 3122, 0%
l10n/po/zh_CN/content/versions/3.34/guides/compose-dev-services.adoc.po, 264, 264, 3122, 3122, 0%
l10n/po/zh_CN/content/versions/2.13/guides/flyway.adoc.po, 234, 234, 3121, 3121, 0%
l10n/po/zh_CN/content/versions/3.20/guides/continuous-testing.adoc.po, 204, 204, 3117, 3117, 0%
l10n/po/zh_CN/content/versions/3.8/guides/security-openid-connect-client-reference.adoc.po, 154, 154, 3117, 3117, 0%
l10n/po/zh_CN/content/guides/building-my-first-extension.adoc.po, 172, 172, 3113, 3113, 0%
l10n/po/zh_CN/content/versions/2.16/guides/rest-client-reactive.adoc.po, 183, 183, 3113, 3113, 0%
l10n/po/zh_CN/content/versions/3.33/guides/building-my-first-extension.adoc.po, 172, 172, 3113, 3113, 0%
l10n/po/zh_CN/content/versions/main/guides/building-my-first-extension.adoc.po, 172, 172, 3113, 3113, 0%
l10n/po/zh_CN/content/versions/3.27/guides/compose-dev-services.adoc.po, 261, 261, 3112, 3112, 0%
l10n/po/zh_CN/content/versions/3.33/guides/qute.adoc.po, 186, 186, 3097, 3097, 0%
l10n/po/zh_CN/content/versions/3.34/guides/qute.adoc.po, 186, 186, 3097, 3097, 0%
l10n/po/zh_CN/content/guides/grpc-service-implementation.adoc.po, 270, 270, 3093, 3093, 0%
l10n/po/zh_CN/content/versions/3.27/guides/grpc-service-implementation.adoc.po, 270, 270, 3093, 3093, 0%
l10n/po/zh_CN/content/versions/3.33/guides/grpc-service-implementation.adoc.po, 270, 270, 3093, 3093, 0%
l10n/po/zh_CN/content/versions/3.34/guides/grpc-service-implementation.adoc.po, 270, 270, 3093, 3093, 0%
l10n/po/zh_CN/content/guides/validation.adoc.po, 169, 169, 3092, 3092, 0%
l10n/po/zh_CN/content/versions/3.27/guides/validation.adoc.po, 169, 169, 3092, 3092, 0%
l10n/po/zh_CN/content/versions/3.33/guides/validation.adoc.po, 169, 169, 3092, 3092, 0%
l10n/po/zh_CN/content/versions/3.34/guides/validation.adoc.po, 169, 169, 3092, 3092, 0%
l10n/po/zh_CN/content/versions/main/guides/validation.adoc.po, 169, 169, 3092, 3092, 0%
l10n/po/zh_CN/content/guides/security-vertx-oidc-to-quarkus-oidc-migration.adoc.po, 132, 132, 3088, 3088, 0%
l10n/po/zh_CN/content/versions/3.27/guides/security-vertx-oidc-to-quarkus-oidc-migration.adoc.po, 132, 132, 3088, 3088, 0%
l10n/po/zh_CN/content/versions/3.33/guides/security-vertx-oidc-to-quarkus-oidc-migration.adoc.po, 132, 132, 3088, 3088, 0%
l10n/po/zh_CN/content/versions/3.34/guides/security-vertx-oidc-to-quarkus-oidc-migration.adoc.po, 132, 132, 3088, 3088, 0%
l10n/po/zh_CN/content/versions/main/guides/security-vertx-oidc-to-quarkus-oidc-migration.adoc.po, 132, 132, 3088, 3088, 0%
l10n/po/zh_CN/_data/versioned/3-8/index/quarkus.yaml.po, 597, 1341, 3086, 5359, 43%
l10n/po/zh_CN/content/guides/security-openid-connect-providers.adoc.po, 157, 157, 3079, 3079, 0%
l10n/po/zh_CN/content/versions/3.33/guides/security-openid-connect-providers.adoc.po, 157, 157, 3079, 3079, 0%
l10n/po/zh_CN/content/versions/main/guides/security-openid-connect-providers.adoc.po, 157, 157, 3079, 3079, 0%
l10n/po/zh_CN/content/versions/3.2/guides/security-authentication-mechanisms.adoc.po, 234, 234, 3073, 3073, 0%
l10n/po/zh_CN/content/guides/databases-dev-services.adoc.po, 190, 190, 3067, 3067, 0%
l10n/po/zh_CN/content/versions/3.15/guides/building-my-first-extension.adoc.po, 173, 173, 3060, 3060, 0%
l10n/po/zh_CN/content/versions/3.20/guides/building-my-first-extension.adoc.po, 173, 173, 3060, 3060, 0%
l10n/po/zh_CN/content/versions/3.20/guides/security-openid-connect-providers.adoc.po, 157, 157, 3054, 3054, 0%
l10n/po/zh_CN/content/guides/elasticsearch.adoc.po, 230, 230, 3052, 3052, 0%
l10n/po/zh_CN/content/versions/3.33/guides/elasticsearch.adoc.po, 230, 230, 3052, 3052, 0%
l10n/po/zh_CN/content/versions/3.34/guides/elasticsearch.adoc.po, 230, 230, 3052, 3052, 0%
l10n/po/zh_CN/content/versions/main/guides/elasticsearch.adoc.po, 230, 230, 3052, 3052, 0%
l10n/po/zh_CN/content/versions/3.2/guides/security-openid-connect-dev-services.adoc.po, 110, 110, 3051, 3051, 0%
l10n/po/zh_CN/content/versions/3.34/guides/building-my-first-extension.adoc.po, 171, 171, 3050, 3050, 0%
l10n/po/zh_CN/content/versions/3.27/guides/building-my-first-extension.adoc.po, 171, 171, 3047, 3047, 0%
l10n/po/zh_CN/content/versions/main/guides/databases-dev-services.adoc.po, 190, 190, 3046, 3046, 0%
l10n/po/zh_CN/content/guides/smallrye-health.adoc.po, 203, 203, 3043, 3043, 0%
l10n/po/zh_CN/content/versions/3.33/guides/smallrye-health.adoc.po, 203, 203, 3043, 3043, 0%
l10n/po/zh_CN/content/versions/3.34/guides/smallrye-health.adoc.po, 203, 203, 3043, 3043, 0%
l10n/po/zh_CN/content/versions/2.13/guides/building-my-first-extension.adoc.po, 173, 173, 3041, 3041, 0%
l10n/po/zh_CN/content/versions/2.16/guides/building-my-first-extension.adoc.po, 173, 173, 3041, 3041, 0%
l10n/po/zh_CN/content/versions/3.2/guides/building-my-first-extension.adoc.po, 173, 173, 3041, 3041, 0%
l10n/po/zh_CN/content/versions/3.8/guides/building-my-first-extension.adoc.po, 173, 173, 3041, 3041, 0%
l10n/po/zh_CN/content/posts/2023-11-02-mandrel-23-0-image-size-increase.md.po, 124, 124, 3040, 3040, 0%
l10n/po/zh_CN/content/versions/3.15/guides/quartz.adoc.po, 252, 252, 3039, 3039, 0%
l10n/po/zh_CN/content/versions/3.27/guides/security-openid-connect-providers.adoc.po, 157, 157, 3034, 3034, 0%
l10n/po/zh_CN/content/versions/3.34/guides/security-openid-connect-providers.adoc.po, 157, 157, 3034, 3034, 0%
l10n/po/zh_CN/content/versions/2.16/guides/security-keycloak-authorization.adoc.po, 240, 240, 3031, 3031, 0%
l10n/po/zh_CN/content/versions/3.34/guides/hibernate-reactive-panache.adoc.po, 152, 152, 3029, 3029, 0%
l10n/po/zh_CN/content/versions/3.20/guides/elasticsearch.adoc.po, 226, 226, 3027, 3027, 0%
l10n/po/zh_CN/content/versions/3.27/guides/elasticsearch.adoc.po, 226, 226, 3027, 3027, 0%
l10n/po/zh_CN/content/versions/2.13/guides/redis-reference.adoc.po, 193, 193, 3020, 3020, 0%
l10n/po/zh_CN/content/versions/3.33/guides/hibernate-reactive-panache.adoc.po, 151, 151, 3011, 3011, 0%
l10n/po/zh_CN/content/versions/2.16/guides/security-openid-connect-dev-services.adoc.po, 108, 108, 3007, 3007, 0%
l10n/po/zh_CN/content/versions/3.20/guides/dev-ui.adoc.po, 232, 232, 3001, 3001, 0%
l10n/po/zh_CN/content/versions/main/guides/smallrye-health.adoc.po, 199, 199, 2992, 2992, 0%
l10n/po/zh_CN/content/versions/2.13/guides/security-keycloak-authorization.adoc.po, 237, 237, 2991, 2991, 0%
l10n/po/zh_CN/content/guides/virtual-threads.adoc.po, 146, 146, 2987, 2987, 0%
l10n/po/zh_CN/content/versions/3.33/guides/virtual-threads.adoc.po, 146, 146, 2987, 2987, 0%
l10n/po/zh_CN/content/versions/3.34/guides/virtual-threads.adoc.po, 146, 146, 2987, 2987, 0%
l10n/po/zh_CN/content/versions/main/guides/virtual-threads.adoc.po, 146, 146, 2987, 2987, 0%
l10n/po/zh_CN/content/versions/3.20/guides/smallrye-health.adoc.po, 198, 198, 2980, 2980, 0%
l10n/po/zh_CN/content/versions/3.27/guides/smallrye-health.adoc.po, 198, 198, 2980, 2980, 0%
l10n/po/zh_CN/content/versions/3.15/guides/security-openid-connect-dev-services.adoc.po, 111, 111, 2969, 2969, 0%
l10n/po/zh_CN/content/versions/3.8/guides/security-openid-connect-dev-services.adoc.po, 111, 111, 2969, 2969, 0%
l10n/po/zh_CN/content/versions/3.20/guides/grpc-service-implementation.adoc.po, 266, 266, 2951, 2951, 0%
l10n/po/zh_CN/content/versions/3.27/guides/qute.adoc.po, 175, 175, 2944, 2944, 0%
l10n/po/zh_CN/content/versions/3.20/guides/messaging.adoc.po, 167, 167, 2939, 2939, 0%
l10n/po/zh_CN/content/versions/3.15/guides/dev-ui.adoc.po, 229, 229, 2935, 2935, 0%
l10n/po/zh_CN/content/versions/3.20/guides/validation.adoc.po, 168, 168, 2929, 2929, 0%
l10n/po/zh_CN/_data/versioned/3-6/index/quarkus.yaml.po, 582, 1329, 2924, 5304, 45%
l10n/po/zh_CN/content/versions/3.15/guides/elasticsearch.adoc.po, 222, 222, 2922, 2922, 0%
l10n/po/zh_CN/content/versions/3.8/guides/quartz.adoc.po, 251, 251, 2922, 2922, 0%
l10n/po/zh_CN/content/versions/3.8/guides/continuous-testing.adoc.po, 185, 185, 2917, 2917, 0%
l10n/po/zh_CN/content/versions/3.20/guides/kubernetes-client.adoc.po, 210, 210, 2915, 2915, 0%
l10n/po/zh_CN/content/guides/scheduler-reference.adoc.po, 174, 174, 2907, 2907, 0%
l10n/po/zh_CN/content/versions/main/guides/scheduler-reference.adoc.po, 174, 174, 2907, 2907, 0%
l10n/po/zh_CN/content/versions/3.15/guides/cassandra.adoc.po, 160, 160, 2906, 2906, 0%
l10n/po/zh_CN/content/versions/3.20/guides/cassandra.adoc.po, 160, 160, 2906, 2906, 0%
l10n/po/zh_CN/content/versions/3.27/guides/cassandra.adoc.po, 160, 160, 2906, 2906, 0%
l10n/po/zh_CN/content/versions/2.16/guides/cassandra.adoc.po, 160, 160, 2904, 2904, 0%
l10n/po/zh_CN/content/versions/3.2/guides/cassandra.adoc.po, 160, 160, 2904, 2904, 0%
l10n/po/zh_CN/content/versions/3.8/guides/cassandra.adoc.po, 160, 160, 2904, 2904, 0%
l10n/po/zh_CN/content/versions/3.20/guides/virtual-threads.adoc.po, 140, 140, 2895, 2895, 0%
l10n/po/zh_CN/content/versions/3.27/guides/virtual-threads.adoc.po, 140, 140, 2895, 2895, 0%
l10n/po/zh_CN/content/posts/2024-03-27-oidc-proxy.adoc.po, 102, 102, 2894, 2894, 0%
l10n/po/zh_CN/content/versions/3.8/guides/security-openid-connect-providers.adoc.po, 152, 152, 2890, 2890, 0%
l10n/po/zh_CN/content/guides/cassandra.adoc.po, 158, 158, 2888, 2888, 0%
l10n/po/zh_CN/content/versions/3.33/guides/cassandra.adoc.po, 158, 158, 2888, 2888, 0%
l10n/po/zh_CN/content/versions/3.34/guides/cassandra.adoc.po, 158, 158, 2888, 2888, 0%
l10n/po/zh_CN/content/versions/main/guides/cassandra.adoc.po, 158, 158, 2888, 2888, 0%
l10n/po/zh_CN/content/posts/2025-07-23-secure-mcp-oidc-client.adoc.po, 149, 149, 2884, 2884, 0%
l10n/po/zh_CN/content/versions/3.15/guides/grpc-service-implementation.adoc.po, 266, 266, 2884, 2884, 0%
l10n/po/zh_CN/content/posts/2026-03-05-leyden-2.adoc.po, 186, 186, 2881, 2881, 0%
l10n/po/zh_CN/content/versions/3.15/guides/continuous-testing.adoc.po, 180, 180, 2875, 2875, 0%
l10n/po/zh_CN/content/versions/3.2/guides/continuous-testing.adoc.po, 181, 181, 2874, 2874, 0%
l10n/po/zh_CN/content/versions/2.16/guides/security-openid-connect-client-reference.adoc.po, 143, 143, 2867, 2867, 0%
l10n/po/zh_CN/content/versions/3.15/guides/security-openid-connect-providers.adoc.po, 149, 149, 2862, 2862, 0%
l10n/po/zh_CN/content/versions/2.13/guides/rest-client-reactive.adoc.po, 170, 170, 2848, 2848, 0%
l10n/po/zh_CN/content/versions/3.2/guides/quartz.adoc.po, 245, 245, 2841, 2841, 0%
l10n/po/zh_CN/content/versions/3.2/guides/security-openid-connect-client-reference.adoc.po, 143, 143, 2841, 2841, 0%
l10n/po/zh_CN/content/versions/3.15/guides/kubernetes-client.adoc.po, 212, 212, 2839, 2839, 0%
l10n/po/zh_CN/content/versions/3.33/guides/databases-dev-services.adoc.po, 182, 182, 2837, 2837, 0%
l10n/po/zh_CN/content/versions/3.34/guides/databases-dev-services.adoc.po, 182, 182, 2837, 2837, 0%
l10n/po/zh_CN/content/versions/main/guides/cdi-integration.adoc.po, 157, 157, 2830, 2830, 0%
l10n/po/zh_CN/content/versions/main/guides/aws-lambda.adoc.po, 147, 147, 2827, 2827, 0%
l10n/po/zh_CN/content/versions/3.15/guides/validation.adoc.po, 167, 167, 2823, 2823, 0%
l10n/po/zh_CN/content/versions/3.15/guides/security-authorize-web-endpoints-reference.adoc.po, 159, 159, 2821, 2821, 0%
l10n/po/zh_CN/content/guides/resteasy.adoc.po, 172, 172, 2814, 2814, 0%
l10n/po/zh_CN/content/versions/3.20/guides/resteasy.adoc.po, 172, 172, 2814, 2814, 0%
l10n/po/zh_CN/content/versions/3.27/guides/resteasy.adoc.po, 172, 172, 2814, 2814, 0%
l10n/po/zh_CN/content/versions/3.33/guides/resteasy.adoc.po, 172, 172, 2814, 2814, 0%
l10n/po/zh_CN/content/versions/3.34/guides/resteasy.adoc.po, 172, 172, 2814, 2814, 0%
l10n/po/zh_CN/content/versions/main/guides/resteasy.adoc.po, 172, 172, 2814, 2814, 0%
l10n/po/zh_CN/content/versions/3.15/guides/hibernate-reactive-panache.adoc.po, 143, 143, 2807, 2807, 0%
l10n/po/zh_CN/content/versions/3.20/guides/hibernate-reactive-panache.adoc.po, 143, 143, 2807, 2807, 0%
l10n/po/zh_CN/content/versions/3.27/guides/hibernate-reactive-panache.adoc.po, 143, 143, 2807, 2807, 0%
l10n/po/zh_CN/content/versions/3.2/guides/resteasy.adoc.po, 163, 163, 2799, 2799, 0%
l10n/po/zh_CN/content/versions/3.15/guides/smallrye-health.adoc.po, 191, 191, 2798, 2798, 0%
l10n/po/zh_CN/content/versions/3.15/guides/virtual-threads.adoc.po, 134, 134, 2792, 2792, 0%
l10n/po/zh_CN/content/versions/3.8/guides/virtual-threads.adoc.po, 134, 134, 2790, 2790, 0%
l10n/po/zh_CN/content/versions/3.27/guides/databases-dev-services.adoc.po, 175, 175, 2786, 2786, 0%
l10n/po/zh_CN/content/versions/3.15/guides/resteasy.adoc.po, 171, 171, 2784, 2784, 0%
l10n/po/zh_CN/content/versions/2.13/guides/resteasy.adoc.po, 162, 162, 2777, 2777, 0%
l10n/po/zh_CN/content/versions/2.16/guides/resteasy.adoc.po, 162, 162, 2777, 2777, 0%
l10n/po/zh_CN/content/versions/3.8/guides/resteasy.adoc.po, 171, 171, 2777, 2777, 0%
l10n/po/zh_CN/content/versions/3.2/guides/kubernetes-client.adoc.po, 216, 216, 2773, 2773, 0%
l10n/po/zh_CN/content/versions/3.8/guides/hibernate-reactive-panache.adoc.po, 141, 141, 2768, 2768, 0%
l10n/po/zh_CN/content/versions/3.8/guides/kubernetes-client.adoc.po, 216, 216, 2768, 2768, 0%
l10n/po/zh_CN/content/versions/3.8/guides/validation.adoc.po, 165, 165, 2767, 2767, 0%
l10n/po/zh_CN/content/posts/2021-09-13-decathlon-user-story.adoc.po, 83, 83, 2744, 2744, 0%
l10n/po/zh_CN/content/versions/2.16/guides/continuous-testing.adoc.po, 168, 168, 2740, 2740, 0%
l10n/po/zh_CN/content/versions/3.2/guides/dev-ui-v2.adoc.po, 218, 218, 2733, 2733, 0%
l10n/po/zh_CN/content/versions/2.13/guides/security-openid-connect-dev-services.adoc.po, 102, 102, 2728, 2728, 0%
l10n/po/zh_CN/content/versions/3.20/guides/qute.adoc.po, 168, 168, 2727, 2727, 0%
l10n/po/zh_CN/content/versions/3.33/guides/scheduler-reference.adoc.po, 162, 162, 2724, 2724, 0%
l10n/po/zh_CN/content/versions/3.34/guides/scheduler-reference.adoc.po, 162, 162, 2724, 2724, 0%
l10n/po/zh_CN/content/versions/3.20/guides/scheduler-reference.adoc.po, 159, 159, 2722, 2722, 0%
l10n/po/zh_CN/content/versions/3.27/guides/scheduler-reference.adoc.po, 159, 159, 2722, 2722, 0%
l10n/po/zh_CN/content/versions/3.15/guides/messaging.adoc.po, 159, 159, 2717, 2717, 0%
l10n/po/zh_CN/content/versions/3.8/guides/grpc-service-implementation.adoc.po, 256, 256, 2716, 2716, 0%
l10n/po/zh_CN/content/versions/3.8/guides/dev-ui.adoc.po, 218, 218, 2715, 2715, 0%
l10n/po/zh_CN/content/versions/3.8/guides/smallrye-health.adoc.po, 187, 187, 2710, 2710, 0%
l10n/po/zh_CN/content/versions/2.16/guides/validation.adoc.po, 155, 155, 2708, 2708, 0%
l10n/po/zh_CN/content/versions/3.15/guides/qute.adoc.po, 167, 167, 2705, 2705, 0%
l10n/po/zh_CN/content/versions/3.2/guides/validation.adoc.po, 161, 161, 2698, 2698, 0%
l10n/po/zh_CN/content/posts/2021-06-08-quarkus-deploys-apps-on-openshift.adoc.po, 117, 117, 2694, 2694, 0%
l10n/po/zh_CN/content/versions/3.8/guides/infinispan-dev-services.adoc.po, 141, 141, 2690, 2690, 0%
l10n/po/zh_CN/content/guides/hibernate-orm-panache.adoc.po, 148, 148, 2684, 2684, 0%
l10n/po/zh_CN/content/versions/main/guides/hibernate-orm-panache.adoc.po, 148, 148, 2684, 2684, 0%
l10n/po/zh_CN/content/versions/3.2/guides/smallrye-health.adoc.po, 184, 184, 2681, 2681, 0%
l10n/po/zh_CN/content/posts/2025-10-31-quarkus-a2a-cloud-enhancements.adoc.po, 118, 118, 2670, 2670, 0%
l10n/po/zh_CN/content/versions/3.2/guides/amazon-lambda.adoc.po, 144, 144, 2668, 2668, 0%
l10n/po/zh_CN/content/versions/3.15/guides/aws-lambda.adoc.po, 144, 144, 2665, 2665, 0%
l10n/po/zh_CN/content/versions/3.20/guides/aws-lambda.adoc.po, 144, 144, 2665, 2665, 0%
l10n/po/zh_CN/content/versions/3.27/guides/aws-lambda.adoc.po, 144, 144, 2665, 2665, 0%
l10n/po/zh_CN/content/versions/3.33/guides/aws-lambda.adoc.po, 144, 144, 2665, 2665, 0%
l10n/po/zh_CN/content/versions/3.34/guides/aws-lambda.adoc.po, 144, 144, 2665, 2665, 0%
l10n/po/zh_CN/content/versions/3.8/guides/aws-lambda.adoc.po, 144, 144, 2665, 2665, 0%
l10n/po/zh_CN/content/versions/2.16/guides/amazon-lambda.adoc.po, 143, 143, 2658, 2658, 0%
l10n/po/zh_CN/content/versions/2.13/guides/continuous-testing.adoc.po, 160, 160, 2656, 2656, 0%
l10n/po/zh_CN/content/versions/2.16/guides/quartz.adoc.po, 231, 231, 2654, 2654, 0%
l10n/po/zh_CN/content/versions/3.2/guides/hibernate-reactive-panache.adoc.po, 136, 136, 2653, 2653, 0%
l10n/po/zh_CN/content/guides/cdi-integration.adoc.po, 152, 152, 2651, 2651, 0%
l10n/po/zh_CN/content/versions/3.33/guides/cdi-integration.adoc.po, 152, 152, 2651, 2651, 0%
l10n/po/zh_CN/content/versions/3.34/guides/cdi-integration.adoc.po, 152, 152, 2651, 2651, 0%
l10n/po/zh_CN/content/versions/3.20/guides/cdi-integration.adoc.po, 152, 152, 2648, 2648, 0%
l10n/po/zh_CN/content/versions/3.27/guides/cdi-integration.adoc.po, 152, 152, 2648, 2648, 0%
l10n/po/zh_CN/content/guides/aws-lambda.adoc.po, 142, 142, 2646, 2646, 0%
l10n/po/zh_CN/content/versions/2.13/guides/amazon-lambda.adoc.po, 141, 141, 2645, 2645, 0%
l10n/po/zh_CN/content/versions/3.34/guides/hibernate-orm-panache.adoc.po, 146, 146, 2641, 2641, 0%
l10n/po/zh_CN/content/versions/3.20/guides/databases-dev-services.adoc.po, 168, 168, 2635, 2635, 0%
l10n/po/zh_CN/content/versions/main/guides/grpc-service-consumption.adoc.po, 236, 236, 2633, 2633, 0%
l10n/po/zh_CN/content/versions/3.33/guides/hibernate-orm-panache.adoc.po, 145, 145, 2623, 2623, 0%
l10n/po/zh_CN/content/versions/3.8/guides/security-authorize-web-endpoints-reference.adoc.po, 145, 145, 2604, 2604, 0%
l10n/po/zh_CN/content/guides/quarkus-data-hibernate.adoc.po, 215, 215, 2595, 2595, 0%
l10n/po/zh_CN/content/versions/2.13/guides/cassandra.adoc.po, 143, 143, 2595, 2595, 0%
l10n/po/zh_CN/content/versions/main/guides/quarkus-data-hibernate.adoc.po, 215, 215, 2595, 2595, 0%
l10n/po/zh_CN/content/versions/2.13/guides/gradle-tooling.adoc.po, 165, 165, 2585, 2585, 0%
l10n/po/zh_CN/content/versions/2.16/guides/gradle-tooling.adoc.po, 165, 165, 2585, 2585, 0%
l10n/po/zh_CN/content/versions/2.13/guides/security-openid-connect-client-reference.adoc.po, 135, 135, 2547, 2547, 0%
l10n/po/zh_CN/content/guides/security-openid-connect-client-registration.adoc.po, 194, 194, 2528, 2528, 0%
l10n/po/zh_CN/content/versions/3.34/guides/security-openid-connect-client-registration.adoc.po, 194, 194, 2528, 2528, 0%
l10n/po/zh_CN/content/versions/main/guides/security-openid-connect-client-registration.adoc.po, 194, 194, 2528, 2528, 0%
l10n/po/zh_CN/content/versions/main/guides/opentelemetry-tracing.adoc.po, 206, 206, 2527, 2527, 0%
l10n/po/zh_CN/content/versions/3.15/guides/hibernate-orm-panache.adoc.po, 138, 138, 2520, 2520, 0%
l10n/po/zh_CN/content/versions/3.20/guides/hibernate-orm-panache.adoc.po, 138, 138, 2520, 2520, 0%
l10n/po/zh_CN/content/versions/3.27/guides/hibernate-orm-panache.adoc.po, 138, 138, 2520, 2520, 0%
l10n/po/zh_CN/content/versions/2.16/guides/kubernetes-client.adoc.po, 200, 200, 2510, 2510, 0%
l10n/po/zh_CN/content/versions/3.27/guides/security-openid-connect-client-registration.adoc.po, 200, 200, 2510, 2510, 0%
l10n/po/zh_CN/content/versions/2.13/guides/validation.adoc.po, 144, 144, 2505, 2505, 0%
l10n/po/zh_CN/content/versions/3.15/guides/databases-dev-services.adoc.po, 159, 159, 2494, 2494, 0%
l10n/po/zh_CN/content/guides/opentelemetry-tracing.adoc.po, 205, 205, 2493, 2493, 0%
l10n/po/zh_CN/content/posts/2023-09-19-virtual-thread-1.adoc.po, 65, 65, 2480, 2480, 0%
l10n/po/zh_CN/content/versions/3.2/guides/hibernate-orm-panache.adoc.po, 135, 135, 2477, 2477, 0%
l10n/po/zh_CN/content/versions/3.20/guides/transaction.adoc.po, 106, 106, 2474, 2474, 0%
l10n/po/zh_CN/content/versions/3.34/guides/transaction.adoc.po, 106, 106, 2474, 2474, 0%
l10n/po/zh_CN/content/versions/3.27/guides/transaction.adoc.po, 106, 106, 2473, 2473, 0%
l10n/po/zh_CN/content/versions/3.33/guides/transaction.adoc.po, 106, 106, 2473, 2473, 0%
l10n/po/zh_CN/content/versions/3.2/guides/infinispan-dev-services.adoc.po, 134, 134, 2472, 2472, 0%
l10n/po/zh_CN/content/versions/3.8/guides/databases-dev-services.adoc.po, 159, 159, 2468, 2468, 0%
l10n/po/zh_CN/content/versions/3.8/guides/hibernate-orm-panache.adoc.po, 135, 135, 2467, 2467, 0%
l10n/po/zh_CN/content/versions/3.8/guides/qute.adoc.po, 155, 155, 2467, 2467, 0%
l10n/po/zh_CN/content/versions/3.20/guides/security-openid-connect-client-registration.adoc.po, 197, 197, 2458, 2458, 0%
l10n/po/zh_CN/content/versions/3.33/guides/security-openid-connect-client-registration.adoc.po, 186, 186, 2448, 2448, 0%
l10n/po/zh_CN/content/versions/3.2/guides/databases-dev-services.adoc.po, 158, 158, 2439, 2439, 0%
l10n/po/zh_CN/content/versions/2.16/guides/smallrye-health.adoc.po, 175, 175, 2433, 2433, 0%
l10n/po/zh_CN/content/versions/3.15/guides/scheduler-reference.adoc.po, 146, 146, 2429, 2429, 0%
l10n/po/zh_CN/content/versions/3.33/guides/opentelemetry-tracing.adoc.po, 189, 189, 2426, 2426, 0%
l10n/po/zh_CN/content/versions/3.34/guides/opentelemetry-tracing.adoc.po, 189, 189, 2426, 2426, 0%
l10n/po/zh_CN/content/versions/2.13/guides/hibernate-orm-panache.adoc.po, 133, 133, 2421, 2421, 0%
l10n/po/zh_CN/content/versions/3.2/guides/cdi-integration.adoc.po, 142, 142, 2421, 2421, 0%
l10n/po/zh_CN/content/versions/3.27/guides/writing-native-applications-tips.adoc.po, 110, 110, 2417, 2417, 0%
l10n/po/zh_CN/content/posts/2023-04-26-quarkus-3-0-final-released.adoc.po, 154, 154, 2416, 2416, 0%
l10n/po/zh_CN/content/versions/2.16/guides/hibernate-orm-panache.adoc.po, 133, 133, 2415, 2415, 0%
l10n/po/zh_CN/content/versions/2.13/guides/hibernate-reactive-panache.adoc.po, 129, 129, 2414, 2414, 0%
l10n/po/zh_CN/content/versions/2.16/guides/hibernate-reactive-panache.adoc.po, 129, 129, 2414, 2414, 0%
l10n/po/zh_CN/content/versions/3.15/guides/transaction.adoc.po, 104, 104, 2413, 2413, 0%
l10n/po/zh_CN/content/versions/3.2/guides/transaction.adoc.po, 104, 104, 2413, 2413, 0%
l10n/po/zh_CN/content/versions/3.8/guides/transaction.adoc.po, 104, 104, 2413, 2413, 0%
l10n/po/zh_CN/content/versions/3.2/guides/doc-reference.adoc.po, 302, 302, 2405, 2405, 0%
l10n/po/zh_CN/content/versions/3.15/guides/cdi-integration.adoc.po, 143, 143, 2403, 2403, 0%
l10n/po/zh_CN/content/guides/writing-native-applications-tips.adoc.po, 109, 109, 2402, 2402, 0%
l10n/po/zh_CN/content/versions/3.33/guides/writing-native-applications-tips.adoc.po, 109, 109, 2402, 2402, 0%
l10n/po/zh_CN/content/versions/3.34/guides/writing-native-applications-tips.adoc.po, 109, 109, 2402, 2402, 0%
l10n/po/zh_CN/content/versions/main/guides/writing-native-applications-tips.adoc.po, 109, 109, 2402, 2402, 0%
l10n/po/zh_CN/content/versions/3.8/guides/security-openid-connect-multitenancy.adoc.po, 150, 150, 2394, 2394, 0%
l10n/po/zh_CN/content/versions/2.16/guides/config-reference.adoc.po, 171, 171, 2391, 2391, 0%
l10n/po/zh_CN/content/versions/3.8/guides/cdi-integration.adoc.po, 142, 142, 2390, 2390, 0%
l10n/po/zh_CN/content/versions/3.8/guides/writing-native-applications-tips.adoc.po, 106, 106, 2390, 2390, 0%
l10n/po/zh_CN/content/versions/3.15/guides/doc-reference.adoc.po, 300, 300, 2386, 2386, 0%
l10n/po/zh_CN/content/versions/3.20/guides/doc-reference.adoc.po, 300, 300, 2386, 2386, 0%
l10n/po/zh_CN/content/versions/3.27/guides/doc-reference.adoc.po, 300, 300, 2386, 2386, 0%
l10n/po/zh_CN/content/versions/3.33/guides/doc-reference.adoc.po, 300, 300, 2386, 2386, 0%
l10n/po/zh_CN/content/versions/3.34/guides/doc-reference.adoc.po, 300, 300, 2386, 2386, 0%
l10n/po/zh_CN/content/versions/3.8/guides/doc-reference.adoc.po, 300, 300, 2386, 2386, 0%
l10n/po/zh_CN/content/versions/3.20/guides/writing-native-applications-tips.adoc.po, 107, 107, 2380, 2380, 0%
l10n/po/zh_CN/content/posts/2026-02-24-leyden-1.adoc.po, 117, 117, 2379, 2379, 0%
l10n/po/zh_CN/content/versions/2.13/guides/smallrye-health.adoc.po, 171, 171, 2376, 2376, 0%
l10n/po/zh_CN/content/versions/3.2/guides/grpc-service-implementation.adoc.po, 223, 223, 2373, 2373, 0%
l10n/po/zh_CN/content/versions/2.13/guides/config-reference.adoc.po, 167, 167, 2369, 2369, 0%
l10n/po/zh_CN/content/guides/rabbitmq-reference.adoc.po, 251, 251, 2368, 2368, 0%
l10n/po/zh_CN/content/versions/3.15/guides/rabbitmq-reference.adoc.po, 251, 251, 2368, 2368, 0%
l10n/po/zh_CN/content/versions/3.20/guides/rabbitmq-reference.adoc.po, 251, 251, 2368, 2368, 0%
l10n/po/zh_CN/content/versions/3.27/guides/rabbitmq-reference.adoc.po, 251, 251, 2368, 2368, 0%
l10n/po/zh_CN/content/versions/3.33/guides/rabbitmq-reference.adoc.po, 251, 251, 2368, 2368, 0%
l10n/po/zh_CN/content/versions/3.34/guides/rabbitmq-reference.adoc.po, 251, 251, 2368, 2368, 0%
l10n/po/zh_CN/content/versions/main/guides/rabbitmq-reference.adoc.po, 251, 251, 2368, 2368, 0%
l10n/po/zh_CN/content/versions/2.16/guides/security-overview-concept.adoc.po, 140, 140, 2355, 2355, 0%
l10n/po/zh_CN/content/versions/3.15/guides/writing-native-applications-tips.adoc.po, 104, 104, 2348, 2348, 0%
l10n/po/zh_CN/content/versions/2.13/guides/security.adoc.po, 139, 139, 2339, 2339, 0%
l10n/po/zh_CN/content/versions/3.8/guides/rabbitmq-reference.adoc.po, 248, 248, 2333, 2333, 0%
l10n/po/zh_CN/content/posts/2026-06-01-quarkus-insights-249-coding-agents.adoc.po, 234, 234, 2324, 2324, 0%
l10n/po/zh_CN/content/versions/2.13/guides/qute.adoc.po, 135, 135, 2318, 2318, 0%
l10n/po/zh_CN/content/versions/2.16/guides/qute.adoc.po, 135, 135, 2318, 2318, 0%
l10n/po/zh_CN/content/versions/3.2/guides/qute.adoc.po, 149, 149, 2314, 2314, 0%
l10n/po/zh_CN/content/guides/doc-reference.adoc.po, 258, 258, 2306, 2306, 0%
l10n/po/zh_CN/content/versions/2.13/guides/optaplanner.adoc.po, 139, 139, 2306, 2306, 0%
l10n/po/zh_CN/content/versions/2.16/guides/optaplanner.adoc.po, 139, 139, 2306, 2306, 0%
l10n/po/zh_CN/content/versions/main/guides/doc-reference.adoc.po, 258, 258, 2306, 2306, 0%
l10n/po/zh_CN/content/versions/3.2/guides/optaplanner.adoc.po, 139, 139, 2295, 2295, 0%
l10n/po/zh_CN/content/versions/3.2/guides/writing-native-applications-tips.adoc.po, 101, 101, 2279, 2279, 0%
l10n/po/zh_CN/content/posts/2025-05-21-secure-mcp-client.adoc.po, 111, 111, 2275, 2275, 0%
l10n/po/zh_CN/content/posts/2022-04-05-camel-quarkus-effortless-apis.adoc.po, 102, 102, 2273, 2273, 0%
l10n/po/zh_CN/content/posts/2024-08-19-quarkus-metaprogramming.adoc.po, 53, 53, 2268, 2268, 0%
l10n/po/zh_CN/content/versions/2.13/guides/writing-native-applications-tips.adoc.po, 100, 100, 2258, 2258, 0%
l10n/po/zh_CN/content/versions/2.16/guides/writing-native-applications-tips.adoc.po, 100, 100, 2258, 2258, 0%
l10n/po/zh_CN/content/versions/2.16/guides/rabbitmq-reference.adoc.po, 243, 243, 2254, 2254, 0%
l10n/po/zh_CN/content/versions/3.2/guides/rabbitmq-reference.adoc.po, 243, 243, 2254, 2254, 0%
l10n/po/zh_CN/content/posts/2026-07-23-to-cache-or-not-to-cache-virtual-threads.adoc.po, 116, 116, 2246, 2246, 0%
l10n/po/zh_CN/content/versions/2.16/guides/cdi-integration.adoc.po, 133, 133, 2243, 2243, 0%
l10n/po/zh_CN/_data/versioned/3-2/index/quarkus.yaml.po, 239, 970, 2238, 4722, 53%
l10n/po/zh_CN/content/guides/jfr.adoc.po, 138, 138, 2223, 2223, 0%
l10n/po/zh_CN/content/versions/3.33/guides/jfr.adoc.po, 138, 138, 2223, 2223, 0%
l10n/po/zh_CN/content/versions/3.34/guides/jfr.adoc.po, 138, 138, 2223, 2223, 0%
l10n/po/zh_CN/content/versions/3.8/guides/grpc-service-consumption.adoc.po, 248, 248, 2223, 2223, 0%
l10n/po/zh_CN/content/versions/main/guides/jfr.adoc.po, 138, 138, 2223, 2223, 0%
l10n/po/zh_CN/content/posts/2025-03-13-gemini-personal-assistant.adoc.po, 105, 105, 2220, 2220, 0%
l10n/po/zh_CN/content/versions/2.13/guides/cdi-integration.adoc.po, 130, 130, 2204, 2204, 0%
l10n/po/zh_CN/content/versions/2.13/guides/class-loading-reference.adoc.po, 87, 87, 2203, 2203, 0%
l10n/po/zh_CN/content/versions/2.16/guides/class-loading-reference.adoc.po, 87, 87, 2203, 2203, 0%
l10n/po/zh_CN/content/guides/class-loading-reference.adoc.po, 95, 95, 2201, 2201, 0%
l10n/po/zh_CN/content/versions/3.20/guides/class-loading-reference.adoc.po, 95, 95, 2201, 2201, 0%
l10n/po/zh_CN/content/versions/3.27/guides/class-loading-reference.adoc.po, 95, 95, 2201, 2201, 0%
l10n/po/zh_CN/content/versions/3.33/guides/class-loading-reference.adoc.po, 95, 95, 2201, 2201, 0%
l10n/po/zh_CN/content/versions/3.34/guides/class-loading-reference.adoc.po, 95, 95, 2201, 2201, 0%
l10n/po/zh_CN/content/versions/main/guides/class-loading-reference.adoc.po, 95, 95, 2201, 2201, 0%
l10n/po/zh_CN/content/versions/3.2/guides/grpc-service-consumption.adoc.po, 244, 244, 2200, 2200, 0%
l10n/po/zh_CN/content/versions/3.15/guides/class-loading-reference.adoc.po, 95, 95, 2193, 2193, 0%
l10n/po/zh_CN/content/guides/infinispan-dev-services.adoc.po, 125, 125, 2190, 2190, 0%
l10n/po/zh_CN/content/versions/3.33/guides/infinispan-dev-services.adoc.po, 125, 125, 2190, 2190, 0%
l10n/po/zh_CN/content/versions/3.34/guides/infinispan-dev-services.adoc.po, 125, 125, 2190, 2190, 0%
l10n/po/zh_CN/content/versions/main/guides/infinispan-dev-services.adoc.po, 125, 125, 2190, 2190, 0%
l10n/po/zh_CN/content/posts/2026-03-02-new-benchmarks.adoc.po, 37, 37, 2182, 2182, 0%
l10n/po/zh_CN/content/posts/2024-10-16-quarkiverse-and-smallrye-new-release-process.adoc.po, 76, 76, 2181, 2181, 0%
l10n/po/zh_CN/content/versions/3.8/guides/class-loading-reference.adoc.po, 95, 95, 2175, 2175, 0%
l10n/po/zh_CN/content/versions/3.2/guides/class-loading-reference.adoc.po, 94, 94, 2160, 2160, 0%
l10n/po/zh_CN/content/posts/2023-09-11-live-diff-and-update-using-idea.adoc.po, 93, 93, 2159, 2159, 0%
l10n/po/zh_CN/content/versions/2.16/guides/grpc-service-implementation.adoc.po, 198, 198, 2155, 2155, 0%
l10n/po/zh_CN/templates/layouts/quarkus3.html.po, 741, 741, 2152, 2152, 0%
l10n/po/zh_CN/content/guides/aws-lambda-http.adoc.po, 114, 114, 2133, 2133, 0%
l10n/po/zh_CN/content/versions/3.33/guides/aws-lambda-http.adoc.po, 114, 114, 2133, 2133, 0%
l10n/po/zh_CN/content/versions/main/guides/aws-lambda-http.adoc.po, 114, 114, 2133, 2133, 0%
l10n/po/zh_CN/content/versions/2.16/guides/security-built-in-authentication-support-concept.adoc.po, 127, 127, 2131, 2131, 0%
l10n/po/zh_CN/content/versions/2.13/guides/security-built-in-authentication.adoc.po, 137, 137, 2129, 2129, 0%
l10n/po/zh_CN/content/versions/3.15/guides/smallrye-fault-tolerance.adoc.po, 104, 104, 2122, 2122, 0%
l10n/po/zh_CN/content/versions/3.34/guides/hibernate-panache-next.adoc.po, 163, 163, 2122, 2122, 0%
l10n/po/zh_CN/content/posts/2020-11-02-quarkus-native-on-a-raspberry-pi.adoc.po, 147, 147, 2121, 2121, 0%
l10n/po/zh_CN/content/versions/3.33/guides/hibernate-panache-next.adoc.po, 163, 163, 2113, 2113, 0%
l10n/po/zh_CN/content/versions/3.27/guides/jfr.adoc.po, 130, 130, 2112, 2112, 0%
l10n/po/zh_CN/content/versions/2.16/guides/opentelemetry.adoc.po, 165, 165, 2111, 2111, 0%
l10n/po/zh_CN/content/versions/2.13/guides/rabbitmq-reference.adoc.po, 224, 224, 2094, 2094, 0%
l10n/po/zh_CN/content/versions/3.20/guides/getting-started.adoc.po, 159, 159, 2090, 2090, 0%
l10n/po/zh_CN/content/versions/3.27/guides/getting-started.adoc.po, 159, 159, 2090, 2090, 0%
l10n/po/zh_CN/content/versions/2.16/guides/grpc-service-consumption.adoc.po, 204, 204, 2089, 2089, 0%
l10n/po/zh_CN/content/guides/cli-tooling.adoc.po, 169, 169, 2086, 2086, 0%
l10n/po/zh_CN/content/versions/3.27/guides/cli-tooling.adoc.po, 169, 169, 2086, 2086, 0%
l10n/po/zh_CN/content/versions/3.33/guides/cli-tooling.adoc.po, 169, 169, 2086, 2086, 0%
l10n/po/zh_CN/content/versions/3.34/guides/cli-tooling.adoc.po, 169, 169, 2086, 2086, 0%
l10n/po/zh_CN/content/versions/main/guides/cli-tooling.adoc.po, 169, 169, 2086, 2086, 0%
l10n/po/zh_CN/content/versions/3.27/guides/infinispan-dev-services.adoc.po, 113, 113, 2085, 2085, 0%
l10n/po/zh_CN/content/guides/jreleaser.adoc.po, 72, 72, 2074, 2074, 0%
l10n/po/zh_CN/content/versions/3.15/guides/getting-started.adoc.po, 159, 159, 2074, 2074, 0%
l10n/po/zh_CN/content/versions/3.27/guides/jreleaser.adoc.po, 72, 72, 2074, 2074, 0%
l10n/po/zh_CN/content/versions/3.33/guides/jreleaser.adoc.po, 72, 72, 2074, 2074, 0%
l10n/po/zh_CN/content/versions/3.34/guides/aws-lambda-http.adoc.po, 113, 113, 2074, 2074, 0%
l10n/po/zh_CN/content/versions/3.34/guides/jreleaser.adoc.po, 72, 72, 2074, 2074, 0%
l10n/po/zh_CN/content/versions/main/guides/jreleaser.adoc.po, 72, 72, 2074, 2074, 0%
l10n/po/zh_CN/content/versions/2.13/guides/opentelemetry.adoc.po, 157, 157, 2072, 2072, 0%
l10n/po/zh_CN/content/versions/3.20/guides/aws-lambda-http.adoc.po, 113, 113, 2072, 2072, 0%
l10n/po/zh_CN/content/versions/3.27/guides/aws-lambda-http.adoc.po, 113, 113, 2072, 2072, 0%
l10n/po/zh_CN/content/posts/2022-02-22-quarkus-superheroes-to-the-rescue.adoc.po, 88, 88, 2070, 2070, 0%
l10n/po/zh_CN/content/versions/3.20/guides/infinispan-dev-services.adoc.po, 111, 111, 2069, 2069, 0%
l10n/po/zh_CN/content/versions/3.27/guides/opentelemetry-tracing.adoc.po, 169, 169, 2066, 2066, 0%
l10n/po/zh_CN/content/versions/3.33/guides/getting-started.adoc.po, 159, 159, 2065, 2065, 0%
l10n/po/zh_CN/content/versions/3.34/guides/getting-started.adoc.po, 159, 159, 2065, 2065, 0%
l10n/po/zh_CN/content/versions/3.20/guides/opentelemetry-tracing.adoc.po, 169, 169, 2064, 2064, 0%
l10n/po/zh_CN/content/guides/centralized-log-management.adoc.po, 181, 181, 2060, 2060, 0%
l10n/po/zh_CN/content/versions/3.20/guides/centralized-log-management.adoc.po, 181, 181, 2060, 2060, 0%
l10n/po/zh_CN/content/versions/3.27/guides/centralized-log-management.adoc.po, 181, 181, 2060, 2060, 0%
l10n/po/zh_CN/content/versions/3.33/guides/centralized-log-management.adoc.po, 181, 181, 2060, 2060, 0%
l10n/po/zh_CN/content/versions/3.34/guides/centralized-log-management.adoc.po, 181, 181, 2060, 2060, 0%
l10n/po/zh_CN/content/versions/main/guides/centralized-log-management.adoc.po, 181, 181, 2060, 2060, 0%
l10n/po/zh_CN/content/posts/2021-02-10-resteasy-reactive-faq.adoc.po, 55, 55, 2059, 2059, 0%
l10n/po/zh_CN/content/versions/3.8/guides/getting-started.adoc.po, 159, 159, 2058, 2058, 0%
l10n/po/zh_CN/content/versions/3.15/guides/infinispan-dev-services.adoc.po, 111, 111, 2056, 2056, 0%
l10n/po/zh_CN/content/versions/2.13/guides/quartz.adoc.po, 190, 190, 2055, 2055, 0%
l10n/po/zh_CN/content/versions/2.13/guides/jreleaser.adoc.po, 71, 71, 2050, 2050, 0%
l10n/po/zh_CN/content/versions/2.16/guides/jreleaser.adoc.po, 71, 71, 2050, 2050, 0%
l10n/po/zh_CN/content/versions/3.15/guides/jreleaser.adoc.po, 71, 71, 2047, 2047, 0%
l10n/po/zh_CN/content/versions/3.2/guides/jreleaser.adoc.po, 71, 71, 2047, 2047, 0%
l10n/po/zh_CN/content/versions/3.2/guides/security-openid-connect-multitenancy.adoc.po, 126, 126, 2047, 2047, 0%
l10n/po/zh_CN/content/versions/3.20/guides/jreleaser.adoc.po, 71, 71, 2047, 2047, 0%
l10n/po/zh_CN/content/versions/3.8/guides/jreleaser.adoc.po, 71, 71, 2047, 2047, 0%
l10n/po/zh_CN/content/versions/2.13/guides/elasticsearch.adoc.po, 163, 163, 2040, 2040, 0%
l10n/po/zh_CN/content/versions/2.16/guides/elasticsearch.adoc.po, 163, 163, 2040, 2040, 0%
l10n/po/zh_CN/content/versions/3.2/guides/getting-started.adoc.po, 159, 159, 2035, 2035, 0%
l10n/po/zh_CN/content/versions/2.16/guides/doc-reference.adoc.po, 276, 276, 2034, 2034, 0%
l10n/po/zh_CN/content/versions/3.20/guides/cdi.adoc.po, 109, 109, 2030, 2030, 0%
l10n/po/zh_CN/content/versions/3.27/guides/cdi.adoc.po, 109, 109, 2030, 2030, 0%
l10n/po/zh_CN/content/guides/cdi.adoc.po, 109, 109, 2028, 2028, 0%
l10n/po/zh_CN/content/versions/2.16/guides/cdi.adoc.po, 108, 108, 2028, 2028, 0%
l10n/po/zh_CN/content/versions/3.33/guides/cdi.adoc.po, 109, 109, 2028, 2028, 0%
l10n/po/zh_CN/content/versions/3.34/guides/cdi.adoc.po, 109, 109, 2028, 2028, 0%
l10n/po/zh_CN/content/versions/main/guides/cdi.adoc.po, 109, 109, 2028, 2028, 0%
l10n/po/zh_CN/content/posts/2023-12-04-testing-quarkus-with-citrus.adoc.po, 68, 68, 2026, 2026, 0%
l10n/po/zh_CN/content/versions/2.13/guides/cdi.adoc.po, 108, 108, 2024, 2024, 0%
l10n/po/zh_CN/content/versions/3.15/guides/aws-lambda-http.adoc.po, 112, 112, 2017, 2017, 0%
l10n/po/zh_CN/content/versions/3.2/guides/amazon-lambda-http.adoc.po, 112, 112, 2017, 2017, 0%
l10n/po/zh_CN/content/versions/3.8/guides/aws-lambda-http.adoc.po, 112, 112, 2017, 2017, 0%
l10n/po/zh_CN/content/versions/3.15/guides/cdi.adoc.po, 108, 108, 2015, 2015, 0%
l10n/po/zh_CN/content/versions/3.15/guides/doc-contribute-docs-howto.adoc.po, 137, 137, 2005, 2005, 0%
l10n/po/zh_CN/content/versions/3.2/guides/doc-contribute-docs-howto.adoc.po, 137, 137, 2005, 2005, 0%
l10n/po/zh_CN/content/versions/3.20/guides/doc-contribute-docs-howto.adoc.po, 137, 137, 2005, 2005, 0%
l10n/po/zh_CN/content/versions/3.27/guides/doc-contribute-docs-howto.adoc.po, 137, 137, 2005, 2005, 0%
l10n/po/zh_CN/content/versions/3.8/guides/doc-contribute-docs-howto.adoc.po, 137, 137, 2005, 2005, 0%
l10n/po/zh_CN/content/versions/3.15/guides/cli-tooling.adoc.po, 165, 165, 2004, 2004, 0%
l10n/po/zh_CN/content/versions/3.20/guides/cli-tooling.adoc.po, 165, 165, 2004, 2004, 0%
l10n/po/zh_CN/content/versions/3.33/guides/doc-contribute-docs-howto.adoc.po, 137, 137, 2004, 2004, 0%
l10n/po/zh_CN/content/versions/3.34/guides/doc-contribute-docs-howto.adoc.po, 137, 137, 2004, 2004, 0%
l10n/po/zh_CN/content/versions/3.8/guides/cli-tooling.adoc.po, 165, 165, 2004, 2004, 0%
l10n/po/zh_CN/content/versions/2.16/guides/amazon-lambda-http.adoc.po, 111, 111, 2002, 2002, 0%
l10n/po/zh_CN/content/versions/3.2/guides/rest-client.adoc.po, 120, 120, 2001, 2001, 0%
l10n/po/zh_CN/content/versions/main/guides/reactive-routes.adoc.po, 153, 153, 2001, 2001, 0%
l10n/po/zh_CN/content/guides/software-transactional-memory.adoc.po, 45, 45, 1999, 1999, 0%
l10n/po/zh_CN/content/versions/2.13/guides/software-transactional-memory.adoc.po, 45, 45, 1999, 1999, 0%
l10n/po/zh_CN/content/versions/2.16/guides/software-transactional-memory.adoc.po, 45, 45, 1999, 1999, 0%
l10n/po/zh_CN/content/versions/3.15/guides/software-transactional-memory.adoc.po, 45, 45, 1999, 1999, 0%
l10n/po/zh_CN/content/versions/3.2/guides/software-transactional-memory.adoc.po, 45, 45, 1999, 1999, 0%
l10n/po/zh_CN/content/versions/3.20/guides/software-transactional-memory.adoc.po, 45, 45, 1999, 1999, 0%
l10n/po/zh_CN/content/versions/3.27/guides/software-transactional-memory.adoc.po, 45, 45, 1999, 1999, 0%
l10n/po/zh_CN/content/versions/3.33/guides/software-transactional-memory.adoc.po, 45, 45, 1999, 1999, 0%
l10n/po/zh_CN/content/versions/3.34/guides/software-transactional-memory.adoc.po, 45, 45, 1999, 1999, 0%
l10n/po/zh_CN/content/versions/3.8/guides/software-transactional-memory.adoc.po, 45, 45, 1999, 1999, 0%
l10n/po/zh_CN/content/versions/main/guides/software-transactional-memory.adoc.po, 45, 45, 1999, 1999, 0%
l10n/po/zh_CN/content/versions/3.2/guides/cli-tooling.adoc.po, 164, 164, 1997, 1997, 0%
l10n/po/zh_CN/content/guides/doc-contribute-docs-howto.adoc.po, 138, 138, 1992, 1992, 0%
l10n/po/zh_CN/content/versions/main/guides/doc-contribute-docs-howto.adoc.po, 138, 138, 1992, 1992, 0%
l10n/po/zh_CN/content/versions/3.8/guides/scheduler-reference.adoc.po, 119, 119, 1987, 1987, 0%
l10n/po/zh_CN/content/versions/3.2/guides/cdi.adoc.po, 108, 108, 1986, 1986, 0%
l10n/po/zh_CN/content/versions/3.8/guides/cdi.adoc.po, 108, 108, 1984, 1984, 0%
l10n/po/zh_CN/content/guides/reactive-routes.adoc.po, 152, 152, 1972, 1972, 0%
l10n/po/zh_CN/content/versions/3.15/guides/reactive-routes.adoc.po, 152, 152, 1972, 1972, 0%
l10n/po/zh_CN/content/versions/3.20/guides/reactive-routes.adoc.po, 152, 152, 1972, 1972, 0%
l10n/po/zh_CN/content/versions/3.27/guides/reactive-routes.adoc.po, 152, 152, 1972, 1972, 0%
l10n/po/zh_CN/content/versions/3.33/guides/reactive-routes.adoc.po, 152, 152, 1972, 1972, 0%
l10n/po/zh_CN/content/versions/3.34/guides/reactive-routes.adoc.po, 152, 152, 1972, 1972, 0%
l10n/po/zh_CN/content/versions/3.8/guides/reactive-routes.adoc.po, 152, 152, 1972, 1972, 0%
l10n/po/zh_CN/content/posts/2026-06-10-when-the-jit-cant-keep-up.adoc.po, 70, 70, 1971, 1971, 0%
l10n/po/zh_CN/content/versions/3.15/guides/opentelemetry-tracing.adoc.po, 166, 166, 1971, 1971, 0%
l10n/po/zh_CN/content/posts/2021-09-01-using-lra.adoc.po, 78, 78, 1964, 1964, 0%
l10n/po/zh_CN/content/posts/2026-06-08-quarkus-insights-250-quarkus-data.adoc.po, 117, 117, 1962, 1962, 0%
l10n/po/zh_CN/content/versions/2.13/guides/grpc-service-implementation.adoc.po, 186, 186, 1952, 1952, 0%
l10n/po/zh_CN/content/versions/2.16/guides/transaction.adoc.po, 79, 79, 1950, 1950, 0%
l10n/po/zh_CN/content/posts/2026-06-30-quarkus-insights-253-build-analytics.adoc.po, 98, 98, 1942, 1942, 0%
l10n/po/zh_CN/content/versions/3.20/guides/jfr.adoc.po, 118, 118, 1942, 1942, 0%
l10n/po/zh_CN/content/guides/security-csrf-prevention.adoc.po, 139, 139, 1941, 1941, 0%
l10n/po/zh_CN/content/versions/3.33/guides/security-csrf-prevention.adoc.po, 139, 139, 1941, 1941, 0%
l10n/po/zh_CN/content/versions/3.34/guides/security-csrf-prevention.adoc.po, 139, 139, 1941, 1941, 0%
l10n/po/zh_CN/content/versions/main/guides/security-csrf-prevention.adoc.po, 139, 139, 1941, 1941, 0%
l10n/po/zh_CN/content/versions/2.13/guides/grpc-service-consumption.adoc.po, 183, 183, 1939, 1939, 0%
l10n/po/zh_CN/content/versions/3.2/guides/security-authorize-web-endpoints-reference.adoc.po, 112, 112, 1931, 1931, 0%
l10n/po/zh_CN/content/versions/3.2/guides/opentracing.adoc.po, 180, 180, 1929, 1929, 0%
l10n/po/zh_CN/content/posts/2026-07-14-quarkus-insights-254-ddd-hexagonal-architecture-part2.adoc.po, 87, 87, 1925, 1925, 0%
l10n/po/zh_CN/content/guides/kafka-schema-registry-avro.adoc.po, 127, 127, 1923, 1923, 0%
l10n/po/zh_CN/content/versions/3.33/guides/kafka-schema-registry-avro.adoc.po, 127, 127, 1923, 1923, 0%
l10n/po/zh_CN/content/versions/3.34/guides/kafka-schema-registry-avro.adoc.po, 127, 127, 1923, 1923, 0%
l10n/po/zh_CN/content/versions/main/guides/kafka-schema-registry-avro.adoc.po, 127, 127, 1923, 1923, 0%
l10n/po/zh_CN/content/guides/mutiny-primer.adoc.po, 125, 125, 1922, 1922, 0%
l10n/po/zh_CN/content/versions/2.13/guides/mutiny-primer.adoc.po, 126, 126, 1922, 1922, 0%
l10n/po/zh_CN/content/versions/3.15/guides/mutiny-primer.adoc.po, 125, 125, 1922, 1922, 0%
l10n/po/zh_CN/content/versions/3.20/guides/mutiny-primer.adoc.po, 125, 125, 1922, 1922, 0%
l10n/po/zh_CN/content/versions/3.27/guides/mutiny-primer.adoc.po, 125, 125, 1922, 1922, 0%
l10n/po/zh_CN/content/versions/3.33/guides/mutiny-primer.adoc.po, 125, 125, 1922, 1922, 0%
l10n/po/zh_CN/content/versions/3.34/guides/mutiny-primer.adoc.po, 125, 125, 1922, 1922, 0%
l10n/po/zh_CN/content/versions/main/guides/mutiny-primer.adoc.po, 125, 125, 1922, 1922, 0%
l10n/po/zh_CN/content/versions/2.13/guides/reactive-routes.adoc.po, 150, 150, 1919, 1919, 0%
l10n/po/zh_CN/content/versions/2.16/guides/mutiny-primer.adoc.po, 125, 125, 1919, 1919, 0%
l10n/po/zh_CN/content/versions/2.16/guides/reactive-routes.adoc.po, 150, 150, 1919, 1919, 0%
l10n/po/zh_CN/content/versions/3.15/guides/jfr.adoc.po, 117, 117, 1919, 1919, 0%
l10n/po/zh_CN/content/versions/3.2/guides/mutiny-primer.adoc.po, 125, 125, 1919, 1919, 0%
l10n/po/zh_CN/content/versions/3.2/guides/reactive-routes.adoc.po, 150, 150, 1919, 1919, 0%
l10n/po/zh_CN/content/versions/3.8/guides/mutiny-primer.adoc.po, 125, 125, 1919, 1919, 0%
l10n/po/zh_CN/content/posts/2026-05-04-semeru-scc.adoc.po, 125, 125, 1907, 1907, 0%
l10n/po/zh_CN/content/versions/3.2/guides/scheduler-reference.adoc.po, 119, 119, 1905, 1905, 0%
l10n/po/zh_CN/content/guides/azure-functions-http.adoc.po, 163, 163, 1902, 1902, 0%
l10n/po/zh_CN/content/versions/3.33/guides/azure-functions-http.adoc.po, 163, 163, 1902, 1902, 0%
l10n/po/zh_CN/content/versions/3.34/guides/azure-functions-http.adoc.po, 163, 163, 1902, 1902, 0%
l10n/po/zh_CN/content/versions/main/guides/azure-functions-http.adoc.po, 163, 163, 1902, 1902, 0%
l10n/po/zh_CN/content/versions/2.13/guides/amazon-lambda-http.adoc.po, 106, 106, 1895, 1895, 0%
l10n/po/zh_CN/content/versions/2.13/guides/opentracing.adoc.po, 175, 175, 1895, 1895, 0%
l10n/po/zh_CN/content/versions/2.16/guides/opentracing.adoc.po, 175, 175, 1895, 1895, 0%
l10n/po/zh_CN/content/versions/main/guides/signals.adoc.po, 144, 144, 1895, 1895, 0%
l10n/po/zh_CN/content/versions/3.15/guides/centralized-log-management.adoc.po, 172, 172, 1893, 1893, 0%
l10n/po/zh_CN/content/versions/2.13/guides/virtual-threads.adoc.po, 77, 77, 1888, 1888, 0%
l10n/po/zh_CN/content/versions/2.16/guides/virtual-threads.adoc.po, 77, 77, 1888, 1888, 0%
l10n/po/zh_CN/content/versions/3.2/guides/virtual-threads.adoc.po, 77, 77, 1888, 1888, 0%
l10n/po/zh_CN/content/posts/2022-05-31-banco-do-brasil-open-banking-user-story.adoc.po, 81, 81, 1886, 1886, 0%
l10n/po/zh_CN/content/versions/3.8/guides/elasticsearch.adoc.po, 168, 168, 1882, 1882, 0%
l10n/po/zh_CN/content/guides/rabbitmq-dev-services.adoc.po, 146, 146, 1872, 1872, 0%
l10n/po/zh_CN/content/versions/3.20/guides/rabbitmq-dev-services.adoc.po, 146, 146, 1872, 1872, 0%
l10n/po/zh_CN/content/versions/3.27/guides/rabbitmq-dev-services.adoc.po, 146, 146, 1872, 1872, 0%
l10n/po/zh_CN/content/versions/3.33/guides/rabbitmq-dev-services.adoc.po, 146, 146, 1872, 1872, 0%
l10n/po/zh_CN/content/versions/3.34/guides/rabbitmq-dev-services.adoc.po, 146, 146, 1872, 1872, 0%
l10n/po/zh_CN/content/versions/main/guides/rabbitmq-dev-services.adoc.po, 146, 146, 1872, 1872, 0%
l10n/po/zh_CN/content/guides/opentelemetry-metrics.adoc.po, 191, 191, 1871, 1871, 0%
l10n/po/zh_CN/content/versions/3.2/guides/elasticsearch.adoc.po, 166, 166, 1870, 1870, 0%
l10n/po/zh_CN/content/guides/azure-functions.adoc.po, 162, 162, 1868, 1868, 0%
l10n/po/zh_CN/content/versions/3.33/guides/azure-functions.adoc.po, 162, 162, 1868, 1868, 0%
l10n/po/zh_CN/content/versions/3.34/guides/azure-functions.adoc.po, 162, 162, 1868, 1868, 0%
l10n/po/zh_CN/content/versions/main/guides/azure-functions.adoc.po, 162, 162, 1868, 1868, 0%
l10n/po/zh_CN/content/versions/2.13/guides/transaction.adoc.po, 74, 74, 1863, 1863, 0%
l10n/po/zh_CN/content/guides/security-openid-connect-client.adoc.po, 136, 136, 1855, 1855, 0%
l10n/po/zh_CN/content/versions/3.33/guides/security-openid-connect-client.adoc.po, 136, 136, 1855, 1855, 0%
l10n/po/zh_CN/content/versions/main/guides/security-openid-connect-client.adoc.po, 136, 136, 1855, 1855, 0%
l10n/po/zh_CN/content/versions/2.16/guides/rest-client.adoc.po, 113, 113, 1850, 1850, 0%
l10n/po/zh_CN/content/versions/3.8/guides/centralized-log-management.adoc.po, 172, 172, 1850, 1850, 0%
l10n/po/zh_CN/content/versions/3.33/guides/opentelemetry-metrics.adoc.po, 189, 189, 1845, 1845, 0%
l10n/po/zh_CN/content/versions/3.34/guides/opentelemetry-metrics.adoc.po, 189, 189, 1845, 1845, 0%
l10n/po/zh_CN/content/versions/3.15/guides/liquibase.adoc.po, 184, 184, 1838, 1838, 0%
l10n/po/zh_CN/content/versions/3.27/guides/opentelemetry-metrics.adoc.po, 189, 189, 1837, 1837, 0%
l10n/po/zh_CN/content/posts/2023-06-23-quarkus-cli.adoc.po, 88, 88, 1834, 1834, 0%
l10n/po/zh_CN/content/versions/3.33/guides/kafka-dev-services.adoc.po, 117, 117, 1834, 1834, 0%
l10n/po/zh_CN/content/versions/3.34/guides/kafka-dev-services.adoc.po, 117, 117, 1834, 1834, 0%
l10n/po/zh_CN/content/versions/2.16/guides/databases-dev-services.adoc.po, 130, 130, 1833, 1833, 0%
l10n/po/zh_CN/content/versions/main/guides/opentelemetry-metrics.adoc.po, 190, 190, 1827, 1827, 0%
l10n/po/zh_CN/content/guides/security-oauth2.adoc.po, 134, 134, 1816, 1816, 0%
l10n/po/zh_CN/content/versions/3.20/guides/security-csrf-prevention.adoc.po, 134, 134, 1816, 1816, 0%
l10n/po/zh_CN/content/versions/3.27/guides/security-csrf-prevention.adoc.po, 134, 134, 1816, 1816, 0%
l10n/po/zh_CN/content/versions/3.27/guides/security-oauth2.adoc.po, 134, 134, 1816, 1816, 0%
l10n/po/zh_CN/content/versions/3.33/guides/security-oauth2.adoc.po, 134, 134, 1816, 1816, 0%
l10n/po/zh_CN/content/versions/3.34/guides/security-oauth2.adoc.po, 134, 134, 1816, 1816, 0%
l10n/po/zh_CN/content/versions/main/guides/security-oauth2.adoc.po, 134, 134, 1816, 1816, 0%
l10n/po/zh_CN/content/guides/security-getting-started-tutorial.adoc.po, 129, 129, 1812, 1812, 0%
l10n/po/zh_CN/content/versions/3.27/guides/security-getting-started-tutorial.adoc.po, 129, 129, 1812, 1812, 0%
l10n/po/zh_CN/content/versions/3.33/guides/security-getting-started-tutorial.adoc.po, 129, 129, 1812, 1812, 0%
l10n/po/zh_CN/content/versions/3.34/guides/security-getting-started-tutorial.adoc.po, 129, 129, 1812, 1812, 0%
l10n/po/zh_CN/content/versions/main/guides/security-getting-started-tutorial.adoc.po, 129, 129, 1812, 1812, 0%
l10n/po/zh_CN/content/posts/2020-05-06-sedona-rewrites-insurance-premium.adoc.po, 50, 50, 1811, 1811, 0%
l10n/po/zh_CN/content/versions/3.15/guides/resteasy-client.adoc.po, 110, 110, 1808, 1808, 0%
l10n/po/zh_CN/content/versions/3.8/guides/resteasy-client.adoc.po, 110, 110, 1806, 1806, 0%
l10n/po/zh_CN/content/guides/kafka-dev-services.adoc.po, 117, 117, 1799, 1799, 0%
l10n/po/zh_CN/content/versions/main/guides/kafka-dev-services.adoc.po, 117, 117, 1799, 1799, 0%
l10n/po/zh_CN/content/posts/2026-06-23-mmaler-blogpost-3-quarkus-unpacked-foojay-podcast.adoc.po, 63, 63, 1790, 1790, 0%
l10n/po/zh_CN/content/versions/3.15/guides/security-csrf-prevention.adoc.po, 134, 134, 1789, 1789, 0%
l10n/po/zh_CN/content/versions/2.13/guides/rest-client.adoc.po, 110, 110, 1781, 1781, 0%
l10n/po/zh_CN/content/posts/2023-11-08-mandrel-23-1-image-size-increase.md.po, 91, 91, 1771, 1771, 0%
l10n/po/zh_CN/content/versions/3.27/guides/kafka-dev-services.adoc.po, 113, 113, 1771, 1771, 0%
l10n/po/zh_CN/content/guides/tests-with-coverage.adoc.po, 149, 149, 1770, 1770, 0%
l10n/po/zh_CN/content/versions/3.33/guides/tests-with-coverage.adoc.po, 149, 149, 1770, 1770, 0%
l10n/po/zh_CN/content/versions/3.34/guides/tests-with-coverage.adoc.po, 149, 149, 1770, 1770, 0%
l10n/po/zh_CN/content/versions/main/guides/tests-with-coverage.adoc.po, 149, 149, 1770, 1770, 0%
l10n/po/zh_CN/content/guides/security-jdbc.adoc.po, 169, 169, 1767, 1767, 0%
l10n/po/zh_CN/content/versions/3.20/guides/security-jdbc.adoc.po, 169, 169, 1767, 1767, 0%
l10n/po/zh_CN/content/versions/3.27/guides/security-jdbc.adoc.po, 169, 169, 1767, 1767, 0%
l10n/po/zh_CN/content/versions/3.33/guides/security-jdbc.adoc.po, 169, 169, 1767, 1767, 0%
l10n/po/zh_CN/content/versions/3.34/guides/security-jdbc.adoc.po, 169, 169, 1767, 1767, 0%
l10n/po/zh_CN/content/versions/main/guides/security-jdbc.adoc.po, 169, 169, 1767, 1767, 0%
l10n/po/zh_CN/content/versions/2.13/guides/kubernetes-client.adoc.po, 161, 161, 1758, 1758, 0%
l10n/po/zh_CN/content/versions/3.8/guides/security-csrf-prevention.adoc.po, 134, 134, 1758, 1758, 0%
l10n/po/zh_CN/content/posts/2025-04-28-secure-mcp-sse-server.adoc.po, 100, 100, 1755, 1755, 0%
l10n/po/zh_CN/content/guides/rest-json.adoc.po, 111, 111, 1743, 1743, 0%
l10n/po/zh_CN/content/versions/3.15/guides/rest-json.adoc.po, 111, 111, 1743, 1743, 0%
l10n/po/zh_CN/content/versions/3.20/guides/rest-json.adoc.po, 111, 111, 1743, 1743, 0%
l10n/po/zh_CN/content/versions/3.27/guides/rest-json.adoc.po, 111, 111, 1743, 1743, 0%
l10n/po/zh_CN/content/versions/3.33/guides/rest-json.adoc.po, 111, 111, 1743, 1743, 0%
l10n/po/zh_CN/content/versions/3.34/guides/rest-json.adoc.po, 111, 111, 1743, 1743, 0%
l10n/po/zh_CN/content/versions/main/guides/rest-json.adoc.po, 111, 111, 1743, 1743, 0%
l10n/po/zh_CN/content/versions/main/guides/extension-codestart.adoc.po, 141, 141, 1739, 1739, 0%
l10n/po/zh_CN/content/guides/elasticsearch-dev-services.adoc.po, 101, 101, 1737, 1737, 0%
l10n/po/zh_CN/content/versions/3.20/guides/elasticsearch-dev-services.adoc.po, 101, 101, 1737, 1737, 0%
l10n/po/zh_CN/content/versions/3.27/guides/elasticsearch-dev-services.adoc.po, 101, 101, 1737, 1737, 0%
l10n/po/zh_CN/content/versions/3.33/guides/elasticsearch-dev-services.adoc.po, 101, 101, 1737, 1737, 0%
l10n/po/zh_CN/content/versions/3.34/guides/elasticsearch-dev-services.adoc.po, 101, 101, 1737, 1737, 0%
l10n/po/zh_CN/content/versions/main/guides/elasticsearch-dev-services.adoc.po, 101, 101, 1737, 1737, 0%
l10n/po/zh_CN/content/posts/2020-10-05-contributing-for-the-first-time.adoc.po, 77, 77, 1734, 1734, 0%
l10n/po/zh_CN/content/guides/spring-cloud-config-client.adoc.po, 169, 169, 1727, 1727, 0%
l10n/po/zh_CN/content/versions/main/guides/spring-cloud-config-client.adoc.po, 169, 169, 1727, 1727, 0%
l10n/po/zh_CN/content/versions/3.20/guides/kafka-dev-services.adoc.po, 110, 110, 1724, 1724, 0%
l10n/po/zh_CN/content/versions/3.8/guides/smallrye-fault-tolerance.adoc.po, 92, 92, 1720, 1720, 0%
l10n/po/zh_CN/content/versions/3.15/guides/elasticsearch-dev-services.adoc.po, 101, 101, 1719, 1719, 0%
l10n/po/zh_CN/content/versions/3.27/guides/spring-cloud-config-client.adoc.po, 167, 167, 1716, 1716, 0%
l10n/po/zh_CN/content/versions/3.33/guides/spring-cloud-config-client.adoc.po, 167, 167, 1716, 1716, 0%
l10n/po/zh_CN/content/versions/3.34/guides/spring-cloud-config-client.adoc.po, 167, 167, 1716, 1716, 0%
l10n/po/zh_CN/content/versions/3.15/guides/security-jdbc.adoc.po, 169, 169, 1715, 1715, 0%
l10n/po/zh_CN/content/versions/3.15/guides/security-openid-connect-client.adoc.po, 125, 125, 1712, 1712, 0%
l10n/po/zh_CN/content/versions/3.20/guides/security-openid-connect-client.adoc.po, 125, 125, 1712, 1712, 0%
l10n/po/zh_CN/content/versions/3.27/guides/security-openid-connect-client.adoc.po, 125, 125, 1712, 1712, 0%
l10n/po/zh_CN/content/posts/2026-05-22-introducing-voting-pattern.adoc.po, 46, 46, 1711, 1711, 0%
l10n/po/zh_CN/content/posts/2025-11-12-agentic-ai-patterns.adoc.po, 30, 30, 1708, 1708, 0%
l10n/po/zh_CN/content/versions/3.34/guides/security-openid-connect-client.adoc.po, 124, 124, 1706, 1706, 0%
l10n/po/zh_CN/content/guides/extension-codestart.adoc.po, 140, 140, 1704, 1704, 0%
l10n/po/zh_CN/content/versions/3.33/guides/extension-codestart.adoc.po, 140, 140, 1704, 1704, 0%
l10n/po/zh_CN/content/versions/3.20/guides/extension-codestart.adoc.po, 140, 140, 1703, 1703, 0%
l10n/po/zh_CN/content/versions/3.27/guides/extension-codestart.adoc.po, 140, 140, 1703, 1703, 0%
l10n/po/zh_CN/content/versions/3.34/guides/extension-codestart.adoc.po, 140, 140, 1703, 1703, 0%
l10n/po/zh_CN/content/versions/3.8/guides/elasticsearch-dev-services.adoc.po, 101, 101, 1701, 1701, 0%
l10n/po/zh_CN/content/versions/3.20/guides/security-getting-started-tutorial.adoc.po, 119, 119, 1698, 1698, 0%
l10n/po/zh_CN/content/guides/getting-started-reactive.adoc.po, 80, 80, 1695, 1695, 0%
l10n/po/zh_CN/content/versions/main/guides/getting-started-reactive.adoc.po, 80, 80, 1695, 1695, 0%
l10n/po/zh_CN/content/versions/2.13/guides/kogito.adoc.po, 124, 124, 1693, 1693, 0%
l10n/po/zh_CN/content/versions/2.16/guides/kogito.adoc.po, 124, 124, 1693, 1693, 0%
l10n/po/zh_CN/content/versions/2.13/guides/smallrye-fault-tolerance.adoc.po, 89, 89, 1692, 1692, 0%
l10n/po/zh_CN/content/versions/2.16/guides/smallrye-fault-tolerance.adoc.po, 89, 89, 1692, 1692, 0%
l10n/po/zh_CN/content/versions/3.2/guides/smallrye-fault-tolerance.adoc.po, 89, 89, 1691, 1691, 0%
l10n/po/zh_CN/content/versions/3.8/guides/rest-json.adoc.po, 109, 109, 1691, 1691, 0%
l10n/po/zh_CN/content/posts/2020-03-16-ennovativesolutions-uses-quarkus-with-aws-lambda.adoc.po, 58, 58, 1685, 1685, 0%
l10n/po/zh_CN/content/versions/3.15/guides/security-getting-started-tutorial.adoc.po, 117, 117, 1682, 1682, 0%
l10n/po/zh_CN/content/versions/main/guides/kubernetes-config.adoc.po, 97, 97, 1680, 1680, 0%
l10n/po/zh_CN/content/versions/2.13/guides/getting-started-reactive.adoc.po, 78, 78, 1673, 1673, 0%
l10n/po/zh_CN/content/versions/2.16/guides/getting-started-reactive.adoc.po, 78, 78, 1673, 1673, 0%
l10n/po/zh_CN/content/versions/2.16/guides/security-jwt-build.adoc.po, 113, 113, 1673, 1673, 0%
l10n/po/zh_CN/content/versions/2.13/guides/security-jwt-build.adoc.po, 113, 113, 1672, 1672, 0%
l10n/po/zh_CN/content/guides/security-jwt-build.adoc.po, 134, 134, 1670, 1670, 0%
l10n/po/zh_CN/content/posts/2026-08-03-quarkus-insights-255-faster-leaner-predictable-quarkus.adoc.po, 49, 49, 1670, 1670, 0%
l10n/po/zh_CN/content/versions/3.20/guides/security-jwt-build.adoc.po, 134, 134, 1670, 1670, 0%
l10n/po/zh_CN/content/versions/3.27/guides/security-jwt-build.adoc.po, 134, 134, 1670, 1670, 0%
l10n/po/zh_CN/content/versions/3.33/guides/security-jwt-build.adoc.po, 134, 134, 1670, 1670, 0%
l10n/po/zh_CN/content/versions/3.34/guides/security-jwt-build.adoc.po, 134, 134, 1670, 1670, 0%
l10n/po/zh_CN/content/versions/main/guides/security-jwt-build.adoc.po, 134, 134, 1670, 1670, 0%
l10n/po/zh_CN/content/versions/3.15/guides/security-jwt-build.adoc.po, 113, 113, 1667, 1667, 0%
l10n/po/zh_CN/content/versions/3.2/guides/security-jwt-build.adoc.po, 113, 113, 1667, 1667, 0%
l10n/po/zh_CN/content/versions/3.33/guides/cyclonedx.adoc.po, 93, 93, 1667, 1667, 0%
l10n/po/zh_CN/content/versions/3.8/guides/security-jwt-build.adoc.po, 113, 113, 1667, 1667, 0%
l10n/po/zh_CN/content/versions/2.13/guides/centralized-log-management.adoc.po, 157, 157, 1665, 1665, 0%
l10n/po/zh_CN/content/versions/2.16/guides/centralized-log-management.adoc.po, 157, 157, 1665, 1665, 0%
l10n/po/zh_CN/content/versions/3.2/guides/centralized-log-management.adoc.po, 157, 157, 1662, 1662, 0%
l10n/po/zh_CN/content/versions/3.2/guides/rest-json.adoc.po, 106, 106, 1662, 1662, 0%
l10n/po/zh_CN/content/versions/main/guides/grpc-service-implementation.adoc.po, 128, 128, 1662, 1662, 0%
l10n/po/zh_CN/content/versions/2.13/guides/rest-json.adoc.po, 106, 106, 1661, 1661, 0%
l10n/po/zh_CN/content/versions/2.16/guides/rest-json.adoc.po, 106, 106, 1661, 1661, 0%
l10n/po/zh_CN/content/guides/quarkus-reactive-architecture.adoc.po, 66, 66, 1660, 1660, 0%
l10n/po/zh_CN/content/versions/3.15/guides/getting-started-reactive.adoc.po, 78, 78, 1660, 1660, 0%
l10n/po/zh_CN/content/versions/3.20/guides/getting-started-reactive.adoc.po, 78, 78, 1660, 1660, 0%
l10n/po/zh_CN/content/versions/3.27/guides/getting-started-reactive.adoc.po, 78, 78, 1660, 1660, 0%
l10n/po/zh_CN/content/versions/3.33/guides/getting-started-reactive.adoc.po, 78, 78, 1660, 1660, 0%
l10n/po/zh_CN/content/versions/3.33/guides/quarkus-reactive-architecture.adoc.po, 66, 66, 1660, 1660, 0%
l10n/po/zh_CN/content/versions/3.34/guides/getting-started-reactive.adoc.po, 78, 78, 1660, 1660, 0%
l10n/po/zh_CN/content/versions/main/guides/quarkus-reactive-architecture.adoc.po, 66, 66, 1660, 1660, 0%
l10n/po/zh_CN/content/versions/3.2/guides/getting-started-reactive.adoc.po, 78, 78, 1657, 1657, 0%
l10n/po/zh_CN/content/versions/3.8/guides/getting-started-reactive.adoc.po, 78, 78, 1657, 1657, 0%
l10n/po/zh_CN/content/guides/rest-data-panache.adoc.po, 113, 113, 1653, 1653, 0%
l10n/po/zh_CN/content/versions/3.33/guides/rest-data-panache.adoc.po, 113, 113, 1653, 1653, 0%
l10n/po/zh_CN/content/versions/3.34/guides/rest-data-panache.adoc.po, 113, 113, 1653, 1653, 0%
l10n/po/zh_CN/content/versions/main/guides/rest-data-panache.adoc.po, 113, 113, 1653, 1653, 0%
l10n/po/zh_CN/content/versions/3.8/guides/kafka-schema-registry-avro.adoc.po, 100, 100, 1651, 1651, 0%
l10n/po/zh_CN/content/versions/3.15/guides/kafka-schema-registry-avro.adoc.po, 100, 100, 1650, 1650, 0%
l10n/po/zh_CN/content/versions/3.20/guides/kafka-schema-registry-avro.adoc.po, 100, 100, 1650, 1650, 0%
l10n/po/zh_CN/content/versions/3.27/guides/kafka-schema-registry-avro.adoc.po, 100, 100, 1650, 1650, 0%
l10n/po/zh_CN/content/posts/2026-06-23-quarkus-insights-252-performance-engineering-lessons.adoc.po, 60, 60, 1646, 1646, 0%
l10n/po/zh_CN/content/versions/3.15/guides/quarkus-reactive-architecture.adoc.po, 65, 65, 1646, 1646, 0%
l10n/po/zh_CN/content/versions/3.20/guides/quarkus-reactive-architecture.adoc.po, 65, 65, 1646, 1646, 0%
l10n/po/zh_CN/content/versions/3.27/guides/quarkus-reactive-architecture.adoc.po, 65, 65, 1646, 1646, 0%
l10n/po/zh_CN/content/versions/3.34/guides/quarkus-reactive-architecture.adoc.po, 65, 65, 1646, 1646, 0%
l10n/po/zh_CN/content/versions/2.16/guides/cli-tooling.adoc.po, 123, 123, 1644, 1644, 0%
l10n/po/zh_CN/content/versions/3.2/guides/quarkus-reactive-architecture.adoc.po, 65, 65, 1644, 1644, 0%
l10n/po/zh_CN/content/versions/3.8/guides/quarkus-reactive-architecture.adoc.po, 65, 65, 1644, 1644, 0%
l10n/po/zh_CN/content/guides/gcp-functions.adoc.po, 105, 105, 1643, 1643, 0%
l10n/po/zh_CN/content/versions/2.13/guides/quarkus-reactive-architecture.adoc.po, 65, 65, 1643, 1643, 0%
l10n/po/zh_CN/content/versions/2.16/guides/quarkus-reactive-architecture.adoc.po, 65, 65, 1643, 1643, 0%
l10n/po/zh_CN/content/versions/3.15/guides/gcp-functions.adoc.po, 105, 105, 1643, 1643, 0%
l10n/po/zh_CN/content/versions/3.20/guides/gcp-functions.adoc.po, 105, 105, 1643, 1643, 0%
l10n/po/zh_CN/content/versions/3.27/guides/gcp-functions.adoc.po, 105, 105, 1643, 1643, 0%
l10n/po/zh_CN/content/versions/3.33/guides/gcp-functions.adoc.po, 105, 105, 1643, 1643, 0%
l10n/po/zh_CN/content/versions/3.34/guides/gcp-functions.adoc.po, 105, 105, 1643, 1643, 0%
l10n/po/zh_CN/content/versions/3.8/guides/gcp-functions.adoc.po, 105, 105, 1643, 1643, 0%
l10n/po/zh_CN/content/versions/main/guides/gcp-functions.adoc.po, 105, 105, 1643, 1643, 0%
l10n/po/zh_CN/content/versions/3.8/guides/security-getting-started-tutorial.adoc.po, 113, 113, 1639, 1639, 0%
l10n/po/zh_CN/content/versions/2.13/guides/doc-reference.adoc.po, 197, 197, 1638, 1638, 0%
l10n/po/zh_CN/content/posts/2023-07-12-on-the-road-to-cdi-compatibility.adoc.po, 36, 36, 1637, 1637, 0%
l10n/po/zh_CN/content/versions/3.20/guides/security-oauth2.adoc.po, 117, 117, 1636, 1636, 0%
l10n/po/zh_CN/content/versions/3.27/guides/rest-data-panache.adoc.po, 111, 111, 1632, 1632, 0%
l10n/po/zh_CN/content/guides/proxy-registry.adoc.po, 156, 156, 1630, 1630, 0%
l10n/po/zh_CN/content/versions/3.33/guides/proxy-registry.adoc.po, 156, 156, 1630, 1630, 0%
l10n/po/zh_CN/content/versions/3.34/guides/proxy-registry.adoc.po, 156, 156, 1630, 1630, 0%
l10n/po/zh_CN/content/versions/main/guides/proxy-registry.adoc.po, 156, 156, 1630, 1630, 0%
l10n/po/zh_CN/content/guides/security-ldap.adoc.po, 166, 166, 1629, 1629, 0%
l10n/po/zh_CN/content/versions/3.20/guides/security-ldap.adoc.po, 166, 166, 1629, 1629, 0%
l10n/po/zh_CN/content/versions/3.27/guides/security-ldap.adoc.po, 166, 166, 1629, 1629, 0%
l10n/po/zh_CN/content/versions/3.33/guides/security-ldap.adoc.po, 166, 166, 1629, 1629, 0%
l10n/po/zh_CN/content/versions/3.34/guides/security-ldap.adoc.po, 166, 166, 1629, 1629, 0%
l10n/po/zh_CN/content/versions/main/guides/security-ldap.adoc.po, 166, 166, 1629, 1629, 0%
l10n/po/zh_CN/content/versions/3.15/guides/security-oauth2.adoc.po, 117, 117, 1624, 1624, 0%
l10n/po/zh_CN/_data/versioned/2-16/index/quarkus.yaml.po, 184, 882, 1621, 4382, 64%
l10n/po/zh_CN/content/versions/3.20/guides/opentelemetry-metrics.adoc.po, 136, 136, 1619, 1619, 0%
l10n/po/zh_CN/content/guides/blaze-persistence.adoc.po, 71, 71, 1616, 1616, 0%
l10n/po/zh_CN/content/versions/3.15/guides/blaze-persistence.adoc.po, 71, 71, 1616, 1616, 0%
l10n/po/zh_CN/content/versions/3.2/guides/blaze-persistence.adoc.po, 71, 71, 1616, 1616, 0%
l10n/po/zh_CN/content/versions/3.20/guides/blaze-persistence.adoc.po, 71, 71, 1616, 1616, 0%
l10n/po/zh_CN/content/versions/3.27/guides/blaze-persistence.adoc.po, 71, 71, 1616, 1616, 0%
l10n/po/zh_CN/content/versions/3.33/guides/blaze-persistence.adoc.po, 71, 71, 1616, 1616, 0%
l10n/po/zh_CN/content/versions/3.34/guides/blaze-persistence.adoc.po, 71, 71, 1616, 1616, 0%
l10n/po/zh_CN/content/versions/3.8/guides/blaze-persistence.adoc.po, 71, 71, 1616, 1616, 0%
l10n/po/zh_CN/content/versions/main/guides/blaze-persistence.adoc.po, 71, 71, 1616, 1616, 0%
l10n/po/zh_CN/content/versions/3.33/guides/kafka-schema-registry-json-schema.adoc.po, 111, 111, 1615, 1615, 0%
l10n/po/zh_CN/content/versions/3.34/guides/kafka-schema-registry-json-schema.adoc.po, 111, 111, 1615, 1615, 0%
l10n/po/zh_CN/content/posts/2026-01-05-new-dev-services-api.adoc.po, 65, 65, 1613, 1613, 0%
l10n/po/zh_CN/content/versions/3.8/guides/security-oauth2.adoc.po, 117, 117, 1612, 1612, 0%
l10n/po/zh_CN/content/versions/2.13/guides/databases-dev-services.adoc.po, 120, 120, 1611, 1611, 0%
l10n/po/zh_CN/content/versions/3.2/guides/extension-codestart.adoc.po, 132, 132, 1609, 1609, 0%
l10n/po/zh_CN/content/posts/2026-03-24-quarkus-polaris.adoc.po, 60, 60, 1607, 1607, 0%
l10n/po/zh_CN/content/versions/3.2/guides/kafka-schema-registry-avro.adoc.po, 100, 100, 1606, 1606, 0%
l10n/po/zh_CN/content/posts/2024-04-22-ship-cars-leverages-quarkus-to-reach-its-goals.adoc.po, 50, 50, 1605, 1605, 0%
l10n/po/zh_CN/content/guides/signals.adoc.po, 112, 112, 1603, 1603, 0%
l10n/po/zh_CN/content/versions/3.15/guides/extension-codestart.adoc.po, 132, 132, 1601, 1601, 0%
l10n/po/zh_CN/content/posts/2021-03-04-path-resolution-in-quarkus.adoc.po, 81, 81, 1600, 1600, 0%
l10n/po/zh_CN/content/versions/3.2/guides/security-oauth2.adoc.po, 116, 116, 1600, 1600, 0%
l10n/po/zh_CN/content/guides/extension-metadata.adoc.po, 85, 85, 1598, 1598, 0%
l10n/po/zh_CN/content/versions/main/guides/extension-metadata.adoc.po, 85, 85, 1598, 1598, 0%
l10n/po/zh_CN/content/versions/2.16/guides/extension-codestart.adoc.po, 132, 132, 1597, 1597, 0%
l10n/po/zh_CN/content/versions/3.8/guides/extension-codestart.adoc.po, 132, 132, 1597, 1597, 0%
l10n/po/zh_CN/content/versions/2.16/guides/scheduler-reference.adoc.po, 98, 98, 1595, 1595, 0%
l10n/po/zh_CN/content/versions/2.16/guides/security-oauth2.adoc.po, 116, 116, 1595, 1595, 0%
l10n/po/zh_CN/content/versions/2.13/guides/blaze-persistence.adoc.po, 68, 68, 1594, 1594, 0%
l10n/po/zh_CN/content/versions/2.13/guides/security-oauth2.adoc.po, 116, 116, 1594, 1594, 0%
l10n/po/zh_CN/content/versions/2.16/guides/blaze-persistence.adoc.po, 68, 68, 1594, 1594, 0%
l10n/po/zh_CN/content/versions/2.13/guides/security-getting-started.adoc.po, 106, 106, 1592, 1592, 0%
l10n/po/zh_CN/content/versions/3.15/guides/security-ldap.adoc.po, 166, 166, 1592, 1592, 0%
l10n/po/zh_CN/content/versions/3.2/guides/security-basic-authentication-tutorial.adoc.po, 106, 106, 1592, 1592, 0%
l10n/po/zh_CN/content/versions/2.16/guides/security-basic-authentication-tutorial.adoc.po, 106, 106, 1591, 1591, 0%
l10n/po/zh_CN/content/versions/2.16/guides/gcp-functions.adoc.po, 101, 101, 1589, 1589, 0%
l10n/po/zh_CN/content/posts/2019-11-13-vodafone-greece-replaces-spring-boot.adoc.po, 35, 35, 1588, 1588, 0%
l10n/po/zh_CN/content/versions/3.2/guides/gcp-functions.adoc.po, 101, 101, 1587, 1587, 0%
l10n/po/zh_CN/content/guides/performance-measure.adoc.po, 115, 115, 1585, 1585, 0%
l10n/po/zh_CN/content/versions/main/guides/performance-measure.adoc.po, 115, 115, 1585, 1585, 0%
l10n/po/zh_CN/content/versions/2.16/guides/kafka-schema-registry-avro.adoc.po, 97, 97, 1584, 1584, 0%
l10n/po/zh_CN/content/guides/kafka-schema-registry-json-schema.adoc.po, 109, 109, 1583, 1583, 0%
l10n/po/zh_CN/content/versions/main/guides/kafka-schema-registry-json-schema.adoc.po, 109, 109, 1583, 1583, 0%
l10n/po/zh_CN/content/guides/drools.adoc.po, 73, 73, 1582, 1582, 0%
l10n/po/zh_CN/content/versions/3.20/guides/drools.adoc.po, 73, 73, 1582, 1582, 0%
l10n/po/zh_CN/content/versions/3.27/guides/drools.adoc.po, 73, 73, 1582, 1582, 0%
l10n/po/zh_CN/content/versions/3.33/guides/drools.adoc.po, 73, 73, 1582, 1582, 0%
l10n/po/zh_CN/content/versions/3.34/guides/drools.adoc.po, 73, 73, 1582, 1582, 0%
l10n/po/zh_CN/content/versions/main/guides/drools.adoc.po, 73, 73, 1582, 1582, 0%
l10n/po/zh_CN/content/versions/3.2/guides/rest-data-panache.adoc.po, 105, 105, 1579, 1579, 0%
l10n/po/zh_CN/content/versions/3.20/guides/tests-with-coverage.adoc.po, 131, 131, 1578, 1578, 0%
l10n/po/zh_CN/content/versions/3.27/guides/tests-with-coverage.adoc.po, 131, 131, 1578, 1578, 0%
l10n/po/zh_CN/content/versions/3.8/guides/rest-data-panache.adoc.po, 105, 105, 1578, 1578, 0%
l10n/po/zh_CN/content/guides/smallrye-graphql-client.adoc.po, 73, 73, 1573, 1573, 0%
l10n/po/zh_CN/content/versions/3.20/guides/smallrye-graphql-client.adoc.po, 73, 73, 1573, 1573, 0%
l10n/po/zh_CN/content/versions/3.27/guides/smallrye-graphql-client.adoc.po, 73, 73, 1573, 1573, 0%
l10n/po/zh_CN/content/versions/3.33/guides/smallrye-graphql-client.adoc.po, 73, 73, 1573, 1573, 0%
l10n/po/zh_CN/content/versions/3.34/guides/smallrye-graphql-client.adoc.po, 73, 73, 1573, 1573, 0%
l10n/po/zh_CN/content/versions/main/guides/smallrye-graphql-client.adoc.po, 73, 73, 1573, 1573, 0%
l10n/po/zh_CN/content/versions/2.13/guides/kafka-schema-registry-avro.adoc.po, 97, 97, 1572, 1572, 0%
l10n/po/zh_CN/content/versions/2.13/guides/getting-started.adoc.po, 104, 104, 1571, 1571, 0%
l10n/po/zh_CN/content/versions/2.16/guides/getting-started.adoc.po, 104, 104, 1571, 1571, 0%
l10n/po/zh_CN/content/versions/3.20/guides/spring-cloud-config-client.adoc.po, 150, 150, 1571, 1571, 0%
l10n/po/zh_CN/content/versions/main/guides/testing-components.adoc.po, 75, 75, 1570, 1570, 0%
l10n/po/zh_CN/content/guides/security-cors.adoc.po, 103, 103, 1567, 1567, 0%
l10n/po/zh_CN/content/versions/main/guides/security-cors.adoc.po, 103, 103, 1567, 1567, 0%
l10n/po/zh_CN/content/posts/2025-11-27-mmaler-blogpost-2-quarkus-runtime-and-framework-for-cloud-native-java.adoc.po, 76, 76, 1564, 1564, 0%
l10n/po/zh_CN/content/versions/3.15/guides/rest-data-panache.adoc.po, 108, 108, 1563, 1563, 0%
l10n/po/zh_CN/content/versions/3.20/guides/rest-data-panache.adoc.po, 108, 108, 1563, 1563, 0%
l10n/po/zh_CN/content/posts/2022-11-24-reactive-crud-performance-case-study.adoc.po, 93, 93, 1556, 1556, 0%
l10n/po/zh_CN/content/versions/3.15/guides/tests-with-coverage.adoc.po, 131, 131, 1556, 1556, 0%
l10n/po/zh_CN/content/versions/3.2/guides/security-csrf-prevention.adoc.po, 114, 114, 1556, 1556, 0%
l10n/po/zh_CN/content/guides/kotlin.adoc.po, 102, 102, 1555, 1555, 0%
l10n/po/zh_CN/content/versions/3.27/guides/kotlin.adoc.po, 102, 102, 1555, 1555, 0%
l10n/po/zh_CN/content/versions/3.33/guides/kotlin.adoc.po, 102, 102, 1555, 1555, 0%
l10n/po/zh_CN/content/versions/3.34/guides/kotlin.adoc.po, 102, 102, 1555, 1555, 0%
l10n/po/zh_CN/content/versions/main/guides/kotlin.adoc.po, 102, 102, 1555, 1555, 0%
l10n/po/zh_CN/content/posts/2019-07-08-runtime-performance.adoc.po, 217, 217, 1546, 1546, 0%
l10n/po/zh_CN/content/versions/3.15/guides/smallrye-graphql-client.adoc.po, 72, 72, 1540, 1540, 0%
l10n/po/zh_CN/content/versions/2.13/guides/cli-tooling.adoc.po, 112, 112, 1536, 1536, 0%
l10n/po/zh_CN/content/guides/kubernetes-dev-services.adoc.po, 86, 86, 1532, 1532, 0%
l10n/po/zh_CN/content/versions/3.15/guides/kotlin.adoc.po, 101, 101, 1532, 1532, 0%
l10n/po/zh_CN/content/versions/3.20/guides/kotlin.adoc.po, 101, 101, 1532, 1532, 0%
l10n/po/zh_CN/content/versions/3.27/guides/kubernetes-dev-services.adoc.po, 86, 86, 1532, 1532, 0%
l10n/po/zh_CN/content/versions/3.33/guides/kubernetes-dev-services.adoc.po, 86, 86, 1532, 1532, 0%
l10n/po/zh_CN/content/versions/3.34/guides/kubernetes-dev-services.adoc.po, 86, 86, 1532, 1532, 0%
l10n/po/zh_CN/content/versions/main/guides/kubernetes-dev-services.adoc.po, 86, 86, 1532, 1532, 0%
l10n/po/zh_CN/content/posts/2026-05-07-introducing-agent-mcp.adoc.po, 83, 83, 1530, 1530, 0%
l10n/po/zh_CN/content/versions/2.13/guides/extension-codestart.adoc.po, 124, 124, 1524, 1524, 0%
l10n/po/zh_CN/content/versions/3.8/guides/tests-with-coverage.adoc.po, 130, 130, 1523, 1523, 0%
l10n/po/zh_CN/content/versions/2.16/guides/security-csrf-prevention.adoc.po, 109, 109, 1522, 1522, 0%
l10n/po/zh_CN/content/guides/kubernetes-config.adoc.po, 91, 91, 1517, 1517, 0%
l10n/po/zh_CN/content/versions/3.27/guides/kubernetes-config.adoc.po, 91, 91, 1517, 1517, 0%
l10n/po/zh_CN/content/versions/3.33/guides/kubernetes-config.adoc.po, 91, 91, 1517, 1517, 0%
l10n/po/zh_CN/content/versions/3.34/guides/kubernetes-config.adoc.po, 91, 91, 1517, 1517, 0%
l10n/po/zh_CN/content/versions/3.15/guides/spring-cloud-config-client.adoc.po, 144, 144, 1515, 1515, 0%
l10n/po/zh_CN/content/versions/3.20/guides/kubernetes-config.adoc.po, 91, 91, 1514, 1514, 0%
l10n/po/zh_CN/content/versions/3.8/guides/kotlin.adoc.po, 97, 97, 1512, 1512, 0%
l10n/po/zh_CN/content/posts/2020-04-21-io-thread-benchmark.adoc.po, 54, 54, 1508, 1508, 0%
l10n/po/zh_CN/content/posts/2026-05-26-ai-skills-migration.adoc.po, 95, 95, 1508, 1508, 0%
l10n/po/zh_CN/content/versions/2.13/guides/scheduler-reference.adoc.po, 92, 92, 1508, 1508, 0%
l10n/po/zh_CN/content/versions/3.8/guides/security-jdbc.adoc.po, 167, 167, 1508, 1508, 0%
l10n/po/zh_CN/content/posts/2026-01-13-building-large-applications.adoc.po, 65, 65, 1502, 1502, 0%
l10n/po/zh_CN/content/guides/funqy-knative-events.adoc.po, 72, 72, 1500, 1500, 0%
l10n/po/zh_CN/content/versions/2.13/guides/funqy-knative-events.adoc.po, 72, 72, 1500, 1500, 0%
l10n/po/zh_CN/content/versions/2.16/guides/funqy-knative-events.adoc.po, 72, 72, 1500, 1500, 0%
l10n/po/zh_CN/content/versions/3.15/guides/funqy-knative-events.adoc.po, 72, 72, 1500, 1500, 0%
l10n/po/zh_CN/content/versions/3.2/guides/funqy-knative-events.adoc.po, 72, 72, 1500, 1500, 0%
l10n/po/zh_CN/content/versions/3.20/guides/funqy-knative-events.adoc.po, 72, 72, 1500, 1500, 0%
l10n/po/zh_CN/content/versions/3.27/guides/funqy-knative-events.adoc.po, 72, 72, 1500, 1500, 0%
l10n/po/zh_CN/content/versions/3.33/guides/funqy-knative-events.adoc.po, 72, 72, 1500, 1500, 0%
l10n/po/zh_CN/content/versions/3.34/guides/funqy-knative-events.adoc.po, 72, 72, 1500, 1500, 0%
l10n/po/zh_CN/content/versions/3.8/guides/funqy-knative-events.adoc.po, 72, 72, 1500, 1500, 0%
l10n/po/zh_CN/content/versions/main/guides/funqy-knative-events.adoc.po, 72, 72, 1500, 1500, 0%
l10n/po/zh_CN/content/versions/3.27/guides/extension-metadata.adoc.po, 79, 79, 1498, 1498, 0%
l10n/po/zh_CN/content/versions/3.33/guides/extension-metadata.adoc.po, 79, 79, 1498, 1498, 0%
l10n/po/zh_CN/content/versions/3.34/guides/extension-metadata.adoc.po, 79, 79, 1498, 1498, 0%
l10n/po/zh_CN/content/guides/liquibase.adoc.po, 154, 154, 1496, 1496, 0%
l10n/po/zh_CN/content/versions/3.27/guides/liquibase.adoc.po, 154, 154, 1496, 1496, 0%
l10n/po/zh_CN/content/versions/3.33/guides/liquibase.adoc.po, 154, 154, 1496, 1496, 0%
l10n/po/zh_CN/content/versions/3.34/guides/liquibase.adoc.po, 154, 154, 1496, 1496, 0%
l10n/po/zh_CN/content/versions/main/guides/liquibase.adoc.po, 154, 154, 1496, 1496, 0%
l10n/po/zh_CN/content/posts/2025-02-20-agentic-ai-with-quarkus-p2.adoc.po, 62, 62, 1494, 1494, 0%
l10n/po/zh_CN/content/versions/3.15/guides/kubernetes-config.adoc.po, 91, 91, 1494, 1494, 0%
l10n/po/zh_CN/content/guides/extension-registry-user.adoc.po, 86, 86, 1491, 1491, 0%
l10n/po/zh_CN/content/versions/3.27/guides/extension-registry-user.adoc.po, 86, 86, 1491, 1491, 0%
l10n/po/zh_CN/content/versions/3.33/guides/extension-registry-user.adoc.po, 86, 86, 1491, 1491, 0%
l10n/po/zh_CN/content/versions/3.34/guides/extension-registry-user.adoc.po, 86, 86, 1491, 1491, 0%
l10n/po/zh_CN/content/versions/main/guides/extension-registry-user.adoc.po, 86, 86, 1491, 1491, 0%
l10n/po/zh_CN/content/posts/2020-02-17-aviatar-experiences-significant-savings.adoc.po, 31, 31, 1488, 1488, 0%
l10n/po/zh_CN/content/versions/3.15/guides/opentelemetry-metrics.adoc.po, 127, 127, 1488, 1488, 0%
l10n/po/zh_CN/content/posts/2021-12-02-logicdrop-automating-quarkus-with-gitlab.adoc.po, 110, 110, 1486, 1486, 0%
l10n/po/zh_CN/content/versions/2.13/guides/kotlin.adoc.po, 94, 94, 1480, 1480, 0%
l10n/po/zh_CN/content/versions/2.16/guides/kotlin.adoc.po, 94, 94, 1480, 1480, 0%
l10n/po/zh_CN/content/guides/security-customization.adoc.po, 78, 78, 1478, 1478, 0%
l10n/po/zh_CN/content/versions/3.2/guides/kotlin.adoc.po, 94, 94, 1478, 1478, 0%
l10n/po/zh_CN/content/versions/main/guides/security-customization.adoc.po, 78, 78, 1478, 1478, 0%
l10n/po/zh_CN/content/versions/3.8/guides/liquibase.adoc.po, 156, 156, 1477, 1477, 0%
l10n/po/zh_CN/content/versions/3.2/guides/kubernetes-config.adoc.po, 91, 91, 1474, 1474, 0%
l10n/po/zh_CN/content/versions/3.8/guides/kubernetes-config.adoc.po, 91, 91, 1474, 1474, 0%
l10n/po/zh_CN/content/guides/vertx.adoc.po, 97, 97, 1473, 1473, 0%
l10n/po/zh_CN/content/versions/3.15/guides/vertx.adoc.po, 97, 97, 1473, 1473, 0%
l10n/po/zh_CN/content/versions/3.20/guides/vertx.adoc.po, 97, 97, 1473, 1473, 0%
l10n/po/zh_CN/content/versions/3.27/guides/vertx.adoc.po, 97, 97, 1473, 1473, 0%
l10n/po/zh_CN/content/versions/3.33/guides/vertx.adoc.po, 97, 97, 1473, 1473, 0%
l10n/po/zh_CN/content/versions/3.34/guides/vertx.adoc.po, 97, 97, 1473, 1473, 0%
l10n/po/zh_CN/content/versions/3.8/guides/vertx.adoc.po, 97, 97, 1473, 1473, 0%
l10n/po/zh_CN/content/versions/main/guides/vertx.adoc.po, 97, 97, 1473, 1473, 0%
l10n/po/zh_CN/content/versions/3.33/guides/security-customization.adoc.po, 77, 77, 1471, 1471, 0%
l10n/po/zh_CN/content/guides/cache-redis-reference.adoc.po, 105, 105, 1468, 1468, 0%
l10n/po/zh_CN/content/versions/3.33/guides/cache-redis-reference.adoc.po, 105, 105, 1468, 1468, 0%
l10n/po/zh_CN/content/versions/3.34/guides/cache-redis-reference.adoc.po, 105, 105, 1468, 1468, 0%
l10n/po/zh_CN/content/versions/main/guides/cache-redis-reference.adoc.po, 105, 105, 1468, 1468, 0%
l10n/po/zh_CN/content/guides/duplicated-context.adoc.po, 70, 70, 1467, 1467, 0%
l10n/po/zh_CN/content/versions/3.15/guides/duplicated-context.adoc.po, 70, 70, 1467, 1467, 0%
l10n/po/zh_CN/content/versions/3.20/guides/duplicated-context.adoc.po, 70, 70, 1467, 1467, 0%
l10n/po/zh_CN/content/versions/3.27/guides/duplicated-context.adoc.po, 70, 70, 1467, 1467, 0%
l10n/po/zh_CN/content/versions/3.33/guides/duplicated-context.adoc.po, 70, 70, 1467, 1467, 0%
l10n/po/zh_CN/content/versions/3.34/guides/duplicated-context.adoc.po, 70, 70, 1467, 1467, 0%
l10n/po/zh_CN/content/versions/main/guides/duplicated-context.adoc.po, 70, 70, 1467, 1467, 0%
l10n/po/zh_CN/content/posts/2026-06-08-hidden-cost-rootless-container-networking.adoc.po, 91, 91, 1466, 1466, 0%
l10n/po/zh_CN/content/versions/3.8/guides/duplicated-context.adoc.po, 70, 70, 1466, 1466, 0%
l10n/po/zh_CN/content/posts/2024-07-02-overriding-configuration-from-test-code.adoc.po, 61, 61, 1465, 1465, 0%
l10n/po/zh_CN/content/posts/2026-08-10-quarkus-insights-256-what-is-floci.adoc.po, 55, 55, 1457, 1457, 0%
l10n/po/zh_CN/content/posts/2020-12-08-resteasy-reactive.adoc.po, 56, 56, 1453, 1453, 0%
l10n/po/zh_CN/content/versions/2.16/guides/security-jdbc.adoc.po, 164, 164, 1453, 1453, 0%
l10n/po/zh_CN/content/versions/2.13/guides/security-jdbc.adoc.po, 164, 164, 1452, 1452, 0%
l10n/po/zh_CN/content/versions/3.2/guides/security-jdbc.adoc.po, 164, 164, 1451, 1451, 0%
l10n/po/zh_CN/content/versions/3.2/guides/liquibase.adoc.po, 152, 152, 1450, 1450, 0%
l10n/po/zh_CN/content/guides/stork-kubernetes.adoc.po, 92, 92, 1445, 1445, 0%
l10n/po/zh_CN/content/versions/3.27/guides/stork-kubernetes.adoc.po, 92, 92, 1445, 1445, 0%
l10n/po/zh_CN/content/versions/3.33/guides/stork-kubernetes.adoc.po, 92, 92, 1445, 1445, 0%
l10n/po/zh_CN/content/versions/3.34/guides/stork-kubernetes.adoc.po, 92, 92, 1445, 1445, 0%
l10n/po/zh_CN/content/versions/3.8/guides/stork-kubernetes.adoc.po, 92, 92, 1445, 1445, 0%
l10n/po/zh_CN/content/versions/main/guides/stork-kubernetes.adoc.po, 92, 92, 1445, 1445, 0%
l10n/po/zh_CN/content/versions/3.15/guides/stork-kubernetes.adoc.po, 92, 92, 1444, 1444, 0%
l10n/po/zh_CN/content/versions/3.20/guides/stork-kubernetes.adoc.po, 92, 92, 1444, 1444, 0%
l10n/po/zh_CN/content/versions/3.20/guides/liquibase.adoc.po, 148, 148, 1443, 1443, 0%
l10n/po/zh_CN/content/posts/2026-06-16-quarkus-insights-251-semeru-openj9.adoc.po, 104, 104, 1442, 1442, 0%
l10n/po/zh_CN/content/guides/extension-maturity-matrix.adoc.po, 67, 67, 1441, 1441, 0%
l10n/po/zh_CN/content/versions/main/guides/extension-maturity-matrix.adoc.po, 67, 67, 1441, 1441, 0%
l10n/po/zh_CN/content/posts/2024-08-01-search-standalone-mapper.adoc.po, 51, 51, 1440, 1440, 0%
l10n/po/zh_CN/content/posts/2020-02-10-asiakastieto-chooses-quarkus-for-microservices.adoc.po, 32, 32, 1438, 1438, 0%
l10n/po/zh_CN/content/versions/3.2/guides/vertx.adoc.po, 96, 96, 1438, 1438, 0%
l10n/po/zh_CN/content/versions/3.27/guides/security-customization.adoc.po, 76, 76, 1438, 1438, 0%
l10n/po/zh_CN/content/versions/3.34/guides/security-customization.adoc.po, 76, 76, 1438, 1438, 0%
l10n/po/zh_CN/content/versions/main/guides/platform.adoc.po, 60, 60, 1434, 1434, 0%
l10n/po/zh_CN/content/posts/2024-08-28-quarkus-3-14-1-released.adoc.po, 86, 86, 1429, 1429, 0%
l10n/po/zh_CN/content/guides/platform.adoc.po, 60, 60, 1424, 1424, 0%
l10n/po/zh_CN/content/versions/3.27/guides/platform.adoc.po, 60, 60, 1424, 1424, 0%
l10n/po/zh_CN/content/versions/3.33/guides/platform.adoc.po, 60, 60, 1424, 1424, 0%
l10n/po/zh_CN/content/versions/3.34/guides/platform.adoc.po, 60, 60, 1424, 1424, 0%
l10n/po/zh_CN/content/versions/2.13/guides/stork-kubernetes.adoc.po, 89, 89, 1419, 1419, 0%
l10n/po/zh_CN/content/versions/2.16/guides/stork-kubernetes.adoc.po, 89, 89, 1419, 1419, 0%
l10n/po/zh_CN/content/versions/3.8/guides/smallrye-graphql-client.adoc.po, 66, 66, 1417, 1417, 0%
l10n/po/zh_CN/content/versions/3.2/guides/stork-kubernetes.adoc.po, 89, 89, 1416, 1416, 0%
l10n/po/zh_CN/content/versions/3.20/guides/security-oidc-bearer-token-authentication-tutorial.adoc.po, 109, 109, 1415, 1415, 0%
l10n/po/zh_CN/content/posts/2024-06-14-granite-rag.adoc.po, 70, 70, 1414, 1414, 0%
l10n/po/zh_CN/content/versions/2.16/guides/rest-data-panache.adoc.po, 96, 96, 1412, 1412, 0%
l10n/po/zh_CN/content/versions/3.15/guides/cyclonedx.adoc.po, 67, 67, 1412, 1412, 0%
l10n/po/zh_CN/content/versions/3.20/guides/cyclonedx.adoc.po, 67, 67, 1412, 1412, 0%
l10n/po/zh_CN/content/versions/3.27/guides/cyclonedx.adoc.po, 67, 67, 1412, 1412, 0%
l10n/po/zh_CN/content/versions/3.34/guides/cyclonedx.adoc.po, 67, 67, 1412, 1412, 0%
l10n/po/zh_CN/content/guides/telemetry-opentracing-to-otel-tutorial.adoc.po, 131, 131, 1408, 1408, 0%
l10n/po/zh_CN/content/versions/3.15/guides/telemetry-opentracing-to-otel-tutorial.adoc.po, 131, 131, 1408, 1408, 0%
l10n/po/zh_CN/content/versions/3.20/guides/telemetry-opentracing-to-otel-tutorial.adoc.po, 131, 131, 1408, 1408, 0%
l10n/po/zh_CN/content/versions/3.27/guides/telemetry-opentracing-to-otel-tutorial.adoc.po, 131, 131, 1408, 1408, 0%
l10n/po/zh_CN/content/versions/3.33/guides/telemetry-opentracing-to-otel-tutorial.adoc.po, 131, 131, 1408, 1408, 0%
l10n/po/zh_CN/content/versions/3.34/guides/telemetry-opentracing-to-otel-tutorial.adoc.po, 131, 131, 1408, 1408, 0%
l10n/po/zh_CN/content/versions/main/guides/telemetry-opentracing-to-otel-tutorial.adoc.po, 131, 131, 1408, 1408, 0%
l10n/po/zh_CN/content/posts/2026-02-19-k8s-style-CEL-with-quarkus-chicory.adoc.po, 91, 91, 1407, 1407, 0%
l10n/po/zh_CN/content/versions/3.34/guides/security-cors.adoc.po, 96, 96, 1406, 1406, 0%
l10n/po/zh_CN/content/guides/agent-mcp.adoc.po, 106, 106, 1405, 1405, 0%
l10n/po/zh_CN/content/versions/3.27/guides/security-oidc-bearer-token-authentication-tutorial.adoc.po, 109, 109, 1405, 1405, 0%
l10n/po/zh_CN/content/versions/main/guides/agent-mcp.adoc.po, 106, 106, 1405, 1405, 0%
l10n/po/zh_CN/_data/versioned/3-33/index/relations.yaml.po, 515, 515, 1404, 1404, 0%
l10n/po/zh_CN/_data/versioned/3-34/index/relations.yaml.po, 515, 515, 1404, 1404, 0%
l10n/po/zh_CN/content/versions/3.8/guides/telemetry-opentracing-to-otel-tutorial.adoc.po, 131, 131, 1402, 1402, 0%
l10n/po/zh_CN/content/versions/2.16/guides/doc-contribute-docs-howto.adoc.po, 94, 94, 1398, 1398, 0%
l10n/po/zh_CN/content/posts/2020-11-03-kafka-commit-strategies.adoc.po, 42, 42, 1397, 1397, 0%
l10n/po/zh_CN/content/versions/3.20/guides/cache-redis-reference.adoc.po, 100, 100, 1397, 1397, 0%
l10n/po/zh_CN/content/versions/3.27/guides/cache-redis-reference.adoc.po, 100, 100, 1397, 1397, 0%
l10n/po/zh_CN/content/versions/3.2/guides/duplicated-context.adoc.po, 66, 66, 1396, 1396, 0%
l10n/po/zh_CN/content/guides/security-oidc-bearer-token-authentication-tutorial.adoc.po, 108, 108, 1395, 1395, 0%
l10n/po/zh_CN/content/versions/3.33/guides/security-oidc-bearer-token-authentication-tutorial.adoc.po, 108, 108, 1395, 1395, 0%
l10n/po/zh_CN/content/versions/3.34/guides/security-oidc-bearer-token-authentication-tutorial.adoc.po, 108, 108, 1395, 1395, 0%
l10n/po/zh_CN/content/versions/main/guides/security-oidc-bearer-token-authentication-tutorial.adoc.po, 108, 108, 1395, 1395, 0%
l10n/po/zh_CN/content/guides/testing-components.adoc.po, 70, 70, 1393, 1393, 0%
l10n/po/zh_CN/content/versions/3.8/guides/security-openid-connect-client.adoc.po, 107, 107, 1391, 1391, 0%
l10n/po/zh_CN/content/versions/3.8/guides/spring-cloud-config-client.adoc.po, 138, 138, 1387, 1387, 0%
l10n/po/zh_CN/content/versions/3.15/guides/kafka-getting-started.adoc.po, 91, 91, 1380, 1380, 0%
l10n/po/zh_CN/content/versions/3.20/guides/kafka-getting-started.adoc.po, 91, 91, 1380, 1380, 0%
l10n/po/zh_CN/content/versions/3.27/guides/extension-maturity-matrix.adoc.po, 65, 65, 1380, 1380, 0%
l10n/po/zh_CN/content/versions/3.27/guides/kafka-getting-started.adoc.po, 91, 91, 1380, 1380, 0%
l10n/po/zh_CN/content/versions/3.33/guides/extension-maturity-matrix.adoc.po, 65, 65, 1380, 1380, 0%
l10n/po/zh_CN/content/versions/3.33/guides/kafka-getting-started.adoc.po, 91, 91, 1380, 1380, 0%
l10n/po/zh_CN/content/versions/3.34/guides/extension-maturity-matrix.adoc.po, 65, 65, 1380, 1380, 0%
l10n/po/zh_CN/content/versions/3.34/guides/kafka-getting-started.adoc.po, 91, 91, 1380, 1380, 0%
l10n/po/zh_CN/content/versions/2.13/guides/smallrye-graphql-client.adoc.po, 60, 60, 1378, 1378, 0%
l10n/po/zh_CN/content/versions/2.16/guides/smallrye-graphql-client.adoc.po, 60, 60, 1378, 1378, 0%
l10n/po/zh_CN/content/versions/3.2/guides/smallrye-graphql-client.adoc.po, 60, 60, 1376, 1376, 0%
l10n/po/zh_CN/content/versions/3.8/guides/kafka-reactive-getting-started.adoc.po, 91, 91, 1376, 1376, 0%
l10n/po/zh_CN/content/versions/3.33/guides/testing-components.adoc.po, 69, 69, 1372, 1372, 0%
l10n/po/zh_CN/content/versions/3.34/guides/testing-components.adoc.po, 69, 69, 1372, 1372, 0%
l10n/po/zh_CN/content/versions/2.13/guides/tests-with-coverage.adoc.po, 116, 116, 1371, 1371, 0%
l10n/po/zh_CN/content/versions/2.16/guides/tests-with-coverage.adoc.po, 116, 116, 1371, 1371, 0%
l10n/po/zh_CN/content/versions/3.20/guides/extension-metadata.adoc.po, 73, 73, 1368, 1368, 0%
l10n/po/zh_CN/content/versions/3.20/guides/platform.adoc.po, 54, 54, 1366, 1366, 0%
l10n/po/zh_CN/content/posts/2021-09-20-logicdrop-customer-story.adoc.po, 95, 95, 1362, 1362, 0%
l10n/po/zh_CN/content/versions/2.13/guides/vertx.adoc.po, 94, 94, 1361, 1361, 0%
l10n/po/zh_CN/content/versions/2.16/guides/vertx.adoc.po, 94, 94, 1361, 1361, 0%
l10n/po/zh_CN/content/posts/2020-09-23-cytech-customer-story.adoc.po, 18, 18, 1360, 1360, 0%
l10n/po/zh_CN/content/posts/2023-10-10-intellij-quarkus-recap.adoc.po, 93, 93, 1360, 1360, 0%
l10n/po/zh_CN/content/guides/spring-security.adoc.po, 121, 121, 1358, 1358, 0%
l10n/po/zh_CN/content/versions/3.20/guides/extension-maturity-matrix.adoc.po, 65, 65, 1358, 1358, 0%
l10n/po/zh_CN/content/versions/main/guides/spring-security.adoc.po, 121, 121, 1358, 1358, 0%
l10n/po/zh_CN/content/versions/3.2/guides/spring-cloud-config-client.adoc.po, 135, 135, 1356, 1356, 0%
l10n/po/zh_CN/content/versions/3.2/guides/tests-with-coverage.adoc.po, 121, 121, 1355, 1355, 0%
l10n/po/zh_CN/content/guides/load-shedding-reference.adoc.po, 103, 103, 1348, 1348, 0%
l10n/po/zh_CN/content/versions/3.33/guides/load-shedding-reference.adoc.po, 103, 103, 1348, 1348, 0%
l10n/po/zh_CN/content/versions/3.34/guides/load-shedding-reference.adoc.po, 103, 103, 1348, 1348, 0%
l10n/po/zh_CN/content/versions/main/guides/load-shedding-reference.adoc.po, 103, 103, 1348, 1348, 0%
l10n/po/zh_CN/content/versions/3.15/guides/spring-security.adoc.po, 119, 119, 1347, 1347, 0%
l10n/po/zh_CN/content/versions/3.20/guides/spring-security.adoc.po, 119, 119, 1347, 1347, 0%
l10n/po/zh_CN/content/versions/3.27/guides/spring-security.adoc.po, 119, 119, 1347, 1347, 0%
l10n/po/zh_CN/content/versions/3.33/guides/spring-security.adoc.po, 119, 119, 1347, 1347, 0%
l10n/po/zh_CN/content/versions/3.34/guides/spring-security.adoc.po, 119, 119, 1347, 1347, 0%
l10n/po/zh_CN/content/versions/3.8/guides/spring-security.adoc.po, 119, 119, 1347, 1347, 0%
l10n/po/zh_CN/content/guides/getting-started-dev-services.adoc.po, 100, 100, 1346, 1346, 0%
l10n/po/zh_CN/content/versions/3.33/guides/getting-started-dev-services.adoc.po, 100, 100, 1346, 1346, 0%
l10n/po/zh_CN/content/versions/main/guides/getting-started-dev-services.adoc.po, 100, 100, 1346, 1346, 0%
l10n/po/zh_CN/content/guides/spring-data-jpa.adoc.po, 107, 107, 1345, 1345, 0%
l10n/po/zh_CN/content/versions/main/guides/spring-data-jpa.adoc.po, 107, 107, 1345, 1345, 0%
l10n/po/zh_CN/content/posts/2023-07-27-native-startup-rss-troubleshooting.adoc.po, 27, 27, 1343, 1343, 0%
l10n/po/zh_CN/content/versions/3.8/guides/kafka-schema-registry-json-schema.adoc.po, 84, 84, 1343, 1343, 0%
l10n/po/zh_CN/content/versions/3.15/guides/kafka-schema-registry-json-schema.adoc.po, 84, 84, 1342, 1342, 0%
l10n/po/zh_CN/content/versions/3.20/guides/kafka-schema-registry-json-schema.adoc.po, 84, 84, 1342, 1342, 0%
l10n/po/zh_CN/content/versions/3.27/guides/kafka-schema-registry-json-schema.adoc.po, 84, 84, 1342, 1342, 0%
l10n/po/zh_CN/content/guides/deploying-to-google-cloud.adoc.po, 89, 89, 1341, 1341, 0%
l10n/po/zh_CN/content/posts/2026-05-25-native-pgo.adoc.po, 74, 74, 1341, 1341, 0%
l10n/po/zh_CN/content/versions/3.20/guides/deploying-to-google-cloud.adoc.po, 89, 89, 1341, 1341, 0%
l10n/po/zh_CN/content/versions/3.27/guides/deploying-to-google-cloud.adoc.po, 89, 89, 1341, 1341, 0%
l10n/po/zh_CN/content/versions/3.33/guides/deploying-to-google-cloud.adoc.po, 89, 89, 1341, 1341, 0%
l10n/po/zh_CN/content/versions/3.34/guides/deploying-to-google-cloud.adoc.po, 89, 89, 1341, 1341, 0%
l10n/po/zh_CN/content/versions/2.13/guides/security-openid-connect-client.adoc.po, 98, 98, 1335, 1335, 0%
l10n/po/zh_CN/content/versions/3.15/guides/deploying-to-google-cloud.adoc.po, 89, 89, 1335, 1335, 0%
l10n/po/zh_CN/content/posts/2019-06-26-kafka-streams-applications-with-quarkus-and-microprofile.adoc.po, 40, 40, 1334, 1334, 0%
l10n/po/zh_CN/content/versions/2.13/guides/kafka-reactive-getting-started.adoc.po, 88, 88, 1333, 1333, 0%
l10n/po/zh_CN/content/versions/2.16/guides/kafka-reactive-getting-started.adoc.po, 88, 88, 1333, 1333, 0%
l10n/po/zh_CN/content/versions/3.2/guides/kafka-reactive-getting-started.adoc.po, 88, 88, 1330, 1330, 0%
l10n/po/zh_CN/content/posts/2023-11-16-quarkus-meets-langchain4j.adoc.po, 47, 47, 1329, 1329, 0%
l10n/po/zh_CN/content/versions/3.15/guides/spring-data-jpa.adoc.po, 106, 106, 1329, 1329, 0%
l10n/po/zh_CN/content/versions/3.20/guides/spring-data-jpa.adoc.po, 106, 106, 1329, 1329, 0%
l10n/po/zh_CN/content/versions/3.27/guides/spring-data-jpa.adoc.po, 106, 106, 1329, 1329, 0%
l10n/po/zh_CN/content/versions/3.33/guides/spring-data-jpa.adoc.po, 106, 106, 1329, 1329, 0%
l10n/po/zh_CN/content/versions/3.34/guides/spring-data-jpa.adoc.po, 106, 106, 1329, 1329, 0%
l10n/po/zh_CN/content/versions/2.16/guides/security-openid-connect-client.adoc.po, 98, 98, 1328, 1328, 0%
l10n/po/zh_CN/content/guides/pulsar-getting-started.adoc.po, 90, 90, 1326, 1326, 0%
l10n/po/zh_CN/content/versions/3.15/guides/pulsar-getting-started.adoc.po, 90, 90, 1326, 1326, 0%
l10n/po/zh_CN/content/versions/3.20/guides/pulsar-getting-started.adoc.po, 90, 90, 1326, 1326, 0%
l10n/po/zh_CN/content/versions/3.27/guides/pulsar-getting-started.adoc.po, 90, 90, 1326, 1326, 0%
l10n/po/zh_CN/content/versions/3.33/guides/pulsar-getting-started.adoc.po, 90, 90, 1326, 1326, 0%
l10n/po/zh_CN/content/versions/3.34/guides/pulsar-getting-started.adoc.po, 90, 90, 1326, 1326, 0%
l10n/po/zh_CN/content/versions/main/guides/pulsar-getting-started.adoc.po, 90, 90, 1326, 1326, 0%
l10n/po/zh_CN/content/versions/3.8/guides/spring-data-jpa.adoc.po, 103, 103, 1325, 1325, 0%
l10n/po/zh_CN/content/posts/2019-12-11-talkdesk-chooses-quarkus-for-fast-innovation.adoc.po, 44, 44, 1323, 1323, 0%
l10n/po/zh_CN/content/versions/3.8/guides/pulsar-getting-started.adoc.po, 90, 90, 1323, 1323, 0%
l10n/po/zh_CN/content/versions/3.2/guides/security-openid-connect-providers.adoc.po, 86, 86, 1321, 1321, 0%
l10n/po/zh_CN/content/versions/3.2/guides/security-openid-connect-client.adoc.po, 98, 98, 1320, 1320, 0%
l10n/po/zh_CN/content/posts/2026-07-10-quarkus-langchain4j-opa-guardrails.adoc.po, 103, 103, 1319, 1319, 0%
l10n/po/zh_CN/content/versions/3.8/guides/deploying-to-google-cloud.adoc.po, 88, 88, 1319, 1319, 0%
l10n/po/zh_CN/content/versions/2.16/guides/security-authorize-web-endpoints-reference.adoc.po, 84, 84, 1318, 1318, 0%
l10n/po/zh_CN/content/guides/funqy-gcp-functions.adoc.po, 90, 90, 1317, 1317, 0%
l10n/po/zh_CN/content/posts/2020-03-19-quarkus-1-3-0-final-released.adoc.po, 95, 95, 1317, 1317, 0%
l10n/po/zh_CN/content/versions/3.15/guides/funqy-gcp-functions.adoc.po, 90, 90, 1317, 1317, 0%
l10n/po/zh_CN/content/versions/3.15/guides/security-oidc-bearer-token-authentication-tutorial.adoc.po, 103, 103, 1317, 1317, 0%
l10n/po/zh_CN/content/versions/3.20/guides/funqy-gcp-functions.adoc.po, 90, 90, 1317, 1317, 0%
l10n/po/zh_CN/content/versions/3.27/guides/funqy-gcp-functions.adoc.po, 90, 90, 1317, 1317, 0%
l10n/po/zh_CN/content/versions/3.33/guides/funqy-gcp-functions.adoc.po, 90, 90, 1317, 1317, 0%
l10n/po/zh_CN/content/versions/3.34/guides/funqy-gcp-functions.adoc.po, 90, 90, 1317, 1317, 0%
l10n/po/zh_CN/content/versions/3.8/guides/funqy-gcp-functions.adoc.po, 90, 90, 1317, 1317, 0%
l10n/po/zh_CN/content/versions/3.8/guides/security-oidc-bearer-token-authentication-tutorial.adoc.po, 103, 103, 1317, 1317, 0%
l10n/po/zh_CN/content/versions/main/guides/deploying-to-google-cloud.adoc.po, 88, 88, 1317, 1317, 0%
l10n/po/zh_CN/content/versions/main/guides/funqy-gcp-functions.adoc.po, 90, 90, 1317, 1317, 0%
l10n/po/zh_CN/content/posts/2020-07-08-quarkus-1-6-0-final-released.adoc.po, 85, 85, 1316, 1316, 0%
l10n/po/zh_CN/content/guides/spring-web.adoc.po, 139, 139, 1315, 1315, 0%
l10n/po/zh_CN/content/versions/main/guides/spring-web.adoc.po, 139, 139, 1315, 1315, 0%
l10n/po/zh_CN/content/versions/2.13/guides/liquibase.adoc.po, 143, 143, 1312, 1312, 0%
l10n/po/zh_CN/content/versions/2.16/guides/liquibase.adoc.po, 143, 143, 1312, 1312, 0%
l10n/po/zh_CN/content/versions/2.13/guides/deploying-to-google-cloud.adoc.po, 87, 87, 1311, 1311, 0%
l10n/po/zh_CN/content/versions/2.16/guides/deploying-to-google-cloud.adoc.po, 87, 87, 1311, 1311, 0%
l10n/po/zh_CN/content/versions/3.27/guides/getting-started-dev-services.adoc.po, 99, 99, 1311, 1311, 0%
l10n/po/zh_CN/content/versions/3.34/guides/getting-started-dev-services.adoc.po, 99, 99, 1311, 1311, 0%
l10n/po/zh_CN/content/versions/3.15/guides/getting-started-dev-services.adoc.po, 99, 99, 1309, 1309, 0%
l10n/po/zh_CN/content/versions/3.20/guides/getting-started-dev-services.adoc.po, 99, 99, 1309, 1309, 0%
l10n/po/zh_CN/content/versions/3.8/guides/getting-started-dev-services.adoc.po, 99, 99, 1309, 1309, 0%
l10n/po/zh_CN/content/versions/3.15/guides/web.adoc.po, 70, 70, 1304, 1304, 0%
l10n/po/zh_CN/content/versions/3.20/guides/web.adoc.po, 70, 70, 1304, 1304, 0%
l10n/po/zh_CN/content/versions/3.33/guides/spring-web.adoc.po, 137, 137, 1304, 1304, 0%
l10n/po/zh_CN/content/versions/3.34/guides/spring-web.adoc.po, 137, 137, 1304, 1304, 0%
l10n/po/zh_CN/content/guides/extension-writing-dev-service.adoc.po, 76, 76, 1301, 1301, 0%
l10n/po/zh_CN/content/versions/3.2/guides/deploying-to-google-cloud.adoc.po, 86, 86, 1301, 1301, 0%
l10n/po/zh_CN/content/versions/main/guides/extension-writing-dev-service.adoc.po, 76, 76, 1301, 1301, 0%
l10n/po/zh_CN/content/versions/2.13/guides/spring-cloud-config-client.adoc.po, 123, 123, 1300, 1300, 0%
l10n/po/zh_CN/content/versions/2.16/guides/spring-cloud-config-client.adoc.po, 123, 123, 1300, 1300, 0%
l10n/po/zh_CN/content/versions/3.15/guides/security-customization.adoc.po, 69, 69, 1299, 1299, 0%
l10n/po/zh_CN/content/versions/3.20/guides/security-customization.adoc.po, 69, 69, 1299, 1299, 0%
l10n/po/zh_CN/content/versions/3.8/guides/security-customization.adoc.po, 68, 68, 1298, 1298, 0%
l10n/po/zh_CN/content/guides/funqy-aws-lambda.adoc.po, 82, 82, 1297, 1297, 0%
l10n/po/zh_CN/content/versions/2.13/guides/funqy-amazon-lambda.adoc.po, 82, 82, 1297, 1297, 0%
l10n/po/zh_CN/content/versions/2.13/guides/kubernetes-config.adoc.po, 74, 74, 1297, 1297, 0%
l10n/po/zh_CN/content/versions/2.16/guides/funqy-amazon-lambda.adoc.po, 82, 82, 1297, 1297, 0%
l10n/po/zh_CN/content/versions/2.16/guides/kubernetes-config.adoc.po, 74, 74, 1297, 1297, 0%
l10n/po/zh_CN/content/versions/3.15/guides/funqy-aws-lambda.adoc.po, 82, 82, 1297, 1297, 0%
l10n/po/zh_CN/content/versions/3.2/guides/funqy-amazon-lambda.adoc.po, 82, 82, 1297, 1297, 0%
l10n/po/zh_CN/content/versions/3.2/guides/security-oidc-bearer-token-authentication-tutorial.adoc.po, 101, 101, 1297, 1297, 0%
l10n/po/zh_CN/content/versions/3.20/guides/funqy-aws-lambda.adoc.po, 82, 82, 1297, 1297, 0%
l10n/po/zh_CN/content/versions/3.27/guides/funqy-aws-lambda.adoc.po, 82, 82, 1297, 1297, 0%
l10n/po/zh_CN/content/versions/3.33/guides/funqy-aws-lambda.adoc.po, 82, 82, 1297, 1297, 0%
l10n/po/zh_CN/content/versions/3.34/guides/funqy-aws-lambda.adoc.po, 82, 82, 1297, 1297, 0%
l10n/po/zh_CN/content/versions/3.8/guides/funqy-aws-lambda.adoc.po, 82, 82, 1297, 1297, 0%
l10n/po/zh_CN/content/versions/main/guides/funqy-aws-lambda.adoc.po, 82, 82, 1297, 1297, 0%
l10n/po/zh_CN/content/versions/3.2/guides/spring-data-jpa.adoc.po, 100, 100, 1296, 1296, 0%
l10n/po/zh_CN/content/guides/lifecycle.adoc.po, 85, 85, 1294, 1294, 0%
l10n/po/zh_CN/content/posts/2020-04-08-why-did-payair-technologies-switch-to-quarkus.adoc.po, 40, 40, 1294, 1294, 0%
l10n/po/zh_CN/content/versions/3.33/guides/lifecycle.adoc.po, 85, 85, 1294, 1294, 0%
l10n/po/zh_CN/content/versions/3.34/guides/lifecycle.adoc.po, 85, 85, 1294, 1294, 0%
l10n/po/zh_CN/content/versions/main/guides/lifecycle.adoc.po, 85, 85, 1294, 1294, 0%
l10n/po/zh_CN/content/versions/2.13/guides/spring-data-jpa.adoc.po, 99, 99, 1292, 1292, 0%
l10n/po/zh_CN/content/versions/2.16/guides/spring-data-jpa.adoc.po, 99, 99, 1292, 1292, 0%
l10n/po/zh_CN/content/guides/rabbitmq.adoc.po, 92, 92, 1288, 1288, 0%
l10n/po/zh_CN/content/guides/web.adoc.po, 70, 70, 1288, 1288, 0%
l10n/po/zh_CN/content/versions/3.15/guides/rabbitmq.adoc.po, 92, 92, 1288, 1288, 0%
l10n/po/zh_CN/content/versions/3.20/guides/rabbitmq.adoc.po, 92, 92, 1288, 1288, 0%
l10n/po/zh_CN/content/versions/3.27/guides/rabbitmq.adoc.po, 92, 92, 1288, 1288, 0%
l10n/po/zh_CN/content/versions/3.27/guides/web.adoc.po, 70, 70, 1288, 1288, 0%
l10n/po/zh_CN/content/versions/3.33/guides/rabbitmq.adoc.po, 92, 92, 1288, 1288, 0%
l10n/po/zh_CN/content/versions/3.33/guides/web.adoc.po, 70, 70, 1288, 1288, 0%
l10n/po/zh_CN/content/versions/3.34/guides/rabbitmq.adoc.po, 92, 92, 1288, 1288, 0%
l10n/po/zh_CN/content/versions/3.34/guides/web.adoc.po, 70, 70, 1288, 1288, 0%
l10n/po/zh_CN/content/versions/main/guides/rabbitmq.adoc.po, 92, 92, 1288, 1288, 0%
l10n/po/zh_CN/content/posts/2024-04-18-quarkus-saas-backend-time-tracking-app-case-study.adoc.po, 25, 25, 1286, 1286, 0%
l10n/po/zh_CN/content/continuum.adoc.po, 29, 29, 1285, 1285, 0%
l10n/po/zh_CN/content/guides/spring-di.adoc.po, 109, 109, 1285, 1285, 0%
l10n/po/zh_CN/content/versions/main/guides/spring-di.adoc.po, 109, 109, 1285, 1285, 0%
l10n/po/zh_CN/content/versions/main/guides/web.adoc.po, 69, 69, 1283, 1283, 0%
l10n/po/zh_CN/content/posts/2020-03-19-eclipse-got-quarkused.adoc.po, 71, 71, 1282, 1282, 0%
l10n/po/zh_CN/content/versions/3.8/guides/security-ldap.adoc.po, 144, 144, 1281, 1281, 0%
l10n/po/zh_CN/content/posts/2020-10-27-mutiny-back-pressure.adoc.po, 51, 51, 1275, 1275, 0%
l10n/po/zh_CN/content/versions/2.13/guides/spring-security.adoc.po, 108, 108, 1275, 1275, 0%
l10n/po/zh_CN/content/versions/2.16/guides/spring-security.adoc.po, 108, 108, 1275, 1275, 0%
l10n/po/zh_CN/content/guides/native-and-ssl.adoc.po, 94, 94, 1274, 1274, 0%
l10n/po/zh_CN/content/versions/3.15/guides/native-and-ssl.adoc.po, 94, 94, 1274, 1274, 0%
l10n/po/zh_CN/content/versions/3.20/guides/native-and-ssl.adoc.po, 94, 94, 1274, 1274, 0%
l10n/po/zh_CN/content/versions/3.20/guides/spring-di.adoc.po, 107, 107, 1274, 1274, 0%
l10n/po/zh_CN/content/versions/3.27/guides/native-and-ssl.adoc.po, 94, 94, 1274, 1274, 0%
l10n/po/zh_CN/content/versions/3.27/guides/spring-di.adoc.po, 107, 107, 1274, 1274, 0%
l10n/po/zh_CN/content/versions/3.33/guides/native-and-ssl.adoc.po, 94, 94, 1274, 1274, 0%
l10n/po/zh_CN/content/versions/3.33/guides/spring-di.adoc.po, 107, 107, 1274, 1274, 0%
l10n/po/zh_CN/content/versions/3.34/guides/native-and-ssl.adoc.po, 94, 94, 1274, 1274, 0%
l10n/po/zh_CN/content/versions/3.34/guides/spring-di.adoc.po, 107, 107, 1274, 1274, 0%
l10n/po/zh_CN/content/versions/3.8/guides/native-and-ssl.adoc.po, 94, 94, 1274, 1274, 0%
l10n/po/zh_CN/content/versions/main/guides/native-and-ssl.adoc.po, 94, 94, 1274, 1274, 0%
l10n/po/zh_CN/content/guides/kafka-getting-started.adoc.po, 89, 89, 1272, 1272, 0%
l10n/po/zh_CN/content/versions/3.15/guides/spring-di.adoc.po, 107, 107, 1272, 1272, 0%
l10n/po/zh_CN/content/versions/3.2/guides/native-and-ssl.adoc.po, 94, 94, 1272, 1272, 0%
l10n/po/zh_CN/content/versions/3.2/guides/spring-security.adoc.po, 108, 108, 1272, 1272, 0%
l10n/po/zh_CN/content/versions/main/guides/kafka-getting-started.adoc.po, 89, 89, 1272, 1272, 0%
l10n/po/zh_CN/content/versions/3.8/guides/spring-di.adoc.po, 107, 107, 1271, 1271, 0%
l10n/po/zh_CN/content/versions/2.13/guides/platform.adoc.po, 50, 50, 1267, 1267, 0%
l10n/po/zh_CN/content/versions/2.16/guides/platform.adoc.po, 50, 50, 1267, 1267, 0%
l10n/po/zh_CN/content/versions/3.15/guides/platform.adoc.po, 50, 50, 1267, 1267, 0%
l10n/po/zh_CN/content/versions/3.2/guides/platform.adoc.po, 50, 50, 1267, 1267, 0%
l10n/po/zh_CN/content/versions/3.8/guides/platform.adoc.po, 50, 50, 1267, 1267, 0%
l10n/po/zh_CN/content/versions/3.15/guides/doc-create-tutorial.adoc.po, 95, 95, 1266, 1266, 0%
l10n/po/zh_CN/content/versions/3.2/guides/doc-create-tutorial.adoc.po, 95, 95, 1266, 1266, 0%
l10n/po/zh_CN/content/versions/3.20/guides/doc-create-tutorial.adoc.po, 95, 95, 1266, 1266, 0%
l10n/po/zh_CN/content/versions/3.27/guides/doc-create-tutorial.adoc.po, 95, 95, 1266, 1266, 0%
l10n/po/zh_CN/content/versions/3.33/guides/doc-create-tutorial.adoc.po, 95, 95, 1266, 1266, 0%
l10n/po/zh_CN/content/versions/3.34/guides/doc-create-tutorial.adoc.po, 95, 95, 1266, 1266, 0%
l10n/po/zh_CN/content/versions/3.8/guides/doc-create-tutorial.adoc.po, 95, 95, 1266, 1266, 0%
l10n/po/zh_CN/content/guides/spring-data-rest.adoc.po, 125, 125, 1265, 1265, 0%
l10n/po/zh_CN/content/versions/3.15/guides/performance-measure.adoc.po, 78, 78, 1265, 1265, 0%
l10n/po/zh_CN/content/versions/3.20/guides/performance-measure.adoc.po, 78, 78, 1265, 1265, 0%
l10n/po/zh_CN/content/versions/3.27/guides/performance-measure.adoc.po, 78, 78, 1265, 1265, 0%
l10n/po/zh_CN/content/versions/3.33/guides/performance-measure.adoc.po, 78, 78, 1265, 1265, 0%
l10n/po/zh_CN/content/versions/3.34/guides/performance-measure.adoc.po, 78, 78, 1265, 1265, 0%
l10n/po/zh_CN/content/versions/3.8/guides/performance-measure.adoc.po, 78, 78, 1265, 1265, 0%
l10n/po/zh_CN/content/versions/main/guides/spring-data-rest.adoc.po, 125, 125, 1265, 1265, 0%
l10n/po/zh_CN/content/guides/doc-create-tutorial.adoc.po, 95, 95, 1264, 1264, 0%
l10n/po/zh_CN/content/versions/2.13/guides/config-mappings.adoc.po, 81, 81, 1264, 1264, 0%
l10n/po/zh_CN/content/versions/3.8/guides/rabbitmq.adoc.po, 92, 92, 1264, 1264, 0%
l10n/po/zh_CN/content/versions/main/guides/doc-create-tutorial.adoc.po, 95, 95, 1264, 1264, 0%
l10n/po/zh_CN/content/posts/2025-09-25-quarkus-a2a-java-grpc.adoc.po, 60, 60, 1263, 1263, 0%
l10n/po/zh_CN/content/versions/2.16/guides/funqy-gcp-functions.adoc.po, 86, 86, 1263, 1263, 0%
l10n/po/zh_CN/content/versions/2.13/guides/native-and-ssl.adoc.po, 94, 94, 1262, 1262, 0%
l10n/po/zh_CN/content/versions/2.16/guides/native-and-ssl.adoc.po, 94, 94, 1262, 1262, 0%
l10n/po/zh_CN/content/versions/3.2/guides/funqy-gcp-functions.adoc.po, 86, 86, 1261, 1261, 0%
l10n/po/zh_CN/content/versions/3.2/guides/redis-dev-services.adoc.po, 67, 67, 1260, 1260, 0%
l10n/po/zh_CN/content/versions/3.8/guides/redis-dev-services.adoc.po, 67, 67, 1260, 1260, 0%
l10n/po/zh_CN/content/versions/2.16/guides/doc-create-tutorial.adoc.po, 94, 94, 1255, 1255, 0%
l10n/po/zh_CN/content/versions/2.13/guides/gcp-functions.adoc.po, 86, 86, 1251, 1251, 0%
l10n/po/zh_CN/content/versions/3.2/guides/security-ldap.adoc.po, 141, 141, 1250, 1250, 0%
l10n/po/zh_CN/content/versions/3.15/guides/spring-data-rest.adoc.po, 124, 124, 1249, 1249, 0%
l10n/po/zh_CN/content/versions/3.20/guides/spring-data-rest.adoc.po, 124, 124, 1249, 1249, 0%
l10n/po/zh_CN/content/versions/3.27/guides/spring-data-rest.adoc.po, 124, 124, 1249, 1249, 0%
l10n/po/zh_CN/content/versions/3.33/guides/spring-data-rest.adoc.po, 124, 124, 1249, 1249, 0%
l10n/po/zh_CN/content/versions/3.34/guides/spring-data-rest.adoc.po, 124, 124, 1249, 1249, 0%
l10n/po/zh_CN/content/versions/2.13/guides/kogito-dmn.adoc.po, 96, 96, 1245, 1245, 0%
l10n/po/zh_CN/content/versions/2.16/guides/kogito-dmn.adoc.po, 96, 96, 1245, 1245, 0%
l10n/po/zh_CN/content/versions/2.13/guides/doc-create-tutorial.adoc.po, 93, 93, 1242, 1242, 0%
l10n/po/zh_CN/content/versions/3.20/guides/smallrye-metrics.adoc.po, 93, 93, 1238, 1238, 0%
l10n/po/zh_CN/content/versions/3.27/guides/smallrye-metrics.adoc.po, 93, 93, 1238, 1238, 0%
l10n/po/zh_CN/content/posts/2019-06-05-quarkus-and-web-ui-development-mode.adoc.po, 44, 44, 1237, 1237, 0%
l10n/po/zh_CN/content/posts/2020-10-27-experimental_graphql.adoc.po, 88, 88, 1236, 1236, 0%
l10n/po/zh_CN/content/guides/scheduler.adoc.po, 106, 106, 1231, 1231, 0%
l10n/po/zh_CN/content/posts/2025-07-09-quarkus-and-a2a-java-sdk.adoc.po, 55, 55, 1231, 1231, 0%
l10n/po/zh_CN/content/versions/3.20/guides/scheduler.adoc.po, 106, 106, 1231, 1231, 0%
l10n/po/zh_CN/content/versions/3.27/guides/scheduler.adoc.po, 106, 106, 1231, 1231, 0%
l10n/po/zh_CN/content/versions/3.33/guides/scheduler.adoc.po, 106, 106, 1231, 1231, 0%
l10n/po/zh_CN/content/versions/3.34/guides/scheduler.adoc.po, 106, 106, 1231, 1231, 0%
l10n/po/zh_CN/content/versions/main/guides/scheduler.adoc.po, 106, 106, 1231, 1231, 0%
l10n/po/zh_CN/content/versions/3.15/guides/smallrye-metrics.adoc.po, 93, 93, 1230, 1230, 0%
l10n/po/zh_CN/content/posts/2022-06-29-nativejdb-debugger-for-native-images.adoc.po, 44, 44, 1228, 1228, 0%
l10n/po/zh_CN/content/posts/2025-04-30-test-classloading-rewrite.adoc.po, 29, 29, 1228, 1228, 0%
l10n/po/zh_CN/content/versions/3.8/guides/smallrye-metrics.adoc.po, 93, 93, 1222, 1222, 0%
l10n/po/zh_CN/content/versions/3.2/guides/grpc-getting-started.adoc.po, 79, 79, 1221, 1221, 0%
l10n/po/zh_CN/content/versions/2.13/guides/extension-registry-user.adoc.po, 63, 63, 1218, 1218, 0%
l10n/po/zh_CN/content/versions/2.16/guides/extension-registry-user.adoc.po, 63, 63, 1218, 1218, 0%
l10n/po/zh_CN/content/versions/3.15/guides/extension-registry-user.adoc.po, 63, 63, 1218, 1218, 0%
l10n/po/zh_CN/content/versions/3.2/guides/extension-registry-user.adoc.po, 63, 63, 1218, 1218, 0%
l10n/po/zh_CN/content/versions/3.20/guides/extension-registry-user.adoc.po, 63, 63, 1218, 1218, 0%
l10n/po/zh_CN/content/versions/3.8/guides/extension-registry-user.adoc.po, 63, 63, 1218, 1218, 0%
l10n/po/zh_CN/content/versions/3.8/guides/spring-data-rest.adoc.po, 123, 123, 1218, 1218, 0%
l10n/po/zh_CN/content/versions/2.16/guides/security-ldap.adoc.po, 136, 136, 1216, 1216, 0%
l10n/po/zh_CN/content/versions/2.13/guides/security-csrf-prevention.adoc.po, 93, 93, 1210, 1210, 0%
l10n/po/zh_CN/content/guides/security-properties.adoc.po, 94, 94, 1209, 1209, 0%
l10n/po/zh_CN/content/versions/3.33/guides/security-properties.adoc.po, 94, 94, 1209, 1209, 0%
l10n/po/zh_CN/content/versions/3.34/guides/security-properties.adoc.po, 94, 94, 1209, 1209, 0%
l10n/po/zh_CN/content/versions/main/guides/security-properties.adoc.po, 94, 94, 1209, 1209, 0%
l10n/po/zh_CN/content/posts/2022-04-04-vscode-quarkus-1.10.0-qute.adoc.po, 70, 70, 1206, 1206, 0%
l10n/po/zh_CN/content/posts/2024-04-03-changing-loggers-level-from-unleash.adoc.po, 59, 59, 1206, 1206, 0%
l10n/po/zh_CN/content/posts/2026-06-15-introducing-quarkus-data.adoc.po, 40, 40, 1206, 1206, 0%
l10n/po/zh_CN/content/versions/3.15/guides/scheduler.adoc.po, 105, 105, 1205, 1205, 0%
l10n/po/zh_CN/content/versions/2.13/guides/rabbitmq.adoc.po, 87, 87, 1203, 1203, 0%
l10n/po/zh_CN/content/versions/2.16/guides/rabbitmq.adoc.po, 87, 87, 1203, 1203, 0%
l10n/po/zh_CN/content/versions/3.2/guides/rabbitmq.adoc.po, 87, 87, 1200, 1200, 0%
l10n/po/zh_CN/content/versions/3.2/guides/smallrye-metrics.adoc.po, 90, 90, 1199, 1199, 0%
l10n/po/zh_CN/content/posts/2024-11-29-quarkus-jlama.adoc.po, 29, 29, 1197, 1197, 0%
l10n/po/zh_CN/content/versions/2.16/guides/redis-dev-services.adoc.po, 54, 54, 1197, 1197, 0%
l10n/po/zh_CN/content/posts/2026-05-19-quarkus-insights-248-ddd-hexagonal-architecture.adoc.po, 128, 128, 1196, 1196, 0%
l10n/po/zh_CN/content/versions/2.13/guides/spring-data-rest.adoc.po, 120, 120, 1192, 1192, 0%
l10n/po/zh_CN/content/versions/2.16/guides/spring-data-rest.adoc.po, 120, 120, 1192, 1192, 0%
l10n/po/zh_CN/content/versions/3.2/guides/spring-data-rest.adoc.po, 120, 120, 1189, 1189, 0%
l10n/po/zh_CN/content/versions/main/guides/native-transport-reference.adoc.po, 143, 143, 1189, 1189, 0%
l10n/po/zh_CN/content/posts/2024-10-30-quarkus-3-16-1-released.adoc.po, 81, 81, 1182, 1182, 0%
l10n/po/zh_CN/content/versions/2.16/guides/security-openid-connect-providers.adoc.po, 83, 83, 1182, 1182, 0%
l10n/po/zh_CN/content/guides/deploying-to-heroku.adoc.po, 85, 85, 1181, 1181, 0%
l10n/po/zh_CN/content/versions/2.13/guides/security-openid-connect-providers.adoc.po, 83, 83, 1181, 1181, 0%
l10n/po/zh_CN/content/versions/3.20/guides/deploying-to-heroku.adoc.po, 85, 85, 1181, 1181, 0%
l10n/po/zh_CN/content/versions/3.20/guides/load-shedding-reference.adoc.po, 95, 95, 1181, 1181, 0%
l10n/po/zh_CN/content/versions/3.27/guides/deploying-to-heroku.adoc.po, 85, 85, 1181, 1181, 0%
l10n/po/zh_CN/content/versions/3.27/guides/load-shedding-reference.adoc.po, 95, 95, 1181, 1181, 0%
l10n/po/zh_CN/content/versions/3.33/guides/deploying-to-heroku.adoc.po, 85, 85, 1181, 1181, 0%
l10n/po/zh_CN/content/versions/3.34/guides/deploying-to-heroku.adoc.po, 85, 85, 1181, 1181, 0%
l10n/po/zh_CN/content/versions/main/guides/deploying-to-heroku.adoc.po, 85, 85, 1181, 1181, 0%
l10n/po/zh_CN/content/versions/2.13/guides/security-ldap.adoc.po, 134, 134, 1180, 1180, 0%
l10n/po/zh_CN/content/versions/3.15/guides/lifecycle.adoc.po, 81, 81, 1179, 1179, 0%
l10n/po/zh_CN/content/versions/3.20/guides/lifecycle.adoc.po, 81, 81, 1179, 1179, 0%
l10n/po/zh_CN/content/versions/3.27/guides/lifecycle.adoc.po, 81, 81, 1179, 1179, 0%
l10n/po/zh_CN/content/versions/3.15/guides/security-oidc-code-flow-authentication-tutorial.adoc.po, 89, 89, 1176, 1176, 0%
l10n/po/zh_CN/content/versions/3.20/guides/security-oidc-code-flow-authentication-tutorial.adoc.po, 89, 89, 1176, 1176, 0%
l10n/po/zh_CN/content/versions/3.27/guides/security-oidc-code-flow-authentication-tutorial.adoc.po, 89, 89, 1176, 1176, 0%
l10n/po/zh_CN/content/posts/2021-01-12-magic-control.adoc.po, 52, 52, 1175, 1175, 0%
l10n/po/zh_CN/content/posts/2022-09-15-redis-job-queue.adoc.po, 48, 48, 1175, 1175, 0%
l10n/po/zh_CN/content/versions/3.15/guides/cache-redis-reference.adoc.po, 91, 91, 1172, 1172, 0%
l10n/po/zh_CN/content/guides/scripting.adoc.po, 81, 81, 1170, 1170, 0%
l10n/po/zh_CN/content/versions/3.15/guides/scripting.adoc.po, 81, 81, 1170, 1170, 0%
l10n/po/zh_CN/content/versions/3.20/guides/scripting.adoc.po, 81, 81, 1170, 1170, 0%
l10n/po/zh_CN/content/versions/3.27/guides/scripting.adoc.po, 81, 81, 1170, 1170, 0%
l10n/po/zh_CN/content/versions/3.33/guides/scripting.adoc.po, 81, 81, 1170, 1170, 0%
l10n/po/zh_CN/content/versions/3.34/guides/scripting.adoc.po, 81, 81, 1170, 1170, 0%
l10n/po/zh_CN/content/versions/main/guides/scripting.adoc.po, 81, 81, 1170, 1170, 0%
l10n/po/zh_CN/content/guides/security-oidc-code-flow-authentication-tutorial.adoc.po, 88, 88, 1168, 1168, 0%
l10n/po/zh_CN/content/versions/3.33/guides/security-oidc-code-flow-authentication-tutorial.adoc.po, 88, 88, 1168, 1168, 0%
l10n/po/zh_CN/content/versions/3.34/guides/security-oidc-code-flow-authentication-tutorial.adoc.po, 88, 88, 1168, 1168, 0%
l10n/po/zh_CN/content/versions/main/guides/security-oidc-code-flow-authentication-tutorial.adoc.po, 88, 88, 1168, 1168, 0%
l10n/po/zh_CN/content/versions/3.15/guides/load-shedding-reference.adoc.po, 95, 95, 1167, 1167, 0%
l10n/po/zh_CN/content/posts/2025-02-18-agentic-ai-with-quarkus.adoc.po, 45, 45, 1163, 1163, 0%
l10n/po/zh_CN/content/guides/amqp.adoc.po, 83, 83, 1161, 1161, 0%
l10n/po/zh_CN/content/versions/3.15/guides/amqp.adoc.po, 83, 83, 1161, 1161, 0%
l10n/po/zh_CN/content/versions/3.20/guides/amqp.adoc.po, 83, 83, 1161, 1161, 0%
l10n/po/zh_CN/content/versions/3.27/guides/amqp.adoc.po, 83, 83, 1161, 1161, 0%
l10n/po/zh_CN/content/versions/3.33/guides/amqp.adoc.po, 83, 83, 1161, 1161, 0%
l10n/po/zh_CN/content/versions/3.34/guides/amqp.adoc.po, 83, 83, 1161, 1161, 0%
l10n/po/zh_CN/content/versions/main/guides/amqp.adoc.po, 83, 83, 1161, 1161, 0%
l10n/po/zh_CN/content/guides/security-keycloak-admin-client.adoc.po, 110, 110, 1160, 1160, 0%
l10n/po/zh_CN/content/posts/2020-09-14-wipro-customer-story.adoc.po, 31, 31, 1160, 1160, 0%
l10n/po/zh_CN/content/versions/3.20/guides/security-keycloak-admin-client.adoc.po, 110, 110, 1160, 1160, 0%
l10n/po/zh_CN/content/versions/3.27/guides/security-keycloak-admin-client.adoc.po, 110, 110, 1160, 1160, 0%
l10n/po/zh_CN/content/versions/3.33/guides/security-keycloak-admin-client.adoc.po, 110, 110, 1160, 1160, 0%
l10n/po/zh_CN/content/versions/3.34/guides/security-keycloak-admin-client.adoc.po, 110, 110, 1160, 1160, 0%
l10n/po/zh_CN/content/versions/main/guides/security-keycloak-admin-client.adoc.po, 110, 110, 1160, 1160, 0%
l10n/po/zh_CN/content/versions/2.13/guides/redis-dev-services.adoc.po, 54, 54, 1158, 1158, 0%
l10n/po/zh_CN/content/versions/3.2/guides/scripting.adoc.po, 79, 79, 1154, 1154, 0%
l10n/po/zh_CN/content/posts/2024-01-31-quarkus-3-7-released.adoc.po, 80, 80, 1153, 1153, 0%
l10n/po/zh_CN/content/versions/2.13/guides/scripting.adoc.po, 79, 79, 1153, 1153, 0%
l10n/po/zh_CN/content/versions/2.16/guides/scripting.adoc.po, 79, 79, 1153, 1153, 0%
l10n/po/zh_CN/content/versions/3.33/guides/security-cors.adoc.po, 88, 88, 1153, 1153, 0%
l10n/po/zh_CN/content/posts/2026-01-28-quarkus-3-31-released.adoc.po, 70, 70, 1151, 1151, 0%
l10n/po/zh_CN/content/versions/3.2/guides/security-customization.adoc.po, 56, 56, 1149, 1149, 0%
l10n/po/zh_CN/content/guides/getting-started.adoc.po, 80, 80, 1148, 1148, 0%
l10n/po/zh_CN/content/posts/2021-08-23-resteasy-reactive-smart-dispatch.adoc.po, 56, 56, 1148, 1148, 0%
l10n/po/zh_CN/content/versions/main/guides/getting-started.adoc.po, 80, 80, 1148, 1148, 0%
l10n/po/zh_CN/content/versions/3.8/guides/cache-redis-reference.adoc.po, 91, 91, 1145, 1145, 0%
l10n/po/zh_CN/content/guides/stork.adoc.po, 84, 84, 1142, 1142, 0%
l10n/po/zh_CN/content/versions/3.27/guides/stork.adoc.po, 84, 84, 1142, 1142, 0%
l10n/po/zh_CN/content/versions/3.33/guides/stork.adoc.po, 84, 84, 1142, 1142, 0%
l10n/po/zh_CN/content/versions/3.34/guides/stork.adoc.po, 84, 84, 1142, 1142, 0%
l10n/po/zh_CN/content/versions/3.8/guides/stork.adoc.po, 84, 84, 1142, 1142, 0%
l10n/po/zh_CN/content/versions/main/guides/stork.adoc.po, 84, 84, 1142, 1142, 0%
l10n/po/zh_CN/content/versions/3.15/guides/stork.adoc.po, 84, 84, 1141, 1141, 0%
l10n/po/zh_CN/content/versions/3.20/guides/stork.adoc.po, 84, 84, 1141, 1141, 0%
l10n/po/zh_CN/content/posts/2022-11-17-our-bumpy-road-to-jakarta-ee-10.adoc.po, 58, 58, 1139, 1139, 0%
l10n/po/zh_CN/content/posts/2025-03-24-movie-similarity-search-using-vector-databases.adoc.po, 50, 50, 1137, 1137, 0%
l10n/po/zh_CN/content/versions/3.8/guides/amqp.adoc.po, 83, 83, 1137, 1137, 0%
l10n/po/zh_CN/content/versions/2.16/guides/security-customization.adoc.po, 53, 53, 1135, 1135, 0%
l10n/po/zh_CN/content/posts/2020-12-01-kafka-cloud-events.adoc.po, 36, 36, 1134, 1134, 0%
l10n/po/zh_CN/content/versions/2.13/guides/security-customization.adoc.po, 53, 53, 1134, 1134, 0%
l10n/po/zh_CN/content/versions/3.2/guides/spring-di.adoc.po, 91, 91, 1134, 1134, 0%
l10n/po/zh_CN/content/guides/aot.adoc.po, 103, 103, 1133, 1133, 0%
l10n/po/zh_CN/content/versions/2.16/guides/grpc-getting-started.adoc.po, 73, 73, 1133, 1133, 0%
l10n/po/zh_CN/content/versions/main/guides/aot.adoc.po, 103, 103, 1133, 1133, 0%
l10n/po/zh_CN/content/posts/2021-01-20-quarkus-1-11-0-final-released.adoc.po, 77, 77, 1131, 1131, 0%
l10n/po/zh_CN/content/posts/2022-01-13-quarkus-aws-cloudwatch_extension.adoc.po, 34, 34, 1129, 1129, 0%
l10n/po/zh_CN/content/posts/2025-11-03-arc-migrates-to-gizmo2.adoc.po, 43, 43, 1126, 1126, 0%
l10n/po/zh_CN/content/versions/3.8/guides/scripting.adoc.po, 78, 78, 1122, 1122, 0%
l10n/po/zh_CN/content/versions/main/guides/observability-devservices-lgtm.adoc.po, 81, 81, 1122, 1122, 0%
l10n/po/zh_CN/content/posts/2023-11-23-stork-latest-news.adoc.po, 42, 42, 1119, 1119, 0%
l10n/po/zh_CN/content/versions/2.13/guides/stork.adoc.po, 81, 81, 1115, 1115, 0%
l10n/po/zh_CN/content/versions/2.16/guides/stork.adoc.po, 81, 81, 1115, 1115, 0%
l10n/po/zh_CN/content/versions/2.13/guides/rest-data-panache.adoc.po, 78, 78, 1114, 1114, 0%
l10n/po/zh_CN/content/versions/3.2/guides/stork.adoc.po, 81, 81, 1113, 1113, 0%
l10n/po/zh_CN/content/guides/assistant.adoc.po, 103, 103, 1111, 1111, 0%
l10n/po/zh_CN/content/versions/2.13/guides/amqp.adoc.po, 80, 80, 1111, 1111, 0%
l10n/po/zh_CN/content/versions/2.16/guides/amqp.adoc.po, 80, 80, 1111, 1111, 0%
l10n/po/zh_CN/content/versions/3.33/guides/assistant.adoc.po, 103, 103, 1111, 1111, 0%
l10n/po/zh_CN/content/versions/main/guides/assistant.adoc.po, 103, 103, 1111, 1111, 0%
l10n/po/zh_CN/content/guides/resteasy-client-multipart.adoc.po, 74, 74, 1110, 1110, 0%
l10n/po/zh_CN/content/versions/3.15/guides/resteasy-client-multipart.adoc.po, 74, 74, 1110, 1110, 0%
l10n/po/zh_CN/content/versions/3.20/guides/resteasy-client-multipart.adoc.po, 74, 74, 1110, 1110, 0%
l10n/po/zh_CN/content/versions/3.27/guides/resteasy-client-multipart.adoc.po, 74, 74, 1110, 1110, 0%
l10n/po/zh_CN/content/versions/3.33/guides/resteasy-client-multipart.adoc.po, 74, 74, 1110, 1110, 0%
l10n/po/zh_CN/content/versions/3.34/guides/resteasy-client-multipart.adoc.po, 74, 74, 1110, 1110, 0%
l10n/po/zh_CN/content/versions/main/guides/resteasy-client-multipart.adoc.po, 74, 74, 1110, 1110, 0%
l10n/po/zh_CN/content/guides/jar-tree-shaking.adoc.po, 58, 58, 1109, 1109, 0%
l10n/po/zh_CN/content/versions/3.20/guides/kubernetes-dev-services.adoc.po, 65, 65, 1109, 1109, 0%
l10n/po/zh_CN/content/versions/main/guides/jar-tree-shaking.adoc.po, 58, 58, 1109, 1109, 0%
l10n/po/zh_CN/content/posts/2021-06-22-abraxas-customer-story.adoc.po, 53, 53, 1108, 1108, 0%
l10n/po/zh_CN/content/posts/2024-03-27-quarkus-3-9-1-released.adoc.po, 62, 62, 1108, 1108, 0%
l10n/po/zh_CN/content/versions/3.2/guides/amqp.adoc.po, 80, 80, 1108, 1108, 0%
l10n/po/zh_CN/content/versions/3.8/guides/resteasy-client-multipart.adoc.po, 74, 74, 1108, 1108, 0%
l10n/po/zh_CN/content/posts/2025-12-15-quarkus-feature-flags.adoc.po, 56, 56, 1106, 1106, 0%
l10n/po/zh_CN/content/versions/3.27/guides/testing-components.adoc.po, 55, 55, 1105, 1105, 0%
l10n/po/zh_CN/content/posts/2022-04-20-solving-problems-with-extensions.adoc.po, 54, 54, 1102, 1102, 0%
l10n/po/zh_CN/content/posts/2021-11-30-quarkus-native-neo4j-call-tree.adoc.po, 35, 35, 1100, 1100, 0%
l10n/po/zh_CN/content/guides/liquibase-mongodb.adoc.po, 131, 131, 1099, 1099, 0%
l10n/po/zh_CN/content/versions/main/guides/liquibase-mongodb.adoc.po, 131, 131, 1099, 1099, 0%
l10n/po/zh_CN/content/posts/2019-10-12-quarkus-0-24.0-released.adoc.po, 55, 55, 1097, 1097, 0%
l10n/po/zh_CN/content/posts/2026-07-21-fairness-in-benchmarking.adoc.po, 42, 42, 1097, 1097, 0%
l10n/po/zh_CN/content/posts/2020-04-29-mocking.adoc.po, 47, 47, 1096, 1096, 0%
l10n/po/zh_CN/content/guides/grpc-generation-reference.adoc.po, 99, 99, 1094, 1094, 0%
l10n/po/zh_CN/content/versions/2.13/guides/smallrye-metrics.adoc.po, 87, 87, 1094, 1094, 0%
l10n/po/zh_CN/content/versions/2.16/guides/smallrye-metrics.adoc.po, 87, 87, 1094, 1094, 0%
l10n/po/zh_CN/content/versions/3.33/guides/grpc-generation-reference.adoc.po, 99, 99, 1094, 1094, 0%
l10n/po/zh_CN/content/versions/3.34/guides/grpc-generation-reference.adoc.po, 99, 99, 1094, 1094, 0%
l10n/po/zh_CN/content/versions/main/guides/grpc-generation-reference.adoc.po, 99, 99, 1094, 1094, 0%
l10n/po/zh_CN/content/posts/2021-06-30-quarkus-2-0-0-final-released.adoc.po, 59, 59, 1093, 1093, 0%
l10n/po/zh_CN/content/versions/3.33/guides/aot.adoc.po, 100, 100, 1092, 1092, 0%
l10n/po/zh_CN/content/versions/3.34/guides/aot.adoc.po, 100, 100, 1092, 1092, 0%
l10n/po/zh_CN/content/posts/2020-06-23-supersonic-subatomic-graphql.adoc.po, 66, 66, 1091, 1091, 0%
l10n/po/zh_CN/content/posts/2022-07-15-stork-load-balancing.adoc.po, 48, 48, 1087, 1087, 0%
l10n/po/zh_CN/content/versions/3.15/guides/spring-web.adoc.po, 127, 127, 1086, 1086, 0%
l10n/po/zh_CN/content/versions/3.20/guides/spring-web.adoc.po, 127, 127, 1086, 1086, 0%
l10n/po/zh_CN/content/versions/3.27/guides/spring-web.adoc.po, 127, 127, 1086, 1086, 0%
l10n/po/zh_CN/content/versions/3.2/guides/scheduler.adoc.po, 100, 100, 1085, 1085, 0%
l10n/po/zh_CN/content/versions/3.8/guides/spring-web.adoc.po, 127, 127, 1085, 1085, 0%
l10n/po/zh_CN/content/versions/3.34/guides/assistant.adoc.po, 102, 102, 1084, 1084, 0%
l10n/po/zh_CN/content/posts/2025-09-04-quarkus-a2a-java-0-3-0-alpha-release.adoc.po, 50, 50, 1083, 1083, 0%
l10n/po/zh_CN/content/posts/2021-09-15-adoptium-customer-story.adoc.po, 31, 31, 1082, 1082, 0%
l10n/po/zh_CN/content/versions/2.13/guides/performance-measure.adoc.po, 69, 69, 1082, 1082, 0%
l10n/po/zh_CN/content/versions/3.27/guides/grpc-generation-reference.adoc.po, 99, 99, 1082, 1082, 0%
l10n/po/zh_CN/content/guides/rest-migration.adoc.po, 93, 93, 1079, 1079, 0%
l10n/po/zh_CN/content/posts/2025-10-28-quarkus-a2a-java-security.adoc.po, 53, 53, 1079, 1079, 0%
l10n/po/zh_CN/content/versions/3.15/guides/rest-migration.adoc.po, 93, 93, 1079, 1079, 0%
l10n/po/zh_CN/content/versions/3.20/guides/rest-migration.adoc.po, 93, 93, 1079, 1079, 0%
l10n/po/zh_CN/content/versions/3.27/guides/rest-migration.adoc.po, 93, 93, 1079, 1079, 0%
l10n/po/zh_CN/content/versions/3.33/guides/rest-migration.adoc.po, 93, 93, 1079, 1079, 0%
l10n/po/zh_CN/content/versions/3.34/guides/rest-migration.adoc.po, 93, 93, 1079, 1079, 0%
l10n/po/zh_CN/content/versions/main/guides/rest-migration.adoc.po, 93, 93, 1079, 1079, 0%
l10n/po/zh_CN/content/versions/main/guides/security-spiffe-client.adoc.po, 76, 76, 1079, 1079, 0%
l10n/po/zh_CN/content/guides/command-mode-reference.adoc.po, 71, 71, 1074, 1074, 0%
l10n/po/zh_CN/content/versions/3.27/guides/command-mode-reference.adoc.po, 71, 71, 1074, 1074, 0%
l10n/po/zh_CN/content/versions/3.33/guides/command-mode-reference.adoc.po, 71, 71, 1074, 1074, 0%
l10n/po/zh_CN/content/versions/3.34/guides/command-mode-reference.adoc.po, 71, 71, 1074, 1074, 0%
l10n/po/zh_CN/content/versions/main/guides/command-mode-reference.adoc.po, 71, 71, 1074, 1074, 0%
l10n/po/zh_CN/content/versions/3.8/guides/scheduler.adoc.po, 100, 100, 1071, 1071, 0%
l10n/po/zh_CN/content/posts/2024-12-09-quarkus-rpi-bare-metal.adoc.po, 38, 38, 1070, 1070, 0%
l10n/po/zh_CN/content/versions/3.15/guides/extension-metadata.adoc.po, 55, 55, 1070, 1070, 0%
l10n/po/zh_CN/content/guides/amqp-dev-services.adoc.po, 65, 65, 1069, 1069, 0%
l10n/po/zh_CN/content/versions/3.27/guides/amqp-dev-services.adoc.po, 65, 65, 1069, 1069, 0%
l10n/po/zh_CN/content/versions/3.33/guides/amqp-dev-services.adoc.po, 65, 65, 1069, 1069, 0%
l10n/po/zh_CN/content/versions/3.34/guides/amqp-dev-services.adoc.po, 65, 65, 1069, 1069, 0%
l10n/po/zh_CN/content/versions/main/guides/amqp-dev-services.adoc.po, 65, 65, 1069, 1069, 0%
l10n/po/zh_CN/content/versions/3.8/guides/security-oidc-code-flow-authentication-tutorial.adoc.po, 86, 86, 1068, 1068, 0%
l10n/po/zh_CN/content/versions/3.8/guides/infinispan-client.adoc.po, 85, 85, 1066, 1066, 0%
l10n/po/zh_CN/content/versions/2.13/guides/grpc-getting-started.adoc.po, 67, 67, 1064, 1064, 0%
l10n/po/zh_CN/content/versions/3.27/guides/assistant.adoc.po, 100, 100, 1063, 1063, 0%
l10n/po/zh_CN/content/posts/2019-12-23-quarkus-1-1-0-final-released.adoc.po, 55, 55, 1062, 1062, 0%
l10n/po/zh_CN/content/posts/2021-04-20-solving-problems-with-custom-extensions.adoc.po, 60, 60, 1061, 1061, 0%
l10n/po/zh_CN/content/versions/3.2/guides/spring-web.adoc.po, 124, 124, 1056, 1056, 0%
l10n/po/zh_CN/content/versions/3.20/guides/amqp-dev-services.adoc.po, 63, 63, 1053, 1053, 0%
l10n/po/zh_CN/content/posts/2024-04-25-search-indexing-rollover.adoc.po, 44, 44, 1051, 1051, 0%
l10n/po/zh_CN/content/versions/2.16/guides/performance-measure.adoc.po, 66, 66, 1050, 1050, 0%
l10n/po/zh_CN/content/versions/3.2/guides/performance-measure.adoc.po, 66, 66, 1050, 1050, 0%
l10n/po/zh_CN/content/versions/3.2/guides/dev-ui.adoc.po, 73, 73, 1049, 1049, 0%
l10n/po/zh_CN/content/versions/3.8/guides/extension-metadata.adoc.po, 54, 54, 1048, 1048, 0%
l10n/po/zh_CN/content/guides/telemetry-micrometer-tutorial.adoc.po, 79, 79, 1047, 1047, 0%
l10n/po/zh_CN/content/posts/2025-03-31-mmaler-blogpost-1-intro.adoc.po, 34, 34, 1047, 1047, 0%
l10n/po/zh_CN/content/posts/2026-05-01-quarkus-3-35-released.adoc.po, 69, 69, 1047, 1047, 0%
l10n/po/zh_CN/content/versions/2.13/guides/funqy-gcp-functions.adoc.po, 76, 76, 1047, 1047, 0%
l10n/po/zh_CN/content/versions/2.13/guides/spring-web.adoc.po, 124, 124, 1047, 1047, 0%
l10n/po/zh_CN/content/versions/2.16/guides/spring-web.adoc.po, 124, 124, 1047, 1047, 0%
l10n/po/zh_CN/content/versions/3.20/guides/telemetry-micrometer-tutorial.adoc.po, 79, 79, 1047, 1047, 0%
l10n/po/zh_CN/content/versions/3.27/guides/telemetry-micrometer-tutorial.adoc.po, 79, 79, 1047, 1047, 0%
l10n/po/zh_CN/content/versions/3.33/guides/telemetry-micrometer-tutorial.adoc.po, 79, 79, 1047, 1047, 0%
l10n/po/zh_CN/content/versions/3.34/guides/telemetry-micrometer-tutorial.adoc.po, 79, 79, 1047, 1047, 0%
l10n/po/zh_CN/content/versions/main/guides/telemetry-micrometer-tutorial.adoc.po, 79, 79, 1047, 1047, 0%
l10n/po/zh_CN/content/posts/2019-09-23-quarkus-developer-joy-for-vs-code.adoc.po, 46, 46, 1045, 1045, 0%
l10n/po/zh_CN/content/versions/3.8/guides/resteasy-reactive-migration.adoc.po, 91, 91, 1044, 1044, 0%
l10n/po/zh_CN/content/versions/3.2/guides/rest-client-multipart.adoc.po, 69, 69, 1043, 1043, 0%
l10n/po/zh_CN/content/versions/3.20/guides/security-properties.adoc.po, 93, 93, 1043, 1043, 0%
l10n/po/zh_CN/content/versions/3.27/guides/security-properties.adoc.po, 93, 93, 1043, 1043, 0%
l10n/po/zh_CN/content/posts/2020-01-28-vscode-quarkus-1.3.0.adoc.po, 79, 79, 1041, 1041, 0%
l10n/po/zh_CN/_data/versioned/main/index/relations.yaml.po, 233, 535, 1038, 1451, 29%
l10n/po/zh_CN/content/versions/3.2/guides/infinispan-client.adoc.po, 82, 82, 1037, 1037, 0%
l10n/po/zh_CN/content/versions/2.13/guides/rest-client-multipart.adoc.po, 69, 69, 1036, 1036, 0%
l10n/po/zh_CN/content/versions/2.16/guides/rest-client-multipart.adoc.po, 69, 69, 1036, 1036, 0%
l10n/po/zh_CN/content/posts/2025-10-20-quarkus-component-test-update.adoc.po, 49, 49, 1035, 1035, 0%
l10n/po/zh_CN/content/posts/2022-08-31-quarkus-helm.adoc.po, 53, 53, 1034, 1034, 0%
l10n/po/zh_CN/content/versions/2.13/guides/spring-di.adoc.po, 85, 85, 1034, 1034, 0%
l10n/po/zh_CN/content/versions/2.16/guides/spring-di.adoc.po, 85, 85, 1034, 1034, 0%
l10n/po/zh_CN/content/versions/3.8/guides/lifecycle.adoc.po, 73, 73, 1033, 1033, 0%
l10n/po/zh_CN/content/posts/2025-10-31-continued-focus-on-native.adoc.po, 24, 24, 1032, 1032, 0%
l10n/po/zh_CN/content/versions/3.20/guides/command-mode-reference.adoc.po, 65, 65, 1029, 1029, 0%
l10n/po/zh_CN/content/versions/3.15/guides/telemetry-micrometer-tutorial.adoc.po, 78, 78, 1028, 1028, 0%
l10n/po/zh_CN/content/versions/3.8/guides/telemetry-micrometer-tutorial.adoc.po, 78, 78, 1028, 1028, 0%
l10n/po/zh_CN/content/versions/3.15/guides/infinispan-client.adoc.po, 83, 83, 1027, 1027, 0%
l10n/po/zh_CN/content/versions/3.15/guides/command-mode-reference.adoc.po, 65, 65, 1020, 1020, 0%
l10n/po/zh_CN/templates/partials/spring-migrate-content.html.po, 77, 77, 1019, 1019, 0%
l10n/po/zh_CN/content/versions/2.13/guides/dev-ui.adoc.po, 71, 71, 1018, 1018, 0%
l10n/po/zh_CN/content/versions/2.16/guides/dev-ui.adoc.po, 71, 71, 1018, 1018, 0%
l10n/po/zh_CN/content/versions/3.2/guides/extension-metadata.adoc.po, 53, 53, 1016, 1016, 0%
l10n/po/zh_CN/content/versions/3.15/guides/redis.adoc.po, 93, 93, 1013, 1013, 0%
l10n/po/zh_CN/content/versions/3.20/guides/redis.adoc.po, 93, 93, 1013, 1013, 0%
l10n/po/zh_CN/content/versions/3.8/guides/redis.adoc.po, 93, 93, 1013, 1013, 0%
l10n/po/zh_CN/content/guides/infinispan-client.adoc.po, 82, 82, 1012, 1012, 0%
l10n/po/zh_CN/content/versions/3.33/guides/infinispan-client.adoc.po, 82, 82, 1012, 1012, 0%
l10n/po/zh_CN/content/versions/3.34/guides/infinispan-client.adoc.po, 82, 82, 1012, 1012, 0%
l10n/po/zh_CN/content/versions/main/guides/infinispan-client.adoc.po, 82, 82, 1012, 1012, 0%
l10n/po/zh_CN/content/guides/reactive-event-bus.adoc.po, 76, 76, 1011, 1011, 0%
l10n/po/zh_CN/content/versions/3.15/guides/reactive-event-bus.adoc.po, 76, 76, 1011, 1011, 0%
l10n/po/zh_CN/content/versions/3.20/guides/reactive-event-bus.adoc.po, 76, 76, 1011, 1011, 0%
l10n/po/zh_CN/content/versions/3.27/guides/reactive-event-bus.adoc.po, 76, 76, 1011, 1011, 0%
l10n/po/zh_CN/content/versions/3.33/guides/reactive-event-bus.adoc.po, 76, 76, 1011, 1011, 0%
l10n/po/zh_CN/content/versions/3.34/guides/reactive-event-bus.adoc.po, 76, 76, 1011, 1011, 0%
l10n/po/zh_CN/content/versions/3.8/guides/reactive-event-bus.adoc.po, 76, 76, 1011, 1011, 0%
l10n/po/zh_CN/content/versions/main/guides/reactive-event-bus.adoc.po, 76, 76, 1011, 1011, 0%
l10n/po/zh_CN/content/posts/2021-12-22-quarkus-2-6-0-final-released.adoc.po, 61, 61, 1008, 1008, 0%
l10n/po/zh_CN/content/guides/lra-dev-services.adoc.po, 63, 63, 1005, 1005, 0%
l10n/po/zh_CN/content/posts/2025-07-15-quickjs4j.adoc.po, 86, 86, 1005, 1005, 0%
l10n/po/zh_CN/content/versions/3.15/guides/security-properties.adoc.po, 92, 92, 1005, 1005, 0%
l10n/po/zh_CN/content/versions/3.33/guides/lra-dev-services.adoc.po, 63, 63, 1005, 1005, 0%
l10n/po/zh_CN/content/versions/3.34/guides/lra-dev-services.adoc.po, 63, 63, 1005, 1005, 0%
l10n/po/zh_CN/content/versions/main/guides/lra-dev-services.adoc.po, 63, 63, 1005, 1005, 0%
l10n/po/zh_CN/content/guides/cache-infinispan-reference.adoc.po, 73, 73, 1002, 1002, 0%
l10n/po/zh_CN/content/guides/observability-devservices-lgtm.adoc.po, 67, 67, 1002, 1002, 0%
l10n/po/zh_CN/content/versions/3.20/guides/cache-infinispan-reference.adoc.po, 73, 73, 1002, 1002, 0%
l10n/po/zh_CN/content/versions/3.27/guides/cache-infinispan-reference.adoc.po, 73, 73, 1002, 1002, 0%
l10n/po/zh_CN/content/versions/3.33/guides/cache-infinispan-reference.adoc.po, 73, 73, 1002, 1002, 0%
l10n/po/zh_CN/content/versions/3.34/guides/cache-infinispan-reference.adoc.po, 73, 73, 1002, 1002, 0%
l10n/po/zh_CN/content/versions/main/guides/cache-infinispan-reference.adoc.po, 73, 73, 1002, 1002, 0%
l10n/po/zh_CN/content/versions/3.15/guides/testing-components.adoc.po, 49, 49, 1001, 1001, 0%
l10n/po/zh_CN/content/versions/3.20/guides/grpc-generation-reference.adoc.po, 94, 94, 1001, 1001, 0%
l10n/po/zh_CN/content/versions/3.20/guides/testing-components.adoc.po, 49, 49, 1001, 1001, 0%
l10n/po/zh_CN/content/versions/3.2/guides/telemetry-micrometer-tutorial.adoc.po, 75, 75, 999, 999, 0%
l10n/po/zh_CN/content/versions/3.2/guides/cache-redis-reference.adoc.po, 84, 84, 998, 998, 0%
l10n/po/zh_CN/content/versions/3.33/guides/liquibase-mongodb.adoc.po, 121, 121, 997, 997, 0%
l10n/po/zh_CN/content/versions/3.34/guides/liquibase-mongodb.adoc.po, 121, 121, 997, 997, 0%
l10n/po/zh_CN/content/posts/2020-05-12-native-command-mode-tools.adoc.po, 33, 33, 996, 996, 0%
l10n/po/zh_CN/content/versions/2.13/guides/security-authorization.adoc.po, 49, 49, 996, 996, 0%
l10n/po/zh_CN/content/posts/2022-11-28-quarkus-support-for-aws-lambda-snapstart.adoc.po, 63, 63, 995, 995, 0%
l10n/po/zh_CN/content/versions/2.16/guides/security-properties.adoc.po, 89, 89, 994, 994, 0%
l10n/po/zh_CN/content/versions/3.27/guides/security-cors.adoc.po, 77, 77, 994, 994, 0%
l10n/po/zh_CN/content/versions/2.13/guides/security-properties.adoc.po, 89, 89, 993, 993, 0%
l10n/po/zh_CN/content/versions/3.15/guides/cache-infinispan-reference.adoc.po, 73, 73, 993, 993, 0%
l10n/po/zh_CN/content/posts/2023-08-23-quarkus-3-3-0-released.adoc.po, 65, 65, 988, 988, 0%
l10n/po/zh_CN/content/versions/2.13/guides/redis.adoc.po, 90, 90, 987, 987, 0%
l10n/po/zh_CN/content/versions/2.16/guides/redis.adoc.po, 90, 90, 987, 987, 0%
l10n/po/zh_CN/content/versions/3.2/guides/security-properties.adoc.po, 91, 91, 986, 986, 0%
l10n/po/zh_CN/content/guides/pulsar-dev-services.adoc.po, 62, 62, 985, 985, 0%
l10n/po/zh_CN/content/versions/3.20/guides/infinispan-client.adoc.po, 81, 81, 985, 985, 0%
l10n/po/zh_CN/content/versions/3.20/guides/pulsar-dev-services.adoc.po, 62, 62, 985, 985, 0%
l10n/po/zh_CN/content/versions/3.27/guides/infinispan-client.adoc.po, 81, 81, 985, 985, 0%
l10n/po/zh_CN/content/versions/3.27/guides/pulsar-dev-services.adoc.po, 62, 62, 985, 985, 0%
l10n/po/zh_CN/content/versions/3.33/guides/pulsar-dev-services.adoc.po, 62, 62, 985, 985, 0%
l10n/po/zh_CN/content/versions/3.34/guides/pulsar-dev-services.adoc.po, 62, 62, 985, 985, 0%
l10n/po/zh_CN/content/versions/main/guides/pulsar-dev-services.adoc.po, 62, 62, 985, 985, 0%
l10n/po/zh_CN/content/versions/3.15/guides/deploying-to-heroku.adoc.po, 69, 69, 984, 984, 0%
l10n/po/zh_CN/content/versions/3.2/guides/redis.adoc.po, 90, 90, 984, 984, 0%
l10n/po/zh_CN/content/versions/3.8/guides/deploying-to-heroku.adoc.po, 69, 69, 984, 984, 0%
l10n/po/zh_CN/content/guides/redis.adoc.po, 93, 93, 983, 983, 0%
l10n/po/zh_CN/content/versions/2.13/guides/reactive-event-bus.adoc.po, 73, 73, 983, 983, 0%
l10n/po/zh_CN/content/versions/2.16/guides/reactive-event-bus.adoc.po, 73, 73, 983, 983, 0%
l10n/po/zh_CN/content/versions/3.27/guides/redis.adoc.po, 93, 93, 983, 983, 0%
l10n/po/zh_CN/content/versions/3.33/guides/redis.adoc.po, 93, 93, 983, 983, 0%
l10n/po/zh_CN/content/versions/3.34/guides/redis.adoc.po, 93, 93, 983, 983, 0%
l10n/po/zh_CN/content/versions/main/guides/redis.adoc.po, 93, 93, 983, 983, 0%
l10n/po/zh_CN/content/versions/3.2/guides/elasticsearch-dev-services.adoc.po, 68, 68, 982, 982, 0%
l10n/po/zh_CN/content/versions/3.2/guides/reactive-event-bus.adoc.po, 73, 73, 982, 982, 0%
l10n/po/zh_CN/content/versions/main/guides/http3-reference.adoc.po, 82, 82, 982, 982, 0%
l10n/po/zh_CN/content/posts/2026-05-18-a2a-java-sdk-1-0-0-cr1-released.adoc.po, 74, 74, 981, 981, 0%
l10n/po/zh_CN/content/versions/3.15/guides/grpc-service-consumption.adoc.po, 74, 74, 981, 981, 0%
l10n/po/zh_CN/content/versions/3.20/guides/security-cors.adoc.po, 77, 77, 981, 981, 0%
l10n/po/zh_CN/content/versions/3.2/guides/resteasy-reactive-migration.adoc.po, 87, 87, 980, 980, 0%
l10n/po/zh_CN/content/versions/3.8/guides/command-mode-reference.adoc.po, 61, 61, 980, 980, 0%
l10n/po/zh_CN/content/versions/3.8/guides/security-properties.adoc.po, 91, 91, 980, 980, 0%
l10n/po/zh_CN/content/posts/2022-11-22-redis-job-queue-reloaded.adoc.po, 31, 31, 979, 979, 0%
l10n/po/zh_CN/content/guides/context-propagation.adoc.po, 71, 71, 976, 976, 0%
l10n/po/zh_CN/content/versions/3.15/guides/context-propagation.adoc.po, 71, 71, 976, 976, 0%
l10n/po/zh_CN/content/versions/3.20/guides/context-propagation.adoc.po, 71, 71, 976, 976, 0%
l10n/po/zh_CN/content/versions/3.27/guides/context-propagation.adoc.po, 71, 71, 976, 976, 0%
l10n/po/zh_CN/content/versions/3.33/guides/context-propagation.adoc.po, 71, 71, 976, 976, 0%
l10n/po/zh_CN/content/versions/3.34/guides/context-propagation.adoc.po, 71, 71, 976, 976, 0%
l10n/po/zh_CN/content/versions/main/guides/context-propagation.adoc.po, 71, 71, 976, 976, 0%
l10n/po/zh_CN/content/versions/3.2/guides/context-propagation.adoc.po, 71, 71, 973, 973, 0%
l10n/po/zh_CN/content/versions/3.8/guides/context-propagation.adoc.po, 71, 71, 973, 973, 0%
l10n/po/zh_CN/content/posts/2019-11-06-gowithflow-chooses-quarkus-to-deliver-fast-to-production.adoc.po, 37, 37, 970, 970, 0%
l10n/po/zh_CN/content/posts/2021-03-30-quarkus-1-13-0-final-released.adoc.po, 58, 58, 970, 970, 0%
l10n/po/zh_CN/content/posts/2022-04-27-monitoring-quarkus-jvm-mode-with-cryostat.adoc.po, 35, 35, 970, 970, 0%
l10n/po/zh_CN/content/posts/2020-01-28-quarkus-1-2-0-final-released.adoc.po, 68, 68, 969, 969, 0%
l10n/po/zh_CN/content/versions/2.13/guides/context-propagation.adoc.po, 71, 71, 969, 969, 0%
l10n/po/zh_CN/content/versions/2.16/guides/context-propagation.adoc.po, 71, 71, 969, 969, 0%
l10n/po/zh_CN/content/posts/2022-08-30-kafka-serde.adoc.po, 42, 42, 968, 968, 0%
l10n/po/zh_CN/content/versions/3.2/guides/security-oidc-code-flow-authentication-tutorial.adoc.po, 81, 81, 966, 966, 0%
l10n/po/zh_CN/content/posts/2024-02-27-quarkus-kiota.adoc.po, 38, 38, 963, 963, 0%
l10n/po/zh_CN/content/posts/2025-01-08-quarkus-langchain4j-mcp.adoc.po, 36, 36, 959, 959, 0%
l10n/po/zh_CN/content/posts/2026-08-18-a2a-java-sdk-1-2-0-final-released.adoc.po, 82, 82, 958, 958, 0%
l10n/po/zh_CN/content/versions/2.16/guides/extension-metadata.adoc.po, 52, 52, 957, 957, 0%
l10n/po/zh_CN/content/versions/2.13/guides/command-mode-reference.adoc.po, 58, 58, 954, 954, 0%
l10n/po/zh_CN/content/versions/2.16/guides/command-mode-reference.adoc.po, 58, 58, 954, 954, 0%
l10n/po/zh_CN/content/versions/3.2/guides/command-mode-reference.adoc.po, 58, 58, 951, 951, 0%
l10n/po/zh_CN/content/guides/telemetry-micrometer-to-opentelemetry.adoc.po, 106, 106, 948, 948, 0%
l10n/po/zh_CN/content/posts/2019-07-31-quarkus-0-20-0-released.adoc.po, 49, 49, 948, 948, 0%
l10n/po/zh_CN/content/versions/3.27/guides/telemetry-micrometer-to-opentelemetry.adoc.po, 106, 106, 948, 948, 0%
l10n/po/zh_CN/content/versions/3.33/guides/telemetry-micrometer-to-opentelemetry.adoc.po, 106, 106, 948, 948, 0%
l10n/po/zh_CN/content/versions/3.34/guides/telemetry-micrometer-to-opentelemetry.adoc.po, 106, 106, 948, 948, 0%
l10n/po/zh_CN/content/versions/2.16/guides/elasticsearch-dev-services.adoc.po, 59, 59, 946, 946, 0%
l10n/po/zh_CN/content/posts/2020-10-21-quarkus-1-9-0-final-released.adoc.po, 57, 57, 945, 945, 0%
l10n/po/zh_CN/content/posts/2022-09-13-aphp-user-story.adoc.po, 37, 37, 945, 945, 0%
l10n/po/zh_CN/content/posts/2019-11-25-quarkus-1-0-0-Final-bits-are-here.adoc.po, 32, 32, 944, 944, 0%
l10n/po/zh_CN/content/posts/2022-11-10-road-to-quarkus-3.adoc.po, 53, 53, 942, 942, 0%
l10n/po/zh_CN/content/posts/2024-06-26-quarkus-3-12-0-released.adoc.po, 68, 68, 941, 941, 0%
l10n/po/zh_CN/content/guides/lra.adoc.po, 20, 20, 940, 940, 0%
l10n/po/zh_CN/content/posts/2019-11-21-vscode-quarkus-1.2.0.adoc.po, 48, 48, 940, 940, 0%
l10n/po/zh_CN/content/posts/2025-01-29-introducing-mcp-servers.adoc.po, 49, 49, 940, 940, 0%
l10n/po/zh_CN/content/versions/3.15/guides/lra.adoc.po, 20, 20, 940, 940, 0%
l10n/po/zh_CN/content/versions/3.15/guides/security-keycloak-admin-client.adoc.po, 102, 102, 940, 940, 0%
l10n/po/zh_CN/content/versions/3.2/guides/lra.adoc.po, 20, 20, 940, 940, 0%
l10n/po/zh_CN/content/versions/3.20/guides/lra.adoc.po, 20, 20, 940, 940, 0%
l10n/po/zh_CN/content/versions/3.27/guides/lra.adoc.po, 20, 20, 940, 940, 0%
l10n/po/zh_CN/content/versions/3.33/guides/lra.adoc.po, 20, 20, 940, 940, 0%
l10n/po/zh_CN/content/versions/3.34/guides/lra.adoc.po, 20, 20, 940, 940, 0%
l10n/po/zh_CN/content/versions/3.8/guides/lra.adoc.po, 20, 20, 940, 940, 0%
l10n/po/zh_CN/content/versions/main/guides/lra.adoc.po, 20, 20, 940, 940, 0%
l10n/po/zh_CN/_data/versioned/latest/index/relations.yaml.po, 206, 533, 938, 1448, 36%
l10n/po/zh_CN/content/guides/redis-dev-services.adoc.po, 56, 56, 938, 938, 0%
l10n/po/zh_CN/content/versions/3.33/guides/redis-dev-services.adoc.po, 56, 56, 938, 938, 0%
l10n/po/zh_CN/content/versions/3.34/guides/redis-dev-services.adoc.po, 56, 56, 938, 938, 0%
l10n/po/zh_CN/content/versions/main/guides/redis-dev-services.adoc.po, 56, 56, 938, 938, 0%
l10n/po/zh_CN/content/posts/2024-07-31-quarkus-3-13-0-released.adoc.po, 63, 63, 937, 937, 0%
l10n/po/zh_CN/content/versions/2.13/guides/elasticsearch-dev-services.adoc.po, 59, 59, 937, 937, 0%
l10n/po/zh_CN/content/versions/2.13/guides/lra.adoc.po, 20, 20, 935, 935, 0%
l10n/po/zh_CN/content/versions/2.16/guides/lra.adoc.po, 20, 20, 935, 935, 0%
l10n/po/zh_CN/content/posts/2026-01-19-a2a-java-sdk-1-0-0-alpha1.adoc.po, 68, 68, 934, 934, 0%
l10n/po/zh_CN/content/posts/2025-06-27-a2a-project-launches-java-sdk.adoc.po, 39, 39, 933, 933, 0%
l10n/po/zh_CN/content/posts/2020-08-13-quarkus-1-7-0-final-released.adoc.po, 62, 62, 931, 931, 0%
l10n/po/zh_CN/content/posts/2022-02-02-quarkus-2-7-0-final-released.adoc.po, 71, 71, 928, 928, 0%
l10n/po/zh_CN/content/versions/2.13/guides/extension-metadata.adoc.po, 51, 51, 927, 927, 0%
l10n/po/zh_CN/content/posts/2020-10-20-kafka-failure-strategy.adoc.po, 43, 43, 926, 926, 0%
l10n/po/zh_CN/content/posts/2022-09-07-redis-api-intro.adoc.po, 45, 45, 926, 926, 0%
l10n/po/zh_CN/content/versions/3.20/guides/telemetry-micrometer-to-opentelemetry.adoc.po, 104, 104, 925, 925, 0%
l10n/po/zh_CN/content/guides/picocli.adoc.po, 64, 64, 924, 924, 0%
l10n/po/zh_CN/content/versions/3.20/guides/picocli.adoc.po, 64, 64, 924, 924, 0%
l10n/po/zh_CN/content/versions/3.27/guides/picocli.adoc.po, 64, 64, 924, 924, 0%
l10n/po/zh_CN/content/versions/3.33/guides/picocli.adoc.po, 64, 64, 924, 924, 0%
l10n/po/zh_CN/content/versions/3.34/guides/picocli.adoc.po, 64, 64, 924, 924, 0%
l10n/po/zh_CN/content/versions/main/guides/picocli.adoc.po, 64, 64, 924, 924, 0%
l10n/po/zh_CN/content/versions/3.8/guides/security-keycloak-admin-client.adoc.po, 102, 102, 922, 922, 0%
l10n/po/zh_CN/content/versions/main/guides/telemetry-micrometer-to-opentelemetry.adoc.po, 106, 106, 920, 920, 0%
l10n/po/zh_CN/content/posts/2020-12-01-quarkus-1-10-2-final-released.adoc.po, 71, 71, 918, 918, 0%
l10n/po/zh_CN/content/posts/2023-10-20-cve-2023-44487.adoc.po, 29, 29, 917, 917, 0%
l10n/po/zh_CN/content/posts/2023-04-19-vscode-quarkus-1.13.0-released.adoc.po, 57, 57, 916, 916, 0%
l10n/po/zh_CN/content/posts/2025-05-08-agentic-ai-with-quarkus-p3.adoc.po, 21, 21, 913, 913, 0%
l10n/po/zh_CN/content/versions/3.20/guides/redis-dev-services.adoc.po, 49, 49, 913, 913, 0%
l10n/po/zh_CN/content/versions/3.27/guides/redis-dev-services.adoc.po, 49, 49, 913, 913, 0%
l10n/po/zh_CN/content/guides/stork-manual-service-registration.adoc.po, 81, 81, 911, 911, 0%
l10n/po/zh_CN/content/versions/main/guides/stork-manual-service-registration.adoc.po, 81, 81, 911, 911, 0%
l10n/po/zh_CN/content/posts/2019-07-25-quarkus-dependency-injection.adoc.po, 34, 34, 910, 910, 0%
l10n/po/zh_CN/content/guides/mongodb-dev-services.adoc.po, 55, 55, 908, 908, 0%
l10n/po/zh_CN/content/versions/2.13/guides/stork-reference.adoc.po, 52, 52, 908, 908, 0%
l10n/po/zh_CN/content/versions/2.16/guides/stork-reference.adoc.po, 52, 52, 908, 908, 0%
l10n/po/zh_CN/content/versions/3.33/guides/mongodb-dev-services.adoc.po, 55, 55, 908, 908, 0%
l10n/po/zh_CN/content/versions/3.34/guides/mongodb-dev-services.adoc.po, 55, 55, 908, 908, 0%
l10n/po/zh_CN/content/versions/main/guides/mongodb-dev-services.adoc.po, 55, 55, 908, 908, 0%
l10n/po/zh_CN/content/versions/3.15/guides/redis-dev-services.adoc.po, 49, 49, 907, 907, 0%
l10n/po/zh_CN/content/versions/3.27/guides/liquibase-mongodb.adoc.po, 103, 103, 907, 907, 0%
l10n/po/zh_CN/_data/books.yaml.po, 85, 87, 904, 908, 1%
l10n/po/zh_CN/content/posts/2025-03-19-sender-constraining-tokens.adoc.po, 31, 31, 904, 904, 0%
l10n/po/zh_CN/content/versions/2.13/guides/lifecycle.adoc.po, 65, 65, 898, 898, 0%
l10n/po/zh_CN/content/versions/2.16/guides/lifecycle.adoc.po, 65, 65, 898, 898, 0%
l10n/po/zh_CN/content/guides/rest-virtual-threads.adoc.po, 68, 68, 897, 897, 0%
l10n/po/zh_CN/content/versions/3.33/guides/rest-virtual-threads.adoc.po, 68, 68, 897, 897, 0%
l10n/po/zh_CN/content/versions/3.34/guides/rest-virtual-threads.adoc.po, 68, 68, 897, 897, 0%
l10n/po/zh_CN/content/versions/main/guides/rest-virtual-threads.adoc.po, 68, 68, 897, 897, 0%
l10n/po/zh_CN/content/versions/3.15/guides/picocli.adoc.po, 55, 55, 896, 896, 0%
l10n/po/zh_CN/content/versions/2.16/guides/picocli.adoc.po, 52, 52, 895, 895, 0%
l10n/po/zh_CN/content/versions/3.2/guides/lifecycle.adoc.po, 65, 65, 895, 895, 0%
l10n/po/zh_CN/content/versions/2.16/guides/telemetry-micrometer-tutorial.adoc.po, 69, 69, 894, 894, 0%
l10n/po/zh_CN/content/versions/3.2/guides/podman.adoc.po, 28, 28, 892, 892, 0%
l10n/po/zh_CN/content/versions/3.8/guides/podman.adoc.po, 28, 28, 892, 892, 0%
l10n/po/zh_CN/content/guides/extension-faq.adoc.po, 40, 40, 889, 889, 0%
l10n/po/zh_CN/content/versions/3.27/guides/extension-faq.adoc.po, 40, 40, 889, 889, 0%
l10n/po/zh_CN/content/versions/3.33/guides/extension-faq.adoc.po, 40, 40, 889, 889, 0%
l10n/po/zh_CN/content/versions/3.34/guides/extension-faq.adoc.po, 40, 40, 889, 889, 0%
l10n/po/zh_CN/content/versions/main/guides/extension-faq.adoc.po, 40, 40, 889, 889, 0%
l10n/po/zh_CN/content/posts/2020-08-19-openapi-for-everyone.adoc.po, 52, 52, 887, 887, 0%
l10n/po/zh_CN/content/guides/jms.adoc.po, 69, 69, 885, 885, 0%
l10n/po/zh_CN/content/versions/3.15/guides/jms.adoc.po, 69, 69, 885, 885, 0%
l10n/po/zh_CN/content/versions/3.20/guides/jms.adoc.po, 69, 69, 885, 885, 0%
l10n/po/zh_CN/content/versions/3.27/guides/jms.adoc.po, 69, 69, 885, 885, 0%
l10n/po/zh_CN/content/versions/3.33/guides/jms.adoc.po, 69, 69, 885, 885, 0%
l10n/po/zh_CN/content/versions/3.34/guides/jms.adoc.po, 69, 69, 885, 885, 0%
l10n/po/zh_CN/content/versions/3.8/guides/jms.adoc.po, 69, 69, 885, 885, 0%
l10n/po/zh_CN/content/versions/3.8/guides/resteasy-reactive-virtual-threads.adoc.po, 68, 68, 885, 885, 0%
l10n/po/zh_CN/content/versions/main/guides/jms.adoc.po, 69, 69, 885, 885, 0%
l10n/po/zh_CN/content/versions/3.15/guides/rest-virtual-threads.adoc.po, 68, 68, 884, 884, 0%
l10n/po/zh_CN/content/versions/3.20/guides/rest-virtual-threads.adoc.po, 68, 68, 884, 884, 0%
l10n/po/zh_CN/content/versions/3.27/guides/rest-virtual-threads.adoc.po, 68, 68, 884, 884, 0%
l10n/po/zh_CN/_data/versioned/3-27/index/relations.yaml.po, 194, 509, 883, 1381, 37%
l10n/po/zh_CN/content/posts/2021-02-02-getting-started-amqp.adoc.po, 45, 45, 883, 883, 0%
l10n/po/zh_CN/content/versions/3.8/guides/picocli.adoc.po, 55, 55, 883, 883, 0%
l10n/po/zh_CN/content/guides/podman.adoc.po, 25, 25, 876, 876, 0%
l10n/po/zh_CN/content/posts/2025-01-29-quarkus-3-18-1-released.adoc.po, 64, 64, 876, 876, 0%
l10n/po/zh_CN/content/versions/3.15/guides/podman.adoc.po, 25, 25, 876, 876, 0%
l10n/po/zh_CN/content/versions/3.20/guides/podman.adoc.po, 25, 25, 876, 876, 0%
l10n/po/zh_CN/content/versions/3.27/guides/podman.adoc.po, 25, 25, 876, 876, 0%
l10n/po/zh_CN/content/versions/3.33/guides/podman.adoc.po, 25, 25, 876, 876, 0%
l10n/po/zh_CN/content/versions/3.34/guides/podman.adoc.po, 25, 25, 876, 876, 0%
l10n/po/zh_CN/content/versions/main/guides/podman.adoc.po, 25, 25, 876, 876, 0%
l10n/po/zh_CN/content/posts/2025-04-30-quarkus-3-22-1-released.adoc.po, 60, 60, 874, 874, 0%
l10n/po/zh_CN/content/posts/2026-08-26-quarkus-flow-1-0-0-released.adoc.po, 45, 45, 874, 874, 0%
l10n/po/zh_CN/content/versions/3.2/guides/picocli.adoc.po, 54, 54, 874, 874, 0%
l10n/po/zh_CN/content/posts/2022-08-30-solving-problems-with-extensions-2.adoc.po, 44, 44, 873, 873, 0%
l10n/po/zh_CN/content/posts/2024-06-03-incubating-model-resolver.adoc.po, 32, 32, 873, 873, 0%
l10n/po/zh_CN/content/posts/2026-06-10-a2a-java-sdk-1-0-0-final-released.adoc.po, 59, 59, 873, 873, 0%
l10n/po/zh_CN/content/guides/conditional-extension-dependencies.adoc.po, 41, 41, 871, 871, 0%
l10n/po/zh_CN/content/versions/3.20/guides/conditional-extension-dependencies.adoc.po, 41, 41, 871, 871, 0%
l10n/po/zh_CN/content/versions/3.27/guides/conditional-extension-dependencies.adoc.po, 41, 41, 871, 871, 0%
l10n/po/zh_CN/content/versions/3.33/guides/conditional-extension-dependencies.adoc.po, 41, 41, 871, 871, 0%
l10n/po/zh_CN/content/versions/3.34/guides/conditional-extension-dependencies.adoc.po, 41, 41, 871, 871, 0%
l10n/po/zh_CN/content/versions/main/guides/conditional-extension-dependencies.adoc.po, 41, 41, 871, 871, 0%
l10n/po/zh_CN/content/posts/2023-09-20-quarkus-observability-3-3.adoc.po, 55, 55, 870, 870, 0%
l10n/po/zh_CN/_data/extensions.yaml.po, 390, 416, 869, 896, 4%
l10n/po/zh_CN/_data/versioned/3-20/index/relations.yaml.po, 190, 499, 867, 1358, 37%
l10n/po/zh_CN/content/versions/2.16/guides/scheduler.adoc.po, 87, 87, 865, 865, 0%
l10n/po/zh_CN/content/posts/2020-02-24-qute.adoc.po, 39, 39, 864, 864, 0%
l10n/po/zh_CN/content/posts/2025-09-15-quarkus-a2a-multi-agent-content-creation.adoc.po, 67, 67, 864, 864, 0%
l10n/po/zh_CN/content/versions/2.16/guides/resteasy-reactive-migration.adoc.po, 83, 83, 864, 864, 0%
l10n/po/zh_CN/content/versions/2.13/guides/resteasy-reactive-migration.adoc.po, 81, 81, 862, 862, 0%
l10n/po/zh_CN/content/versions/3.20/guides/liquibase-mongodb.adoc.po, 99, 99, 862, 862, 0%
l10n/po/zh_CN/content/guides/ansible.adoc.po, 34, 34, 860, 860, 0%
l10n/po/zh_CN/content/versions/2.13/guides/telemetry-micrometer-tutorial.adoc.po, 67, 67, 860, 860, 0%
l10n/po/zh_CN/content/versions/3.15/guides/ansible.adoc.po, 34, 34, 860, 860, 0%
l10n/po/zh_CN/content/versions/3.2/guides/ansible.adoc.po, 34, 34, 860, 860, 0%
l10n/po/zh_CN/content/versions/3.2/guides/jms.adoc.po, 66, 66, 860, 860, 0%
l10n/po/zh_CN/content/versions/3.20/guides/ansible.adoc.po, 34, 34, 860, 860, 0%
l10n/po/zh_CN/content/versions/3.27/guides/ansible.adoc.po, 34, 34, 860, 860, 0%
l10n/po/zh_CN/content/versions/3.33/guides/ansible.adoc.po, 34, 34, 860, 860, 0%
l10n/po/zh_CN/content/versions/3.34/guides/ansible.adoc.po, 34, 34, 860, 860, 0%
l10n/po/zh_CN/content/versions/3.8/guides/ansible.adoc.po, 34, 34, 860, 860, 0%
l10n/po/zh_CN/content/versions/main/guides/ansible.adoc.po, 34, 34, 860, 860, 0%
l10n/po/zh_CN/content/versions/2.13/guides/jms.adoc.po, 66, 66, 859, 859, 0%
l10n/po/zh_CN/content/versions/2.16/guides/jms.adoc.po, 66, 66, 859, 859, 0%
l10n/po/zh_CN/content/posts/2022-07-27-quarkus-2-11-1-final-released.adoc.po, 51, 51, 857, 857, 0%
l10n/po/zh_CN/content/guides/config.adoc.po, 84, 84, 855, 855, 0%
l10n/po/zh_CN/content/posts/2021-04-15-gui-react-patternfly.adoc.po, 36, 36, 855, 855, 0%
l10n/po/zh_CN/content/versions/3.15/guides/config.adoc.po, 84, 84, 855, 855, 0%
l10n/po/zh_CN/content/versions/3.20/guides/config.adoc.po, 84, 84, 855, 855, 0%
l10n/po/zh_CN/content/versions/3.27/guides/config.adoc.po, 84, 84, 855, 855, 0%
l10n/po/zh_CN/content/versions/3.33/guides/config.adoc.po, 84, 84, 855, 855, 0%
l10n/po/zh_CN/content/versions/3.34/guides/config.adoc.po, 84, 84, 855, 855, 0%
l10n/po/zh_CN/content/versions/3.8/guides/config.adoc.po, 84, 84, 855, 855, 0%
l10n/po/zh_CN/content/versions/main/guides/config.adoc.po, 84, 84, 855, 855, 0%
l10n/po/zh_CN/content/versions/main/guides/credentials-provider.adoc.po, 51, 51, 854, 854, 0%
l10n/po/zh_CN/content/guides/credentials-provider.adoc.po, 50, 50, 853, 853, 0%
l10n/po/zh_CN/content/versions/3.15/guides/credentials-provider.adoc.po, 50, 50, 853, 853, 0%
l10n/po/zh_CN/content/versions/3.20/guides/credentials-provider.adoc.po, 50, 50, 853, 853, 0%
l10n/po/zh_CN/content/versions/3.27/guides/credentials-provider.adoc.po, 50, 50, 853, 853, 0%
l10n/po/zh_CN/content/versions/3.33/guides/credentials-provider.adoc.po, 50, 50, 853, 853, 0%
l10n/po/zh_CN/content/versions/3.34/guides/credentials-provider.adoc.po, 50, 50, 853, 853, 0%
l10n/po/zh_CN/content/versions/3.8/guides/credentials-provider.adoc.po, 50, 50, 853, 853, 0%
l10n/po/zh_CN/content/posts/2023-07-05-quarkus-3-2-0-final-released.adoc.po, 52, 52, 852, 852, 0%
l10n/po/zh_CN/content/posts/2023-11-30-java-17.adoc.po, 31, 31, 847, 847, 0%
l10n/po/zh_CN/content/posts/2023-05-15-pact-and-quarkus-3.adoc.po, 36, 36, 846, 846, 0%
l10n/po/zh_CN/content/posts/2023-01-16-native-adopts-adaptive-gc-policy.adoc.po, 16, 16, 844, 844, 0%
l10n/po/zh_CN/content/guides/spring-scheduled.adoc.po, 72, 72, 843, 843, 0%
l10n/po/zh_CN/content/versions/3.15/guides/security-cors.adoc.po, 56, 56, 843, 843, 0%
l10n/po/zh_CN/content/versions/main/guides/spring-scheduled.adoc.po, 72, 72, 843, 843, 0%
l10n/po/zh_CN/content/posts/2020-09-02-mutiny-redis.adoc.po, 40, 40, 839, 839, 0%
l10n/po/zh_CN/content/guides/mailer.adoc.po, 73, 73, 837, 837, 0%
l10n/po/zh_CN/content/versions/3.15/guides/mailer.adoc.po, 73, 73, 837, 837, 0%
l10n/po/zh_CN/content/versions/3.20/guides/mailer.adoc.po, 73, 73, 837, 837, 0%
l10n/po/zh_CN/content/versions/3.27/guides/mailer.adoc.po, 73, 73, 837, 837, 0%
l10n/po/zh_CN/content/versions/3.33/guides/mailer.adoc.po, 73, 73, 837, 837, 0%
l10n/po/zh_CN/content/versions/3.34/guides/mailer.adoc.po, 73, 73, 837, 837, 0%
l10n/po/zh_CN/content/versions/main/guides/mailer.adoc.po, 73, 73, 837, 837, 0%
l10n/po/zh_CN/content/posts/2022-03-28-vscode-quarkus-1.10.0.adoc.po, 34, 34, 836, 836, 0%
l10n/po/zh_CN/content/posts/2023-02-10-jpastreamer-extension.adoc.po, 35, 35, 836, 836, 0%
l10n/po/zh_CN/content/versions/3.15/guides/liquibase-mongodb.adoc.po, 99, 99, 834, 834, 0%
l10n/po/zh_CN/content/versions/3.15/guides/spring-scheduled.adoc.po, 70, 70, 832, 832, 0%
l10n/po/zh_CN/content/versions/3.20/guides/spring-scheduled.adoc.po, 70, 70, 832, 832, 0%
l10n/po/zh_CN/content/versions/3.27/guides/spring-scheduled.adoc.po, 70, 70, 832, 832, 0%
l10n/po/zh_CN/content/versions/3.33/guides/spring-scheduled.adoc.po, 70, 70, 832, 832, 0%
l10n/po/zh_CN/content/versions/3.34/guides/spring-scheduled.adoc.po, 70, 70, 832, 832, 0%
l10n/po/zh_CN/content/versions/3.8/guides/spring-scheduled.adoc.po, 70, 70, 832, 832, 0%
l10n/po/zh_CN/content/posts/2020-04-27-quarkus-1-4-final-released.adoc.po, 64, 64, 831, 831, 0%
l10n/po/zh_CN/content/versions/3.8/guides/security-cors.adoc.po, 56, 56, 831, 831, 0%
l10n/po/zh_CN/content/posts/2020-09-30-biased-locking-help.adoc.po, 33, 33, 828, 828, 0%
l10n/po/zh_CN/content/posts/2026-02-26-quarkus-3-32-released.adoc.po, 53, 53, 824, 824, 0%
l10n/po/zh_CN/content/posts/2025-02-26-quarkus-3-19-1-released.adoc.po, 53, 53, 822, 822, 0%
l10n/po/zh_CN/content/versions/3.15/guides/websockets-next-tutorial.adoc.po, 65, 65, 822, 822, 0%
l10n/po/zh_CN/content/posts/2019-11-08-quarkus-for-spring-developers.adoc.po, 24, 24, 819, 819, 0%
l10n/po/zh_CN/content/posts/2020-11-24-mutiny-vertx.adoc.po, 40, 40, 819, 819, 0%
l10n/po/zh_CN/content/guides/dev-mcp.adoc.po, 44, 44, 816, 816, 0%
l10n/po/zh_CN/content/versions/2.13/guides/scheduler.adoc.po, 83, 83, 816, 816, 0%
l10n/po/zh_CN/content/versions/main/guides/dev-mcp.adoc.po, 44, 44, 816, 816, 0%
l10n/po/zh_CN/content/posts/2025-12-24-hibernate-panache-next.adoc.po, 38, 38, 815, 815, 0%
l10n/po/zh_CN/content/versions/3.33/guides/observability-devservices-lgtm.adoc.po, 59, 59, 814, 814, 0%
l10n/po/zh_CN/content/versions/3.34/guides/observability-devservices-lgtm.adoc.po, 59, 59, 814, 814, 0%
l10n/po/zh_CN/content/posts/2020-09-08-kafka-rest-client.adoc.po, 33, 33, 813, 813, 0%
l10n/po/zh_CN/content/versions/2.13/guides/deploying-to-heroku.adoc.po, 56, 56, 813, 813, 0%
l10n/po/zh_CN/content/versions/2.16/guides/deploying-to-heroku.adoc.po, 56, 56, 813, 813, 0%
l10n/po/zh_CN/content/versions/3.2/guides/deploying-to-heroku.adoc.po, 56, 56, 813, 813, 0%
l10n/po/zh_CN/content/guides/grpc-reference.adoc.po, 54, 54, 811, 811, 0%
l10n/po/zh_CN/content/versions/3.33/guides/grpc-reference.adoc.po, 54, 54, 811, 811, 0%
l10n/po/zh_CN/content/versions/3.34/guides/grpc-reference.adoc.po, 54, 54, 811, 811, 0%
l10n/po/zh_CN/content/versions/main/guides/grpc-reference.adoc.po, 54, 54, 811, 811, 0%
l10n/po/zh_CN/content/guides/config-extending-support.adoc.po, 54, 54, 809, 809, 0%
l10n/po/zh_CN/content/versions/2.13/guides/config-extending-support.adoc.po, 54, 54, 809, 809, 0%
l10n/po/zh_CN/content/versions/2.16/guides/config-extending-support.adoc.po, 54, 54, 809, 809, 0%
l10n/po/zh_CN/content/versions/3.15/guides/config-extending-support.adoc.po, 54, 54, 809, 809, 0%
l10n/po/zh_CN/content/versions/3.2/guides/config-extending-support.adoc.po, 54, 54, 809, 809, 0%
l10n/po/zh_CN/content/versions/3.20/guides/config-extending-support.adoc.po, 54, 54, 809, 809, 0%
l10n/po/zh_CN/content/versions/3.27/guides/config-extending-support.adoc.po, 54, 54, 809, 809, 0%
l10n/po/zh_CN/content/versions/3.33/guides/config-extending-support.adoc.po, 54, 54, 809, 809, 0%
l10n/po/zh_CN/content/versions/3.34/guides/config-extending-support.adoc.po, 54, 54, 809, 809, 0%
l10n/po/zh_CN/content/versions/3.8/guides/config-extending-support.adoc.po, 54, 54, 809, 809, 0%
l10n/po/zh_CN/content/versions/main/guides/config-extending-support.adoc.po, 54, 54, 809, 809, 0%
l10n/po/zh_CN/content/posts/2021-01-18-getting-started-kafka.adoc.po, 40, 40, 806, 806, 0%
l10n/po/zh_CN/content/versions/2.13/guides/spring-scheduled.adoc.po, 67, 67, 806, 806, 0%
l10n/po/zh_CN/content/versions/2.16/guides/spring-scheduled.adoc.po, 67, 67, 806, 806, 0%
l10n/po/zh_CN/content/versions/3.8/guides/mailer.adoc.po, 72, 72, 806, 806, 0%
l10n/po/zh_CN/content/posts/2025-01-13-mcp-server.adoc.po, 70, 70, 805, 805, 0%
l10n/po/zh_CN/content/versions/3.2/guides/spring-scheduled.adoc.po, 67, 67, 803, 803, 0%
l10n/po/zh_CN/content/posts/2020-06-03-quarkus-1-5-final-released.adoc.po, 67, 67, 800, 800, 0%
l10n/po/zh_CN/content/posts/2019-09-26-quarkus-0-23-1-released.adoc.po, 51, 51, 798, 798, 0%
l10n/po/zh_CN/content/posts/2023-02-23-kubernetes-native-development-with-quarkus-and-eclipse-jkube.adoc.po, 23, 23, 797, 797, 0%
l10n/po/zh_CN/content/versions/2.13/guides/kogito-drl.adoc.po, 58, 58, 796, 796, 0%
l10n/po/zh_CN/content/versions/2.16/guides/kogito-drl.adoc.po, 58, 58, 796, 796, 0%
l10n/po/zh_CN/content/versions/3.15/guides/grpc-generation-reference.adoc.po, 59, 59, 796, 796, 0%
l10n/po/zh_CN/content/versions/main/guides/stork-registration.adoc.po, 83, 83, 794, 794, 0%
l10n/po/zh_CN/content/posts/2023-03-08-quarkus-3-0-0-alpha5-released.adoc.po, 52, 52, 793, 793, 0%
l10n/po/zh_CN/content/versions/3.15/guides/azure-functions-http.adoc.po, 55, 55, 792, 792, 0%
l10n/po/zh_CN/content/versions/3.2/guides/azure-functions-http.adoc.po, 55, 55, 792, 792, 0%
l10n/po/zh_CN/content/versions/3.20/guides/azure-functions-http.adoc.po, 55, 55, 792, 792, 0%
l10n/po/zh_CN/content/versions/3.27/guides/azure-functions-http.adoc.po, 55, 55, 792, 792, 0%
l10n/po/zh_CN/content/versions/3.8/guides/azure-functions-http.adoc.po, 55, 55, 792, 792, 0%
l10n/po/zh_CN/_data/versioned/3-15/index/relations.yaml.po, 178, 481, 791, 1283, 39%
l10n/po/zh_CN/content/posts/2020-09-15-quarkus-1-8-0-final-released.adoc.po, 49, 49, 791, 791, 0%
l10n/po/zh_CN/content/guides/opentelemetry-logging.adoc.po, 66, 66, 789, 789, 0%
l10n/po/zh_CN/content/posts/2026-05-12-quarkus-insights-247-agentic-orchestration.adoc.po, 73, 73, 786, 786, 0%
l10n/po/zh_CN/content/guides/config-mappings.adoc.po, 56, 56, 784, 784, 0%
l10n/po/zh_CN/content/versions/2.16/guides/security-keycloak-admin-client.adoc.po, 94, 94, 784, 784, 0%
l10n/po/zh_CN/content/versions/3.20/guides/config-mappings.adoc.po, 56, 56, 784, 784, 0%
l10n/po/zh_CN/content/versions/3.27/guides/config-mappings.adoc.po, 56, 56, 784, 784, 0%
l10n/po/zh_CN/content/versions/3.33/guides/config-mappings.adoc.po, 56, 56, 784, 784, 0%
l10n/po/zh_CN/content/versions/3.34/guides/config-mappings.adoc.po, 56, 56, 784, 784, 0%
l10n/po/zh_CN/content/versions/main/guides/config-mappings.adoc.po, 56, 56, 784, 784, 0%
l10n/po/zh_CN/content/versions/2.13/guides/security-keycloak-admin-client.adoc.po, 94, 94, 783, 783, 0%
l10n/po/zh_CN/content/versions/3.20/guides/appcds.adoc.po, 30, 30, 783, 783, 0%
l10n/po/zh_CN/content/versions/3.27/guides/appcds.adoc.po, 30, 30, 783, 783, 0%
l10n/po/zh_CN/content/versions/3.15/guides/grpc-getting-started.adoc.po, 52, 52, 782, 782, 0%
l10n/po/zh_CN/content/versions/3.20/guides/grpc-getting-started.adoc.po, 52, 52, 782, 782, 0%
l10n/po/zh_CN/content/versions/3.27/guides/grpc-getting-started.adoc.po, 52, 52, 782, 782, 0%
l10n/po/zh_CN/content/guides/stork-reference.adoc.po, 73, 73, 781, 781, 0%
l10n/po/zh_CN/content/versions/3.33/guides/stork-reference.adoc.po, 73, 73, 781, 781, 0%
l10n/po/zh_CN/content/versions/3.34/guides/stork-reference.adoc.po, 73, 73, 781, 781, 0%
l10n/po/zh_CN/content/versions/main/guides/stork-reference.adoc.po, 73, 73, 781, 781, 0%
l10n/po/zh_CN/content/guides/stork-registration.adoc.po, 83, 83, 780, 780, 0%
l10n/po/zh_CN/content/versions/3.33/guides/stork-registration.adoc.po, 83, 83, 780, 780, 0%
l10n/po/zh_CN/content/versions/3.34/guides/stork-registration.adoc.po, 83, 83, 780, 780, 0%
l10n/po/zh_CN/content/versions/3.8/guides/liquibase-mongodb.adoc.po, 96, 96, 780, 780, 0%
l10n/po/zh_CN/content/posts/2022-04-12-quarkus-2-8-0-final-released.adoc.po, 47, 47, 779, 779, 0%
l10n/po/zh_CN/content/posts/2022-12-14-quarkus-2-15-0-final-released.adoc.po, 63, 63, 779, 779, 0%
l10n/po/zh_CN/content/posts/2026-05-27-quarkus-3-36-released.adoc.po, 58, 58, 779, 779, 0%
l10n/po/zh_CN/content/versions/3.2/guides/security-keycloak-admin-client.adoc.po, 94, 94, 779, 779, 0%
l10n/po/zh_CN/content/versions/3.8/guides/grpc-getting-started.adoc.po, 52, 52, 779, 779, 0%
l10n/po/zh_CN/content/posts/2020-08-25-backports-application.adoc.po, 49, 49, 776, 776, 0%
l10n/po/zh_CN/content/guides/spring-cache.adoc.po, 63, 63, 775, 775, 0%
l10n/po/zh_CN/content/posts/2024-04-30-quarkus-3-10-0-released.adoc.po, 46, 46, 775, 775, 0%
l10n/po/zh_CN/content/versions/main/guides/spring-cache.adoc.po, 63, 63, 775, 775, 0%
l10n/po/zh_CN/content/posts/2020-10-13-uni-retry.adoc.po, 37, 37, 774, 774, 0%
l10n/po/zh_CN/content/posts/2023-10-25-quarkus-3-5-0-released.adoc.po, 48, 48, 774, 774, 0%
l10n/po/zh_CN/content/posts/2025-06-25-hibernate7-on-quarkus.adoc.po, 26, 26, 774, 774, 0%
l10n/po/zh_CN/content/posts/2020-09-15-mutiny-pagination.adoc.po, 33, 33, 773, 773, 0%
l10n/po/zh_CN/content/guides/security-jpa.adoc.po, 48, 48, 772, 772, 0%
l10n/po/zh_CN/content/versions/3.20/guides/security-jpa.adoc.po, 48, 48, 772, 772, 0%
l10n/po/zh_CN/content/versions/3.27/guides/security-jpa.adoc.po, 48, 48, 772, 772, 0%
l10n/po/zh_CN/content/versions/3.33/guides/security-jpa.adoc.po, 48, 48, 772, 772, 0%
l10n/po/zh_CN/content/versions/3.34/guides/security-jpa.adoc.po, 48, 48, 772, 772, 0%
l10n/po/zh_CN/content/versions/main/guides/security-jpa.adoc.po, 48, 48, 772, 772, 0%
l10n/po/zh_CN/content/guides/dev-mode-differences.adoc.po, 47, 47, 766, 766, 0%
l10n/po/zh_CN/content/versions/3.33/guides/dev-mode-differences.adoc.po, 47, 47, 766, 766, 0%
l10n/po/zh_CN/content/versions/3.34/guides/dev-mode-differences.adoc.po, 47, 47, 766, 766, 0%
l10n/po/zh_CN/content/versions/main/guides/dev-mode-differences.adoc.po, 47, 47, 766, 766, 0%
l10n/po/zh_CN/content/guides/jlink.adoc.po, 65, 65, 764, 764, 0%
l10n/po/zh_CN/content/versions/3.15/guides/spring-cache.adoc.po, 61, 61, 764, 764, 0%
l10n/po/zh_CN/content/versions/3.20/guides/spring-cache.adoc.po, 61, 61, 764, 764, 0%
l10n/po/zh_CN/content/versions/3.27/guides/spring-cache.adoc.po, 61, 61, 764, 764, 0%
l10n/po/zh_CN/content/versions/3.33/guides/spring-cache.adoc.po, 61, 61, 764, 764, 0%
l10n/po/zh_CN/content/versions/3.34/guides/spring-cache.adoc.po, 61, 61, 764, 764, 0%
l10n/po/zh_CN/content/versions/3.8/guides/spring-cache.adoc.po, 61, 61, 764, 764, 0%
l10n/po/zh_CN/content/versions/main/guides/jlink.adoc.po, 65, 65, 764, 764, 0%
l10n/po/zh_CN/content/guides/websockets-next-tutorial.adoc.po, 62, 62, 763, 763, 0%
l10n/po/zh_CN/content/posts/2023-07-10-quarkus-component-test.adoc.po, 36, 36, 763, 763, 0%
l10n/po/zh_CN/content/versions/3.15/guides/config-mappings.adoc.po, 56, 56, 763, 763, 0%
l10n/po/zh_CN/content/versions/3.20/guides/websockets-next-tutorial.adoc.po, 62, 62, 763, 763, 0%
l10n/po/zh_CN/content/versions/3.27/guides/opentelemetry-logging.adoc.po, 64, 64, 763, 763, 0%
l10n/po/zh_CN/content/versions/3.27/guides/websockets-next-tutorial.adoc.po, 62, 62, 763, 763, 0%
l10n/po/zh_CN/content/versions/3.33/guides/opentelemetry-logging.adoc.po, 64, 64, 763, 763, 0%
l10n/po/zh_CN/content/versions/3.33/guides/websockets-next-tutorial.adoc.po, 62, 62, 763, 763, 0%
l10n/po/zh_CN/content/versions/3.34/guides/opentelemetry-logging.adoc.po, 64, 64, 763, 763, 0%
l10n/po/zh_CN/content/versions/3.34/guides/websockets-next-tutorial.adoc.po, 62, 62, 763, 763, 0%
l10n/po/zh_CN/content/versions/3.8/guides/config-mappings.adoc.po, 56, 56, 763, 763, 0%
l10n/po/zh_CN/content/versions/main/guides/websockets-next-tutorial.adoc.po, 62, 62, 763, 763, 0%
l10n/po/zh_CN/content/posts/2020-09-22-kafka-avro.adoc.po, 45, 45, 758, 758, 0%
l10n/po/zh_CN/content/posts/2022-05-19-quinoa-modern-ui-with-no-hassle.adoc.po, 28, 28, 758, 758, 0%
l10n/po/zh_CN/content/posts/2024-11-27-quarkus-3-17-0-released.adoc.po, 50, 50, 758, 758, 0%
l10n/po/zh_CN/content/versions/2.13/guides/picocli.adoc.po, 46, 46, 757, 757, 0%
l10n/po/zh_CN/content/guides/deploying-to-azure-cloud.adoc.po, 55, 55, 755, 755, 0%
l10n/po/zh_CN/content/versions/2.13/guides/deploying-to-azure-cloud.adoc.po, 55, 55, 755, 755, 0%
l10n/po/zh_CN/content/versions/2.16/guides/deploying-to-azure-cloud.adoc.po, 55, 55, 755, 755, 0%
l10n/po/zh_CN/content/versions/3.15/guides/deploying-to-azure-cloud.adoc.po, 55, 55, 755, 755, 0%
l10n/po/zh_CN/content/versions/3.2/guides/deploying-to-azure-cloud.adoc.po, 55, 55, 755, 755, 0%
l10n/po/zh_CN/content/versions/3.20/guides/deploying-to-azure-cloud.adoc.po, 55, 55, 755, 755, 0%
l10n/po/zh_CN/content/versions/3.27/guides/deploying-to-azure-cloud.adoc.po, 55, 55, 755, 755, 0%
l10n/po/zh_CN/content/versions/3.33/guides/deploying-to-azure-cloud.adoc.po, 55, 55, 755, 755, 0%
l10n/po/zh_CN/content/versions/3.34/guides/deploying-to-azure-cloud.adoc.po, 55, 55, 755, 755, 0%
l10n/po/zh_CN/content/versions/3.8/guides/deploying-to-azure-cloud.adoc.po, 55, 55, 755, 755, 0%
l10n/po/zh_CN/content/versions/main/guides/deploying-to-azure-cloud.adoc.po, 55, 55, 755, 755, 0%
l10n/po/zh_CN/content/posts/2022-05-11-quarkus-2-9-0-final-released.adoc.po, 56, 56, 754, 754, 0%
l10n/po/zh_CN/content/versions/3.15/guides/security-jpa.adoc.po, 47, 47, 754, 754, 0%
l10n/po/zh_CN/content/guides/grpc-getting-started.adoc.po, 52, 52, 753, 753, 0%
l10n/po/zh_CN/content/versions/3.33/guides/grpc-getting-started.adoc.po, 52, 52, 753, 753, 0%
l10n/po/zh_CN/content/versions/3.34/guides/grpc-getting-started.adoc.po, 52, 52, 753, 753, 0%
l10n/po/zh_CN/content/versions/main/guides/grpc-getting-started.adoc.po, 52, 52, 753, 753, 0%
l10n/po/zh_CN/content/versions/3.8/guides/security-jpa.adoc.po, 47, 47, 752, 752, 0%
l10n/po/zh_CN/content/guides/spring-boot-properties.adoc.po, 67, 67, 750, 750, 0%
l10n/po/zh_CN/content/versions/main/guides/spring-boot-properties.adoc.po, 67, 67, 750, 750, 0%
l10n/po/zh_CN/content/versions/2.13/guides/config.adoc.po, 75, 75, 749, 749, 0%
l10n/po/zh_CN/content/versions/2.16/guides/config.adoc.po, 75, 75, 749, 749, 0%
l10n/po/zh_CN/templates/partials/performance.html.po, 35, 35, 749, 749, 0%
l10n/po/zh_CN/content/posts/2023-09-30-virtual-threads-4.adoc.po, 19, 19, 748, 748, 0%
l10n/po/zh_CN/content/posts/2023-11-29-quarkus-3-6-0-released.adoc.po, 58, 58, 748, 748, 0%
l10n/po/zh_CN/content/versions/3.2/guides/config.adoc.po, 76, 76, 746, 746, 0%
l10n/po/zh_CN/content/versions/main/guides/opentelemetry-logging.adoc.po, 65, 65, 746, 746, 0%
l10n/po/zh_CN/content/versions/3.15/guides/azure-functions.adoc.po, 53, 53, 744, 744, 0%
l10n/po/zh_CN/content/versions/3.2/guides/azure-functions.adoc.po, 53, 53, 744, 744, 0%
l10n/po/zh_CN/content/versions/3.20/guides/azure-functions.adoc.po, 53, 53, 744, 744, 0%
l10n/po/zh_CN/content/versions/3.20/guides/stork-reference.adoc.po, 67, 67, 744, 744, 0%
l10n/po/zh_CN/content/versions/3.27/guides/azure-functions.adoc.po, 53, 53, 744, 744, 0%
l10n/po/zh_CN/content/versions/3.27/guides/stork-reference.adoc.po, 67, 67, 744, 744, 0%
l10n/po/zh_CN/content/versions/3.8/guides/azure-functions.adoc.po, 53, 53, 744, 744, 0%
l10n/po/zh_CN/content/posts/2023-06-26-podman-for-windows.adoc.po, 35, 35, 743, 743, 0%
l10n/po/zh_CN/content/versions/3.2/guides/config-mappings.adoc.po, 54, 54, 743, 743, 0%
l10n/po/zh_CN/content/posts/2022-06-21-qute-templates-from-db.adoc.po, 32, 32, 742, 742, 0%
l10n/po/zh_CN/content/versions/2.16/guides/config-mappings.adoc.po, 54, 54, 742, 742, 0%
l10n/po/zh_CN/content/posts/2025-11-14-micrometer-prometheus-v1.adoc.po, 44, 44, 740, 740, 0%
l10n/po/zh_CN/content/versions/3.2/guides/liquibase-mongodb.adoc.po, 93, 93, 740, 740, 0%
l10n/po/zh_CN/content/versions/3.15/guides/spring-boot-properties.adoc.po, 65, 65, 739, 739, 0%
l10n/po/zh_CN/content/versions/3.20/guides/spring-boot-properties.adoc.po, 65, 65, 739, 739, 0%
l10n/po/zh_CN/content/versions/3.27/guides/spring-boot-properties.adoc.po, 65, 65, 739, 739, 0%
l10n/po/zh_CN/content/versions/3.33/guides/spring-boot-properties.adoc.po, 65, 65, 739, 739, 0%
l10n/po/zh_CN/content/versions/3.34/guides/spring-boot-properties.adoc.po, 65, 65, 739, 739, 0%
l10n/po/zh_CN/content/versions/3.8/guides/spring-boot-properties.adoc.po, 65, 65, 739, 739, 0%
l10n/po/zh_CN/content/posts/2022-12-19-stargate-selects-quarkus-for-its-v2-implementation.adoc.po, 37, 37, 738, 738, 0%
l10n/po/zh_CN/content/posts/2026-06-24-quarkus-3-37-released.adoc.po, 50, 50, 738, 738, 0%
l10n/po/zh_CN/content/versions/2.13/guides/spring-cache.adoc.po, 58, 58, 738, 738, 0%
l10n/po/zh_CN/content/versions/2.16/guides/spring-cache.adoc.po, 58, 58, 738, 738, 0%
l10n/po/zh_CN/content/versions/3.2/guides/dev-mode-differences.adoc.po, 46, 46, 738, 738, 0%
l10n/po/zh_CN/content/versions/3.8/guides/dev-mode-differences.adoc.po, 46, 46, 738, 738, 0%
l10n/po/zh_CN/content/posts/2025-08-28-quarkus-3-26-released.adoc.po, 56, 56, 737, 737, 0%
l10n/po/zh_CN/content/guides/messaging-virtual-threads.adoc.po, 42, 42, 736, 736, 0%
l10n/po/zh_CN/content/versions/3.8/guides/messaging-virtual-threads.adoc.po, 42, 42, 736, 736, 0%
l10n/po/zh_CN/content/versions/main/guides/messaging-virtual-threads.adoc.po, 42, 42, 736, 736, 0%
l10n/po/zh_CN/content/versions/3.2/guides/spring-cache.adoc.po, 58, 58, 735, 735, 0%
l10n/po/zh_CN/content/versions/3.15/guides/dev-mode-differences.adoc.po, 46, 46, 734, 734, 0%
l10n/po/zh_CN/content/versions/3.15/guides/messaging-virtual-threads.adoc.po, 42, 42, 734, 734, 0%
l10n/po/zh_CN/content/versions/3.20/guides/dev-mode-differences.adoc.po, 46, 46, 734, 734, 0%
l10n/po/zh_CN/content/versions/3.20/guides/messaging-virtual-threads.adoc.po, 42, 42, 734, 734, 0%
l10n/po/zh_CN/content/versions/3.27/guides/dev-mode-differences.adoc.po, 46, 46, 734, 734, 0%
l10n/po/zh_CN/content/versions/3.27/guides/messaging-virtual-threads.adoc.po, 42, 42, 734, 734, 0%
l10n/po/zh_CN/content/versions/3.33/guides/messaging-virtual-threads.adoc.po, 42, 42, 734, 734, 0%
l10n/po/zh_CN/content/versions/3.34/guides/messaging-virtual-threads.adoc.po, 42, 42, 734, 734, 0%
l10n/po/zh_CN/content/posts/2021-12-20-upx.adoc.po, 35, 35, 733, 733, 0%
l10n/po/zh_CN/content/versions/3.15/guides/stork-reference.adoc.po, 67, 67, 732, 732, 0%
l10n/po/zh_CN/content/posts/2022-11-08-quarkus-observability-roadmap-2023.adoc.po, 17, 17, 729, 729, 0%
l10n/po/zh_CN/content/posts/2026-04-27-a2a-java-sdk-1-0-0-beta1-released.adoc.po, 59, 59, 727, 727, 0%
l10n/po/zh_CN/content/versions/3.8/guides/grpc-generation-reference.adoc.po, 55, 55, 727, 727, 0%
l10n/po/zh_CN/content/faq.adoc.po, 33, 33, 726, 726, 0%
l10n/po/zh_CN/content/posts/2025-03-18-orange-telco-core-network-api-management-with-quarkus.adoc.po, 53, 53, 726, 726, 0%
l10n/po/zh_CN/content/versions/2.13/guides/credentials-provider.adoc.po, 44, 44, 726, 726, 0%
l10n/po/zh_CN/content/versions/2.16/guides/credentials-provider.adoc.po, 44, 44, 726, 726, 0%
l10n/po/zh_CN/content/versions/3.2/guides/credentials-provider.adoc.po, 44, 44, 726, 726, 0%
l10n/po/zh_CN/content/versions/main/guides/hibernate-orm-panache-kotlin.adoc.po, 30, 30, 724, 724, 0%
l10n/po/zh_CN/content/versions/3.8/guides/stork-reference.adoc.po, 67, 67, 721, 721, 0%
l10n/po/zh_CN/content/posts/2024-05-29-quarkus-3-11-0-released.adoc.po, 59, 59, 720, 720, 0%
l10n/po/zh_CN/content/versions/2.13/guides/mailer.adoc.po, 61, 61, 719, 719, 0%
l10n/po/zh_CN/content/versions/2.16/guides/mailer.adoc.po, 61, 61, 719, 719, 0%
l10n/po/zh_CN/content/versions/3.2/guides/mailer.adoc.po, 61, 61, 719, 719, 0%
l10n/po/zh_CN/content/versions/2.13/guides/spring-boot-properties.adoc.po, 62, 62, 715, 715, 0%
l10n/po/zh_CN/content/posts/2025-02-01-lts-cadence.adoc.po, 47, 47, 712, 712, 0%
l10n/po/zh_CN/content/versions/2.16/guides/spring-boot-properties.adoc.po, 62, 62, 712, 712, 0%
l10n/po/zh_CN/content/versions/3.20/guides/extension-faq.adoc.po, 37, 37, 712, 712, 0%
l10n/po/zh_CN/content/versions/3.2/guides/spring-boot-properties.adoc.po, 62, 62, 710, 710, 0%
l10n/po/zh_CN/content/versions/2.13/guides/dev-mode-differences.adoc.po, 45, 45, 709, 709, 0%
l10n/po/zh_CN/content/versions/2.16/guides/dev-mode-differences.adoc.po, 45, 45, 709, 709, 0%
l10n/po/zh_CN/content/posts/2022-02-17-stork-kubernetes-discovery.adoc.po, 36, 36, 707, 707, 0%
l10n/po/zh_CN/content/versions/3.20/guides/opentelemetry-logging.adoc.po, 60, 60, 707, 707, 0%
l10n/po/zh_CN/_data/versioned/3-8/index/relations.yaml.po, 158, 446, 703, 1196, 42%
l10n/po/zh_CN/content/versions/3.15/guides/appcds.adoc.po, 27, 27, 703, 703, 0%
l10n/po/zh_CN/content/posts/2019-12-18-why-graalvm-19-2.adoc.po, 22, 22, 702, 702, 0%
l10n/po/zh_CN/content/versions/3.20/guides/observability-devservices-lgtm.adoc.po, 54, 54, 700, 700, 0%
l10n/po/zh_CN/content/versions/3.27/guides/observability-devservices-lgtm.adoc.po, 54, 54, 700, 700, 0%
l10n/po/zh_CN/content/versions/3.33/guides/dev-mcp.adoc.po, 39, 39, 700, 700, 0%
l10n/po/zh_CN/content/versions/3.34/guides/dev-mcp.adoc.po, 39, 39, 700, 700, 0%
l10n/po/zh_CN/content/posts/2021-04-22-quarkus-2-0-0-alpha1-released.adoc.po, 41, 41, 699, 699, 0%
l10n/po/zh_CN/content/posts/2024-09-26-quarkus-3-15-1-released.adoc.po, 45, 45, 699, 699, 0%
l10n/po/zh_CN/content/posts/2021-07-30-quarkus-2x-platform-quarkiverse-registry.adoc.po, 27, 27, 698, 698, 0%
l10n/po/zh_CN/content/guides/security-testing.adoc.po, 40, 40, 695, 695, 0%
l10n/po/zh_CN/content/versions/3.20/guides/security-testing.adoc.po, 40, 40, 695, 695, 0%
l10n/po/zh_CN/content/versions/3.27/guides/security-testing.adoc.po, 40, 40, 695, 695, 0%
l10n/po/zh_CN/content/versions/3.33/guides/security-testing.adoc.po, 40, 40, 695, 695, 0%
l10n/po/zh_CN/content/versions/3.34/guides/security-testing.adoc.po, 40, 40, 695, 695, 0%
l10n/po/zh_CN/content/versions/main/guides/security-testing.adoc.po, 40, 40, 695, 695, 0%
l10n/po/zh_CN/content/posts/2025-02-17-using-langchain4j-to-analyze-pdf-documents.adoc.po, 46, 46, 693, 693, 0%
l10n/po/zh_CN/content/guides/security-overview.adoc.po, 48, 48, 691, 691, 0%
l10n/po/zh_CN/content/versions/3.15/guides/security-overview.adoc.po, 48, 48, 691, 691, 0%
l10n/po/zh_CN/content/versions/3.20/guides/security-overview.adoc.po, 48, 48, 691, 691, 0%
l10n/po/zh_CN/content/versions/3.27/guides/security-overview.adoc.po, 48, 48, 691, 691, 0%
l10n/po/zh_CN/content/versions/3.33/guides/security-overview.adoc.po, 48, 48, 691, 691, 0%
l10n/po/zh_CN/content/versions/3.34/guides/security-overview.adoc.po, 48, 48, 691, 691, 0%
l10n/po/zh_CN/content/versions/main/guides/security-overview.adoc.po, 48, 48, 691, 691, 0%
l10n/po/zh_CN/content/guides/funqy.adoc.po, 20, 20, 689, 689, 0%
l10n/po/zh_CN/content/versions/3.15/guides/funqy.adoc.po, 20, 20, 689, 689, 0%
l10n/po/zh_CN/content/versions/3.2/guides/funqy.adoc.po, 20, 20, 689, 689, 0%
l10n/po/zh_CN/content/versions/3.20/guides/funqy.adoc.po, 20, 20, 689, 689, 0%
l10n/po/zh_CN/content/versions/3.27/guides/funqy.adoc.po, 20, 20, 689, 689, 0%
l10n/po/zh_CN/content/versions/3.33/guides/funqy.adoc.po, 20, 20, 689, 689, 0%
l10n/po/zh_CN/content/versions/3.34/guides/funqy.adoc.po, 20, 20, 689, 689, 0%
l10n/po/zh_CN/content/versions/3.8/guides/funqy.adoc.po, 20, 20, 689, 689, 0%
l10n/po/zh_CN/content/versions/main/guides/funqy.adoc.po, 20, 20, 689, 689, 0%
l10n/po/zh_CN/content/versions/2.13/guides/funqy.adoc.po, 20, 20, 688, 688, 0%
l10n/po/zh_CN/content/versions/2.16/guides/funqy.adoc.po, 20, 20, 688, 688, 0%
l10n/po/zh_CN/content/guides/gcp-functions-http.adoc.po, 60, 60, 687, 687, 0%
l10n/po/zh_CN/content/versions/3.15/guides/gcp-functions-http.adoc.po, 60, 60, 687, 687, 0%
l10n/po/zh_CN/content/versions/3.20/guides/gcp-functions-http.adoc.po, 60, 60, 687, 687, 0%
l10n/po/zh_CN/content/versions/3.27/guides/gcp-functions-http.adoc.po, 60, 60, 687, 687, 0%
l10n/po/zh_CN/content/versions/3.33/guides/gcp-functions-http.adoc.po, 60, 60, 687, 687, 0%
l10n/po/zh_CN/content/versions/3.34/guides/gcp-functions-http.adoc.po, 60, 60, 687, 687, 0%
l10n/po/zh_CN/content/versions/3.8/guides/gcp-functions-http.adoc.po, 60, 60, 687, 687, 0%
l10n/po/zh_CN/content/versions/main/guides/gcp-functions-http.adoc.po, 60, 60, 687, 687, 0%
l10n/po/zh_CN/content/posts/2022-06-22-quarkus-2-10-0-final-released.adoc.po, 50, 50, 682, 682, 0%
l10n/po/zh_CN/content/posts/2021-02-23-quarkus-1-12-0-final-released.adoc.po, 44, 44, 681, 681, 0%
l10n/po/zh_CN/content/versions/2.13/guides/kogito-pmml.adoc.po, 57, 57, 680, 680, 0%
l10n/po/zh_CN/content/versions/2.16/guides/kogito-pmml.adoc.po, 57, 57, 680, 680, 0%
l10n/po/zh_CN/content/guides/spring-tx.adoc.po, 83, 83, 678, 678, 0%
l10n/po/zh_CN/content/versions/main/guides/spring-tx.adoc.po, 83, 83, 678, 678, 0%
l10n/po/zh_CN/content/posts/2021-03-15-micrometer-prometheus-openshift.adoc.po, 37, 37, 677, 677, 0%
l10n/po/zh_CN/content/versions/3.15/guides/extension-faq.adoc.po, 36, 36, 676, 676, 0%
l10n/po/zh_CN/_data/versioned/3-6/index/relations.yaml.po, 154, 444, 675, 1183, 43%
l10n/po/zh_CN/content/posts/2021-11-24-quarkus-2-5-0-final-released.adoc.po, 51, 51, 675, 675, 0%
l10n/po/zh_CN/content/versions/2.13/guides/azure-functions-http.adoc.po, 48, 48, 674, 674, 0%
l10n/po/zh_CN/content/versions/2.16/guides/azure-functions-http.adoc.po, 48, 48, 674, 674, 0%
l10n/po/zh_CN/content/posts/2020-10-19-micrometer-metrics.adoc.po, 21, 21, 673, 673, 0%
l10n/po/zh_CN/content/posts/2024-03-21-the-big-rename.adoc.po, 29, 29, 672, 672, 0%
l10n/po/zh_CN/content/versions/2.13/guides/gcp-functions-http.adoc.po, 58, 58, 671, 671, 0%
l10n/po/zh_CN/content/guides/modularity.adoc.po, 24, 24, 670, 670, 0%
l10n/po/zh_CN/content/versions/main/guides/modularity.adoc.po, 24, 24, 670, 670, 0%
l10n/po/zh_CN/content/guides/modularity-reference.adoc.po, 37, 37, 668, 668, 0%
l10n/po/zh_CN/content/posts/2019-10-30-quarkus-0-27-0-released.adoc.po, 37, 37, 668, 668, 0%
l10n/po/zh_CN/content/versions/2.13/guides/conditional-extension-dependencies.adoc.po, 29, 29, 668, 668, 0%
l10n/po/zh_CN/content/versions/2.16/guides/conditional-extension-dependencies.adoc.po, 29, 29, 668, 668, 0%
l10n/po/zh_CN/content/versions/3.15/guides/conditional-extension-dependencies.adoc.po, 29, 29, 668, 668, 0%
l10n/po/zh_CN/content/versions/3.2/guides/conditional-extension-dependencies.adoc.po, 29, 29, 668, 668, 0%
l10n/po/zh_CN/content/versions/3.8/guides/conditional-extension-dependencies.adoc.po, 29, 29, 668, 668, 0%
l10n/po/zh_CN/content/versions/main/guides/modularity-reference.adoc.po, 37, 37, 668, 668, 0%
l10n/po/zh_CN/content/guides/funqy-http.adoc.po, 44, 44, 667, 667, 0%
l10n/po/zh_CN/content/versions/2.13/guides/funqy-http.adoc.po, 44, 44, 667, 667, 0%
l10n/po/zh_CN/content/versions/2.16/guides/funqy-http.adoc.po, 44, 44, 667, 667, 0%
l10n/po/zh_CN/content/versions/3.15/guides/funqy-http.adoc.po, 44, 44, 667, 667, 0%
l10n/po/zh_CN/content/versions/3.2/guides/funqy-http.adoc.po, 44, 44, 667, 667, 0%
l10n/po/zh_CN/content/versions/3.20/guides/funqy-http.adoc.po, 44, 44, 667, 667, 0%
l10n/po/zh_CN/content/versions/3.27/guides/funqy-http.adoc.po, 44, 44, 667, 667, 0%
l10n/po/zh_CN/content/versions/3.33/guides/funqy-http.adoc.po, 44, 44, 667, 667, 0%
l10n/po/zh_CN/content/versions/3.34/guides/funqy-http.adoc.po, 44, 44, 667, 667, 0%
l10n/po/zh_CN/content/versions/3.8/guides/funqy-http.adoc.po, 44, 44, 667, 667, 0%
l10n/po/zh_CN/content/versions/main/guides/funqy-http.adoc.po, 44, 44, 667, 667, 0%
l10n/po/zh_CN/content/guides/info.adoc.po, 78, 78, 664, 664, 0%
l10n/po/zh_CN/content/versions/main/guides/info.adoc.po, 78, 78, 664, 664, 0%
l10n/po/zh_CN/content/posts/2023-09-23-virtual-threads-2.adoc.po, 27, 27, 663, 663, 0%
l10n/po/zh_CN/content/versions/3.2/guides/gcp-functions-http.adoc.po, 57, 57, 658, 658, 0%
l10n/po/zh_CN/content/posts/2021-12-03-quarkus-devservices-testcontainers-podman.adoc.po, 29, 29, 657, 657, 0%
l10n/po/zh_CN/content/versions/2.16/guides/gcp-functions-http.adoc.po, 57, 57, 654, 654, 0%
l10n/po/zh_CN/content/posts/2019-07-11-quarkus-0-19.1-released.adoc.po, 41, 41, 650, 650, 0%
l10n/po/zh_CN/content/versions/3.8/guides/security-overview.adoc.po, 46, 46, 645, 645, 0%
l10n/po/zh_CN/content/versions/2.13/guides/podman.adoc.po, 36, 36, 641, 641, 0%
l10n/po/zh_CN/content/posts/2023-03-30-quarkus-3-0-0-cr1-released.adoc.po, 53, 53, 636, 636, 0%
l10n/po/zh_CN/content/versions/3.8/guides/appcds.adoc.po, 26, 26, 632, 632, 0%
l10n/po/zh_CN/content/posts/2021-09-23-unused-beans.adoc.po, 23, 23, 631, 631, 0%
l10n/po/zh_CN/content/posts/2024-02-28-quarkus-3-8-released.adoc.po, 43, 43, 631, 631, 0%
l10n/po/zh_CN/content/guides/observability.adoc.po, 57, 57, 630, 630, 0%
l10n/po/zh_CN/content/versions/3.33/guides/observability.adoc.po, 57, 57, 630, 630, 0%
l10n/po/zh_CN/content/versions/3.34/guides/observability.adoc.po, 57, 57, 630, 630, 0%
l10n/po/zh_CN/content/versions/main/guides/observability.adoc.po, 57, 57, 630, 630, 0%
l10n/po/zh_CN/content/posts/2022-05-23-intellij-quarkus-tools-1.11.0.adoc.po, 40, 40, 629, 629, 0%
l10n/po/zh_CN/content/versions/3.20/guides/observability.adoc.po, 57, 57, 627, 627, 0%
l10n/po/zh_CN/content/versions/3.27/guides/observability.adoc.po, 57, 57, 627, 627, 0%
l10n/po/zh_CN/content/posts/2023-09-25-virtual-threads-3.adoc.po, 22, 22, 626, 626, 0%
l10n/po/zh_CN/content/versions/3.2/guides/security-overview.adoc.po, 44, 44, 626, 626, 0%
l10n/po/zh_CN/content/posts/2020-10-06-reactive-messaging-emitter.adoc.po, 23, 23, 624, 624, 0%
l10n/po/zh_CN/content/posts/2025-07-30-quarkus-3-25-released.adoc.po, 46, 46, 624, 624, 0%
l10n/po/zh_CN/content/guides/websockets.adoc.po, 55, 55, 621, 621, 0%
l10n/po/zh_CN/content/versions/3.20/guides/websockets.adoc.po, 55, 55, 621, 621, 0%
l10n/po/zh_CN/content/versions/3.27/guides/websockets.adoc.po, 55, 55, 621, 621, 0%
l10n/po/zh_CN/content/versions/3.33/guides/websockets.adoc.po, 55, 55, 621, 621, 0%
l10n/po/zh_CN/content/versions/3.34/guides/websockets.adoc.po, 55, 55, 621, 621, 0%
l10n/po/zh_CN/content/versions/main/guides/websockets.adoc.po, 55, 55, 621, 621, 0%
l10n/po/zh_CN/content/posts/2026-08-27-quarkus-3-39-released.adoc.po, 41, 41, 620, 620, 0%
l10n/po/zh_CN/content/posts/2026-02-10-quarkus-test-coverage-extensions.adoc.po, 24, 24, 619, 619, 0%
l10n/po/zh_CN/content/versions/2.16/guides/podman.adoc.po, 34, 34, 619, 619, 0%
l10n/po/zh_CN/content/guides/init-tasks.adoc.po, 37, 37, 618, 618, 0%
l10n/po/zh_CN/content/versions/3.20/guides/init-tasks.adoc.po, 37, 37, 618, 618, 0%
l10n/po/zh_CN/content/versions/3.27/guides/init-tasks.adoc.po, 37, 37, 618, 618, 0%
l10n/po/zh_CN/content/versions/3.33/guides/init-tasks.adoc.po, 37, 37, 618, 618, 0%
l10n/po/zh_CN/content/versions/3.34/guides/init-tasks.adoc.po, 37, 37, 618, 618, 0%
l10n/po/zh_CN/content/versions/main/guides/init-tasks.adoc.po, 37, 37, 618, 618, 0%
l10n/po/zh_CN/content/posts/2024-12-18-quarkus-infinispan-embedded.adoc.po, 32, 32, 615, 615, 0%
l10n/po/zh_CN/content/posts/2022-11-09-quarkus-2-14-0-final-released.adoc.po, 43, 43, 614, 614, 0%
l10n/po/zh_CN/templates/partials/catalog-detail-band.html.po, 88, 88, 612, 612, 0%
l10n/po/zh_CN/content/posts/2024-06-11-quarkus-in-a-foundation.adoc.po, 40, 40, 610, 610, 0%
l10n/po/zh_CN/content/guides/hibernate-orm-panache-kotlin.adoc.po, 25, 25, 607, 607, 0%
l10n/po/zh_CN/content/versions/3.15/guides/hibernate-orm-panache-kotlin.adoc.po, 25, 25, 607, 607, 0%
l10n/po/zh_CN/content/versions/3.2/guides/hibernate-orm-panache-kotlin.adoc.po, 25, 25, 607, 607, 0%
l10n/po/zh_CN/content/versions/3.20/guides/hibernate-orm-panache-kotlin.adoc.po, 25, 25, 607, 607, 0%
l10n/po/zh_CN/content/versions/3.27/guides/hibernate-orm-panache-kotlin.adoc.po, 25, 25, 607, 607, 0%
l10n/po/zh_CN/content/versions/3.33/guides/hibernate-orm-panache-kotlin.adoc.po, 25, 25, 607, 607, 0%
l10n/po/zh_CN/content/versions/3.34/guides/hibernate-orm-panache-kotlin.adoc.po, 25, 25, 607, 607, 0%
l10n/po/zh_CN/content/versions/3.8/guides/hibernate-orm-panache-kotlin.adoc.po, 25, 25, 607, 607, 0%
l10n/po/zh_CN/content/guides/doc-concept.adoc.po, 41, 41, 605, 605, 0%
l10n/po/zh_CN/content/versions/2.16/guides/doc-concept.adoc.po, 41, 41, 605, 605, 0%
l10n/po/zh_CN/content/versions/3.15/guides/doc-concept.adoc.po, 41, 41, 605, 605, 0%
l10n/po/zh_CN/content/versions/3.2/guides/doc-concept.adoc.po, 41, 41, 605, 605, 0%
l10n/po/zh_CN/content/versions/3.20/guides/doc-concept.adoc.po, 41, 41, 605, 605, 0%
l10n/po/zh_CN/content/versions/3.27/guides/doc-concept.adoc.po, 41, 41, 605, 605, 0%
l10n/po/zh_CN/content/versions/3.33/guides/doc-concept.adoc.po, 41, 41, 605, 605, 0%
l10n/po/zh_CN/content/versions/3.34/guides/doc-concept.adoc.po, 41, 41, 605, 605, 0%
l10n/po/zh_CN/content/versions/3.8/guides/doc-concept.adoc.po, 41, 41, 605, 605, 0%
l10n/po/zh_CN/content/versions/main/guides/doc-concept.adoc.po, 41, 41, 605, 605, 0%
l10n/po/zh_CN/content/guides/security-proactive-authentication.adoc.po, 23, 23, 603, 603, 0%
l10n/po/zh_CN/content/versions/3.15/guides/init-tasks.adoc.po, 32, 32, 603, 603, 0%
l10n/po/zh_CN/content/versions/3.20/guides/security-proactive-authentication.adoc.po, 23, 23, 603, 603, 0%
l10n/po/zh_CN/content/versions/3.27/guides/security-proactive-authentication.adoc.po, 23, 23, 603, 603, 0%
l10n/po/zh_CN/content/versions/3.33/guides/security-proactive-authentication.adoc.po, 23, 23, 603, 603, 0%
l10n/po/zh_CN/content/versions/3.34/guides/security-proactive-authentication.adoc.po, 23, 23, 603, 603, 0%
l10n/po/zh_CN/content/versions/3.8/guides/init-tasks.adoc.po, 32, 32, 603, 603, 0%
l10n/po/zh_CN/content/versions/main/guides/security-proactive-authentication.adoc.po, 23, 23, 603, 603, 0%
l10n/po/zh_CN/content/versions/2.13/guides/hibernate-orm-panache-kotlin.adoc.po, 25, 25, 601, 601, 0%
l10n/po/zh_CN/content/versions/2.13/guides/liquibase-mongodb.adoc.po, 84, 84, 601, 601, 0%
l10n/po/zh_CN/content/versions/2.16/guides/hibernate-orm-panache-kotlin.adoc.po, 25, 25, 601, 601, 0%
l10n/po/zh_CN/content/versions/2.16/guides/liquibase-mongodb.adoc.po, 84, 84, 601, 601, 0%
l10n/po/zh_CN/content/versions/3.15/guides/security-testing.adoc.po, 35, 35, 600, 600, 0%
l10n/po/zh_CN/content/versions/2.16/guides/appcds.adoc.po, 25, 25, 598, 598, 0%
l10n/po/zh_CN/content/versions/3.2/guides/appcds.adoc.po, 25, 25, 598, 598, 0%
l10n/po/zh_CN/content/posts/2026-07-17-quarkus-shim.adoc.po, 31, 31, 596, 596, 0%
l10n/po/zh_CN/content/versions/3.2/guides/security-jpa.adoc.po, 33, 33, 596, 596, 0%
l10n/po/zh_CN/content/posts/2023-07-05-lts-releases.adoc.po, 19, 19, 595, 595, 0%
l10n/po/zh_CN/content/posts/2025-06-25-quarkus-3-24-released.adoc.po, 51, 51, 595, 595, 0%
l10n/po/zh_CN/content/posts/2025-10-02-mandrel-25-released.adoc.po, 21, 21, 592, 592, 0%
l10n/po/zh_CN/content/posts/2020-04-28-quarkus-mutual-tls.adoc.po, 63, 63, 591, 591, 0%
l10n/po/zh_CN/content/posts/2021-08-31-quarkus-2-2-1-final-released.adoc.po, 42, 42, 591, 591, 0%
l10n/po/zh_CN/content/guides/capabilities.adoc.po, 38, 38, 589, 589, 0%
l10n/po/zh_CN/content/versions/3.33/guides/capabilities.adoc.po, 38, 38, 589, 589, 0%
l10n/po/zh_CN/content/versions/3.34/guides/capabilities.adoc.po, 38, 38, 589, 589, 0%
l10n/po/zh_CN/content/versions/main/guides/capabilities.adoc.po, 38, 38, 589, 589, 0%
l10n/po/zh_CN/content/posts/2021-11-23-smallrye-stork-intro.adoc.po, 23, 23, 588, 588, 0%
l10n/po/zh_CN/content/versions/2.13/guides/capabilities.adoc.po, 38, 38, 588, 588, 0%
l10n/po/zh_CN/content/versions/2.16/guides/capabilities.adoc.po, 38, 38, 588, 588, 0%
l10n/po/zh_CN/content/versions/3.15/guides/capabilities.adoc.po, 38, 38, 588, 588, 0%
l10n/po/zh_CN/content/versions/3.2/guides/capabilities.adoc.po, 38, 38, 588, 588, 0%
l10n/po/zh_CN/content/versions/3.20/guides/capabilities.adoc.po, 38, 38, 588, 588, 0%
l10n/po/zh_CN/content/versions/3.27/guides/capabilities.adoc.po, 38, 38, 588, 588, 0%
l10n/po/zh_CN/content/versions/3.8/guides/capabilities.adoc.po, 38, 38, 588, 588, 0%
l10n/po/zh_CN/content/versions/3.15/guides/websockets.adoc.po, 53, 53, 585, 585, 0%
l10n/po/zh_CN/content/versions/3.8/guides/websockets.adoc.po, 53, 53, 585, 585, 0%
l10n/po/zh_CN/content/posts/2025-03-26-quarkus-3-20-0-released.adoc.po, 41, 41, 583, 583, 0%
l10n/po/zh_CN/content/posts/2026-03-25-quarkus-3-33-released.adoc.po, 44, 44, 581, 581, 0%
l10n/po/zh_CN/content/posts/2020-05-05-introducing-command-mode.adoc.po, 33, 33, 578, 578, 0%
l10n/po/zh_CN/content/posts/2025-09-24-quarkus-3-27-released.adoc.po, 45, 45, 577, 577, 0%
l10n/po/zh_CN/content/versions/3.15/guides/grpc-reference.adoc.po, 40, 40, 574, 574, 0%
l10n/po/zh_CN/content/versions/3.20/guides/grpc-reference.adoc.po, 40, 40, 574, 574, 0%
l10n/po/zh_CN/content/versions/3.27/guides/grpc-reference.adoc.po, 40, 40, 574, 574, 0%
l10n/po/zh_CN/templates/partials/ai-chainofthought.html.po, 29, 29, 573, 573, 0%
l10n/po/zh_CN/content/posts/2019-08-01-quarkus-app-circleci-build.adoc.po, 29, 29, 567, 567, 0%
l10n/po/zh_CN/content/versions/3.27/guides/dev-mcp.adoc.po, 36, 36, 567, 567, 0%
l10n/po/zh_CN/content/posts/2021-12-15-quarkus-and-CVE-2021-4428.adoc.po, 17, 17, 566, 566, 0%
l10n/po/zh_CN/content/versions/3.2/guides/security-architecture.adoc.po, 38, 38, 563, 563, 0%
l10n/po/zh_CN/content/posts/2024-12-18-next-lts-3-20.adoc.po, 35, 35, 561, 561, 0%
l10n/po/zh_CN/content/versions/2.13/guides/websockets.adoc.po, 50, 50, 559, 559, 0%
l10n/po/zh_CN/content/versions/2.16/guides/websockets.adoc.po, 50, 50, 559, 559, 0%
l10n/po/zh_CN/content/versions/2.13/guides/doc-concepts.adoc.po, 39, 39, 558, 558, 0%
l10n/po/zh_CN/content/posts/2020-04-15-vscode-quarkus-1.4.0.adoc.po, 41, 41, 556, 556, 0%
l10n/po/zh_CN/content/versions/3.15/guides/security-architecture.adoc.po, 38, 38, 556, 556, 0%
l10n/po/zh_CN/content/versions/3.2/guides/websockets.adoc.po, 50, 50, 556, 556, 0%
l10n/po/zh_CN/content/versions/3.20/guides/security-architecture.adoc.po, 38, 38, 556, 556, 0%
l10n/po/zh_CN/content/versions/3.27/guides/security-architecture.adoc.po, 38, 38, 556, 556, 0%
l10n/po/zh_CN/content/versions/3.33/guides/security-architecture.adoc.po, 38, 38, 556, 556, 0%
l10n/po/zh_CN/content/versions/3.34/guides/security-architecture.adoc.po, 38, 38, 556, 556, 0%
l10n/po/zh_CN/content/versions/3.8/guides/security-architecture.adoc.po, 38, 38, 556, 556, 0%
l10n/po/zh_CN/content/guides/security-architecture.adoc.po, 38, 38, 555, 555, 0%
l10n/po/zh_CN/content/versions/main/guides/security-architecture.adoc.po, 38, 38, 555, 555, 0%
l10n/po/zh_CN/content/posts/2025-10-16-grpc-zero.adoc.po, 35, 35, 553, 553, 0%
l10n/po/zh_CN/content/posts/2023-02-09-datacater-uses-quarkus-to-make-data-streaming-accessible.adoc.po, 21, 21, 552, 552, 0%
l10n/po/zh_CN/content/posts/2024-08-19-quarkus-jdiameter-intro.adoc.po, 18, 18, 552, 552, 0%
l10n/po/zh_CN/_data/newsletter.yaml.po, 214, 214, 550, 550, 0%
l10n/po/zh_CN/content/posts/2020-12-03-quarkiverse.adoc.po, 31, 31, 549, 549, 0%
l10n/po/zh_CN/content/posts/2023-04-05-quarkus-3-0-0-cr2-released.adoc.po, 42, 42, 549, 549, 0%
l10n/po/zh_CN/content/posts/2023-05-31-quarkus-3-1-0-final-released.adoc.po, 39, 39, 548, 548, 0%
l10n/po/zh_CN/content/posts/2024-07-16-next-lts-3-15.adoc.po, 34, 34, 545, 545, 0%
l10n/po/zh_CN/templates/partials/container-first.html.po, 16, 16, 544, 544, 0%
l10n/po/zh_CN/content/guides/mongodb-panache-kotlin.adoc.po, 21, 21, 543, 543, 0%
l10n/po/zh_CN/content/versions/2.13/guides/mongodb-panache-kotlin.adoc.po, 21, 21, 543, 543, 0%
l10n/po/zh_CN/content/versions/2.13/guides/reaugmentation.adoc.po, 18, 18, 543, 543, 0%
l10n/po/zh_CN/content/versions/2.16/guides/mongodb-panache-kotlin.adoc.po, 21, 21, 543, 543, 0%
l10n/po/zh_CN/content/versions/2.16/guides/reaugmentation.adoc.po, 18, 18, 543, 543, 0%
l10n/po/zh_CN/content/versions/3.15/guides/mongodb-panache-kotlin.adoc.po, 21, 21, 543, 543, 0%
l10n/po/zh_CN/content/versions/3.2/guides/mongodb-panache-kotlin.adoc.po, 21, 21, 543, 543, 0%
l10n/po/zh_CN/content/versions/3.20/guides/mongodb-panache-kotlin.adoc.po, 21, 21, 543, 543, 0%
l10n/po/zh_CN/content/versions/3.27/guides/mongodb-panache-kotlin.adoc.po, 21, 21, 543, 543, 0%
l10n/po/zh_CN/content/versions/3.33/guides/mongodb-panache-kotlin.adoc.po, 21, 21, 543, 543, 0%
l10n/po/zh_CN/content/versions/3.34/guides/mongodb-panache-kotlin.adoc.po, 21, 21, 543, 543, 0%
l10n/po/zh_CN/content/versions/3.8/guides/mongodb-panache-kotlin.adoc.po, 21, 21, 543, 543, 0%
l10n/po/zh_CN/content/versions/main/guides/mongodb-panache-kotlin.adoc.po, 21, 21, 543, 543, 0%
l10n/po/zh_CN/templates/partials/ai-contextualrag.html.po, 30, 30, 540, 540, 0%
l10n/po/zh_CN/content/posts/2025-05-23-streamable-http-mcp.adoc.po, 26, 26, 539, 539, 0%
l10n/po/zh_CN/content/posts/2025-09-24-quarkus-3-28-released.adoc.po, 31, 31, 539, 539, 0%
l10n/po/zh_CN/content/versions/3.20/guides/deploying-to-openshift-s2i-howto.adoc.po, 41, 41, 537, 537, 0%
l10n/po/zh_CN/content/versions/3.27/guides/deploying-to-openshift-s2i-howto.adoc.po, 41, 41, 537, 537, 0%
l10n/po/zh_CN/content/posts/2023-09-20-quarkus-3-4-1-released.adoc.po, 35, 35, 535, 535, 0%
l10n/po/zh_CN/content/posts/2023-05-20-quarkus-3-upgrade.adoc.po, 31, 31, 531, 531, 0%
l10n/po/zh_CN/content/posts/2025-11-26-quarkus-3-30-released.adoc.po, 38, 38, 531, 531, 0%
l10n/po/zh_CN/content/versions/3.27/guides/config-yaml.adoc.po, 32, 32, 531, 531, 0%
l10n/po/zh_CN/templates/partials/benefactors.html.po, 32, 32, 530, 530, 0%
l10n/po/zh_CN/content/guides/reaugmentation.adoc.po, 18, 18, 529, 529, 0%
l10n/po/zh_CN/content/versions/3.15/guides/reaugmentation.adoc.po, 18, 18, 529, 529, 0%
l10n/po/zh_CN/content/versions/3.2/guides/reaugmentation.adoc.po, 18, 18, 529, 529, 0%
l10n/po/zh_CN/content/versions/3.20/guides/reaugmentation.adoc.po, 18, 18, 529, 529, 0%
l10n/po/zh_CN/content/versions/3.27/guides/reaugmentation.adoc.po, 18, 18, 529, 529, 0%
l10n/po/zh_CN/content/versions/3.33/guides/reaugmentation.adoc.po, 18, 18, 529, 529, 0%
l10n/po/zh_CN/content/versions/3.34/guides/reaugmentation.adoc.po, 18, 18, 529, 529, 0%
l10n/po/zh_CN/content/versions/3.8/guides/reaugmentation.adoc.po, 18, 18, 529, 529, 0%
l10n/po/zh_CN/content/versions/main/guides/reaugmentation.adoc.po, 18, 18, 529, 529, 0%
l10n/po/zh_CN/content/guides/security-basic-authentication.adoc.po, 36, 36, 528, 528, 0%
l10n/po/zh_CN/content/versions/3.27/guides/security-basic-authentication.adoc.po, 36, 36, 528, 528, 0%
l10n/po/zh_CN/content/versions/3.33/guides/security-basic-authentication.adoc.po, 36, 36, 528, 528, 0%
l10n/po/zh_CN/content/versions/3.34/guides/security-basic-authentication.adoc.po, 36, 36, 528, 528, 0%
l10n/po/zh_CN/content/versions/main/guides/security-basic-authentication.adoc.po, 36, 36, 528, 528, 0%
l10n/po/zh_CN/content/posts/2024-06-06-quarkus-infinispan-new.adoc.po, 29, 29, 527, 527, 0%
l10n/po/zh_CN/content/posts/2019-06-27-quarkus-0-18-released.adoc.po, 29, 29, 523, 523, 0%
l10n/po/zh_CN/content/posts/2024-04-23-heapdump-oome-native.adoc.po, 16, 16, 523, 523, 0%
l10n/po/zh_CN/content/posts/2025-03-12-sqlite4j-pure-java-sqlite.adoc.po, 29, 29, 521, 521, 0%
l10n/po/zh_CN/_data/contributors.yaml.po, 358, 358, 520, 520, 0%
l10n/po/zh_CN/content/guides/config-secrets.adoc.po, 30, 30, 520, 520, 0%
l10n/po/zh_CN/content/versions/3.15/guides/config-secrets.adoc.po, 30, 30, 520, 520, 0%
l10n/po/zh_CN/content/versions/3.20/guides/config-secrets.adoc.po, 30, 30, 520, 520, 0%
l10n/po/zh_CN/content/versions/3.27/guides/config-secrets.adoc.po, 30, 30, 520, 520, 0%
l10n/po/zh_CN/content/versions/3.33/guides/config-secrets.adoc.po, 30, 30, 520, 520, 0%
l10n/po/zh_CN/content/versions/3.34/guides/config-secrets.adoc.po, 30, 30, 520, 520, 0%
l10n/po/zh_CN/content/versions/main/guides/config-secrets.adoc.po, 30, 30, 520, 520, 0%
l10n/po/zh_CN/content/posts/2025-07-03-legacy-config-classes-sunsetting.adoc.po, 34, 34, 519, 519, 0%
l10n/po/zh_CN/content/versions/2.16/guides/kafka-dev-services.adoc.po, 29, 29, 518, 518, 0%
l10n/po/zh_CN/content/versions/3.2/guides/kafka-dev-services.adoc.po, 29, 29, 518, 518, 0%
l10n/po/zh_CN/content/versions/3.15/guides/kafka-dev-services.adoc.po, 29, 29, 517, 517, 0%
l10n/po/zh_CN/content/versions/3.8/guides/kafka-dev-services.adoc.po, 29, 29, 517, 517, 0%
l10n/po/zh_CN/content/posts/2022-11-18-quarkus-3-0-0-alpha1-released.adoc.po, 38, 38, 513, 513, 0%
l10n/po/zh_CN/content/posts/2026-07-29-quarkus-3-38-released.adoc.po, 40, 40, 511, 511, 0%
l10n/po/zh_CN/content/posts/2023-12-14-virtual-threads-6.adoc.po, 29, 29, 508, 508, 0%
l10n/po/zh_CN/content/posts/2024-06-12-branching-and-versioning.adoc.po, 21, 21, 506, 506, 0%
l10n/po/zh_CN/content/posts/2026-08-03-quarkus-banner-extension.adoc.po, 22, 22, 504, 504, 0%
l10n/po/zh_CN/content/posts/2023-03-23-quarkus-3-0-0-beta1-released.adoc.po, 42, 42, 502, 502, 0%
l10n/po/zh_CN/templates/partials/ai-frozenrag.html.po, 25, 25, 501, 501, 0%
l10n/po/zh_CN/content/posts/2020-08-20-codestarts-preview.adoc.po, 29, 29, 500, 500, 0%
l10n/po/zh_CN/content/versions/3.15/guides/config-yaml.adoc.po, 31, 31, 499, 499, 0%
l10n/po/zh_CN/content/versions/3.20/guides/config-yaml.adoc.po, 31, 31, 499, 499, 0%
l10n/po/zh_CN/content/versions/3.8/guides/config-yaml.adoc.po, 31, 31, 499, 499, 0%
l10n/po/zh_CN/_data/releases.yaml.po, 411, 411, 496, 496, 0%
l10n/po/zh_CN/content/posts/2020-11-25-stylish-api.adoc.po, 45, 45, 496, 496, 0%
l10n/po/zh_CN/content/guides/build-analytics.adoc.po, 45, 45, 494, 494, 0%
l10n/po/zh_CN/content/versions/3.15/guides/build-analytics.adoc.po, 45, 45, 494, 494, 0%
l10n/po/zh_CN/content/versions/3.2/guides/build-analytics.adoc.po, 45, 45, 494, 494, 0%
l10n/po/zh_CN/content/versions/3.20/guides/build-analytics.adoc.po, 45, 45, 494, 494, 0%
l10n/po/zh_CN/content/versions/3.27/guides/build-analytics.adoc.po, 45, 45, 494, 494, 0%
l10n/po/zh_CN/content/versions/3.33/guides/build-analytics.adoc.po, 45, 45, 494, 494, 0%
l10n/po/zh_CN/content/versions/3.34/guides/build-analytics.adoc.po, 45, 45, 494, 494, 0%
l10n/po/zh_CN/content/versions/3.8/guides/build-analytics.adoc.po, 45, 45, 494, 494, 0%
l10n/po/zh_CN/content/versions/main/guides/build-analytics.adoc.po, 45, 45, 494, 494, 0%
l10n/po/zh_CN/content/guides/config-yaml.adoc.po, 28, 28, 493, 493, 0%
l10n/po/zh_CN/content/posts/2025-02-18-idc-customer-case-studies.adoc.po, 33, 33, 493, 493, 0%
l10n/po/zh_CN/content/versions/3.33/guides/config-yaml.adoc.po, 28, 28, 493, 493, 0%
l10n/po/zh_CN/content/versions/3.34/guides/config-yaml.adoc.po, 28, 28, 493, 493, 0%
l10n/po/zh_CN/content/versions/main/guides/config-yaml.adoc.po, 28, 28, 493, 493, 0%
l10n/po/zh_CN/content/posts/2020-03-23-quarkus-eclipse-microprofile-3-3.adoc.po, 27, 27, 492, 492, 0%
l10n/po/zh_CN/content/posts/2020-11-10-mutiny-invoke-and-call.adoc.po, 35, 35, 491, 491, 0%
l10n/po/zh_CN/content/posts/2025-10-29-quarkus-3-29-released.adoc.po, 30, 30, 488, 488, 0%
l10n/po/zh_CN/content/posts/2023-01-25-quarkus-2-16-0-final-released.adoc.po, 34, 34, 484, 484, 0%
l10n/po/zh_CN/content/posts/2026-02-12-a2a-java-sdk-1-0-0-alpha2-released.adoc.po, 44, 44, 484, 484, 0%
l10n/po/zh_CN/content/versions/2.13/guides/kafka-dev-services.adoc.po, 27, 27, 479, 479, 0%
l10n/po/zh_CN/content/posts/2024-01-26-quarkus-3-2-10-final-released.adoc.po, 40, 40, 475, 475, 0%
l10n/po/zh_CN/content/versions/3.2/guides/security-basic-authentication.adoc.po, 32, 32, 474, 474, 0%
l10n/po/zh_CN/content/posts/2023-12-19-our-plans-for-quarkus-3-7-3-8-3-9-released.adoc.po, 29, 29, 472, 472, 0%
l10n/po/zh_CN/content/posts/2021-02-25-migrating-existing-apps-to-quarkus-with-mta.adoc.po, 12, 12, 471, 471, 0%
l10n/po/zh_CN/content/versions/3.15/guides/security-basic-authentication.adoc.po, 32, 32, 470, 470, 0%
l10n/po/zh_CN/content/versions/3.20/guides/security-basic-authentication.adoc.po, 32, 32, 470, 470, 0%
l10n/po/zh_CN/content/versions/3.8/guides/security-basic-authentication.adoc.po, 32, 32, 470, 470, 0%
l10n/po/zh_CN/content/guides/deploying-to-openshift-howto.adoc.po, 32, 32, 467, 467, 0%
l10n/po/zh_CN/content/versions/3.20/guides/deploying-to-openshift-howto.adoc.po, 32, 32, 467, 467, 0%
l10n/po/zh_CN/content/versions/3.27/guides/deploying-to-openshift-howto.adoc.po, 32, 32, 467, 467, 0%
l10n/po/zh_CN/content/versions/3.33/guides/deploying-to-openshift-howto.adoc.po, 32, 32, 467, 467, 0%
l10n/po/zh_CN/content/versions/3.34/guides/deploying-to-openshift-howto.adoc.po, 32, 32, 467, 467, 0%
l10n/po/zh_CN/content/versions/main/guides/deploying-to-openshift-howto.adoc.po, 32, 32, 467, 467, 0%
l10n/po/zh_CN/content/versions/3.15/guides/security-proactive-authentication.adoc.po, 20, 20, 466, 466, 0%
l10n/po/zh_CN/content/posts/2023-02-15-quarkus-3-0-0-alpha4-released.adoc.po, 37, 37, 465, 465, 0%
l10n/po/zh_CN/content/posts/2020-04-24-quarkus-summit-2020.adoc.po, 55, 55, 463, 463, 0%
l10n/po/zh_CN/content/posts/2025-03-26-quarkus-3-21-0-released.adoc.po, 30, 30, 463, 463, 0%
l10n/po/zh_CN/content/versions/3.8/guides/security-proactive-authentication.adoc.po, 20, 20, 463, 463, 0%
l10n/po/zh_CN/content/posts/2022-09-28-quarkus-2-13-0-final-released.adoc.po, 27, 27, 462, 462, 0%
l10n/po/zh_CN/content/versions/2.13/guides/rabbitmq-dev-services.adoc.po, 29, 29, 462, 462, 0%
l10n/po/zh_CN/content/versions/2.16/guides/rabbitmq-dev-services.adoc.po, 29, 29, 462, 462, 0%
l10n/po/zh_CN/content/versions/3.15/guides/rabbitmq-dev-services.adoc.po, 29, 29, 462, 462, 0%
l10n/po/zh_CN/content/versions/3.2/guides/rabbitmq-dev-services.adoc.po, 29, 29, 462, 462, 0%
l10n/po/zh_CN/content/versions/3.8/guides/rabbitmq-dev-services.adoc.po, 29, 29, 462, 462, 0%
l10n/po/zh_CN/content/posts/2020-01-20-sentry-the-guardian-of-your-quarkus-app.adoc.po, 24, 24, 460, 460, 0%
l10n/po/zh_CN/templates/partials/ai-java-for-ai.html.po, 38, 38, 459, 459, 0%
l10n/po/zh_CN/content/versions/3.20/guides/extension-writing-dev-service.adoc.po, 31, 31, 452, 452, 0%
l10n/po/zh_CN/content/versions/3.27/guides/extension-writing-dev-service.adoc.po, 31, 31, 452, 452, 0%
l10n/po/zh_CN/content/versions/3.33/guides/extension-writing-dev-service.adoc.po, 31, 31, 452, 452, 0%
l10n/po/zh_CN/content/versions/3.34/guides/extension-writing-dev-service.adoc.po, 31, 31, 452, 452, 0%
l10n/po/zh_CN/content/posts/2025-05-28-quarkus-3-23-0-released.adoc.po, 33, 33, 449, 449, 0%
l10n/po/zh_CN/content/posts/2021-10-27-quarkus-2-4-0-final-released.adoc.po, 29, 29, 440, 440, 0%
l10n/po/zh_CN/content/posts/2020-08-24-mutiny-failure-handling.adoc.po, 21, 21, 437, 437, 0%
l10n/po/zh_CN/content/posts/2019-11-04-quarkus-0-28-1-released.adoc.po, 27, 27, 433, 433, 0%
l10n/po/zh_CN/content/posts/2026-05-28-panache-next-renamed-to-quarkus-data.adoc.po, 33, 33, 432, 432, 0%
l10n/po/zh_CN/content/versions/3.2/guides/security-proactive-authentication.adoc.po, 21, 21, 431, 431, 0%
l10n/po/zh_CN/content/posts/2019-06-18-hibernate-search-extension.adoc.po, 25, 25, 428, 428, 0%
l10n/po/zh_CN/content/posts/2020-09-29-mutiny-concurrent-uni.adoc.po, 20, 20, 428, 428, 0%
l10n/po/zh_CN/content/posts/2023-01-23-quarkus-3-0-0-alpha3-released.adoc.po, 30, 30, 427, 427, 0%
l10n/po/zh_CN/content/versions/3.20/guides/deploying-to-openshift-docker-howto.adoc.po, 30, 30, 425, 425, 0%
l10n/po/zh_CN/content/versions/3.27/guides/deploying-to-openshift-docker-howto.adoc.po, 30, 30, 425, 425, 0%
l10n/po/zh_CN/content/versions/3.34/guides/deploying-to-openshift-docker-howto.adoc.po, 30, 30, 425, 425, 0%
l10n/po/zh_CN/content/posts/2019-10-16-quarkus-0-25.0-released.adoc.po, 34, 34, 423, 423, 0%
l10n/po/zh_CN/content/versions/3.2/guides/config-yaml.adoc.po, 26, 26, 422, 422, 0%
l10n/po/zh_CN/templates/partials/kubernetes-native.html.po, 24, 24, 422, 422, 0%
l10n/po/zh_CN/content/guides/deploying-to-openshift-docker-howto.adoc.po, 30, 30, 420, 420, 0%
l10n/po/zh_CN/content/versions/3.33/guides/deploying-to-openshift-docker-howto.adoc.po, 30, 30, 420, 420, 0%
l10n/po/zh_CN/content/versions/main/guides/deploying-to-openshift-docker-howto.adoc.po, 30, 30, 420, 420, 0%
l10n/po/zh_CN/content/guides/upx.adoc.po, 33, 33, 413, 413, 0%
l10n/po/zh_CN/content/versions/3.27/guides/upx.adoc.po, 33, 33, 413, 413, 0%
l10n/po/zh_CN/content/versions/3.33/guides/upx.adoc.po, 33, 33, 413, 413, 0%
l10n/po/zh_CN/content/versions/3.34/guides/upx.adoc.po, 33, 33, 413, 413, 0%
l10n/po/zh_CN/content/versions/main/guides/upx.adoc.po, 33, 33, 413, 413, 0%
l10n/po/zh_CN/content/posts/2021-12-02-website-and-discussions.adoc.po, 18, 18, 412, 412, 0%
l10n/po/zh_CN/content/versions/2.16/guides/security-testing.adoc.po, 22, 22, 412, 412, 0%
l10n/po/zh_CN/content/posts/2021-10-06-quarkus-2-3-0-final-released.adoc.po, 26, 26, 410, 410, 0%
l10n/po/zh_CN/content/versions/3.2/guides/security-testing.adoc.po, 22, 22, 410, 410, 0%
l10n/po/zh_CN/content/versions/3.8/guides/security-testing.adoc.po, 22, 22, 410, 410, 0%
l10n/po/zh_CN/content/posts/2022-08-31-quarkus-2-12-0-final-released.adoc.po, 28, 28, 404, 404, 0%
l10n/po/zh_CN/content/versions/3.34/guides/deploying-to-openshift-s2i-howto.adoc.po, 35, 35, 403, 403, 0%
l10n/po/zh_CN/content/guides/spring-test.adoc.po, 56, 56, 402, 402, 0%
l10n/po/zh_CN/content/versions/main/guides/spring-test.adoc.po, 56, 56, 402, 402, 0%
l10n/po/zh_CN/content/versions/main/guides/deploying-to-openshift-s2i-howto.adoc.po, 36, 36, 401, 401, 0%
l10n/po/zh_CN/content/guides/deploying-to-openshift-s2i-howto.adoc.po, 36, 36, 400, 400, 0%
l10n/po/zh_CN/content/versions/2.13/guides/doc-contribute-docs-howto.adoc.po, 26, 26, 400, 400, 0%
l10n/po/zh_CN/content/versions/3.15/guides/extension-writing-dev-service.adoc.po, 23, 23, 400, 400, 0%
l10n/po/zh_CN/content/versions/3.33/guides/deploying-to-openshift-s2i-howto.adoc.po, 36, 36, 400, 400, 0%
l10n/po/zh_CN/content/posts/2022-12-07-quarkus-3-0-0-alpha2-released.adoc.po, 27, 27, 393, 393, 0%
l10n/po/zh_CN/content/versions/2.13/guides/config-yaml.adoc.po, 25, 25, 393, 393, 0%
l10n/po/zh_CN/content/versions/2.16/guides/config-yaml.adoc.po, 25, 25, 393, 393, 0%
l10n/po/zh_CN/content/posts/2019-10-23-quarkus-0-26-1-released.adoc.po, 26, 26, 391, 391, 0%
l10n/po/zh_CN/content/versions/3.20/guides/deploying-to-openshift-native-howto.adoc.po, 30, 30, 390, 390, 0%
l10n/po/zh_CN/content/versions/3.27/guides/deploying-to-openshift-native-howto.adoc.po, 30, 30, 390, 390, 0%
l10n/po/zh_CN/content/versions/3.34/guides/deploying-to-openshift-native-howto.adoc.po, 30, 30, 390, 390, 0%
l10n/po/zh_CN/content/guides/deploying-to-openshift-native-howto.adoc.po, 31, 31, 388, 388, 0%
l10n/po/zh_CN/content/versions/3.33/guides/deploying-to-openshift-native-howto.adoc.po, 31, 31, 388, 388, 0%
l10n/po/zh_CN/content/versions/main/guides/deploying-to-openshift-native-howto.adoc.po, 31, 31, 388, 388, 0%
l10n/po/zh_CN/content/posts/2024-07-31-quarkus-moving-to-commonhaus.adoc.po, 12, 12, 383, 383, 0%
l10n/po/zh_CN/content/guides/aws-lambda-snapstart.adoc.po, 30, 30, 382, 382, 0%
l10n/po/zh_CN/content/versions/2.16/guides/amazon-snapstart.adoc.po, 30, 30, 382, 382, 0%
l10n/po/zh_CN/content/versions/3.15/guides/aws-lambda-snapstart.adoc.po, 30, 30, 382, 382, 0%
l10n/po/zh_CN/content/versions/3.2/guides/amazon-snapstart.adoc.po, 30, 30, 382, 382, 0%
l10n/po/zh_CN/content/versions/3.20/guides/aws-lambda-snapstart.adoc.po, 30, 30, 382, 382, 0%
l10n/po/zh_CN/content/versions/3.27/guides/aws-lambda-snapstart.adoc.po, 30, 30, 382, 382, 0%
l10n/po/zh_CN/content/versions/3.33/guides/aws-lambda-snapstart.adoc.po, 30, 30, 382, 382, 0%
l10n/po/zh_CN/content/versions/3.34/guides/aws-lambda-snapstart.adoc.po, 30, 30, 382, 382, 0%
l10n/po/zh_CN/content/versions/3.8/guides/aws-lambda-snapstart.adoc.po, 30, 30, 382, 382, 0%
l10n/po/zh_CN/content/versions/main/guides/aws-lambda-snapstart.adoc.po, 30, 30, 382, 382, 0%
l10n/po/zh_CN/content/posts/2021-07-29-quarkus-2-1-0-final-released.adoc.po, 24, 24, 381, 381, 0%
l10n/po/zh_CN/content/posts/2025-09-18-quarkus-a2a-java-0-3-0-beta-release.adoc.po, 25, 25, 381, 381, 0%
l10n/po/zh_CN/content/versions/2.13/guides/security-testing.adoc.po, 20, 20, 381, 381, 0%
l10n/po/zh_CN/content/posts/2020-07-10-quarkus-test-profiles.adoc.po, 16, 16, 376, 376, 0%
l10n/po/zh_CN/content/guides/apicurio-registry-dev-services.adoc.po, 21, 21, 375, 375, 0%
l10n/po/zh_CN/content/versions/3.33/guides/apicurio-registry-dev-services.adoc.po, 21, 21, 375, 375, 0%
l10n/po/zh_CN/content/versions/3.34/guides/apicurio-registry-dev-services.adoc.po, 21, 21, 375, 375, 0%
l10n/po/zh_CN/content/versions/main/guides/apicurio-registry-dev-services.adoc.po, 21, 21, 375, 375, 0%
l10n/po/zh_CN/content/posts/2019-08-01-hibernate-orm-config-profiles.adoc.po, 8, 8, 372, 372, 0%
l10n/po/zh_CN/content/versions/3.27/guides/apicurio-registry-dev-services.adoc.po, 21, 21, 366, 366, 0%
l10n/po/zh_CN/content/posts/2026-03-25-quarkus-3-34-released.adoc.po, 19, 19, 364, 364, 0%
l10n/po/zh_CN/_data/qtips-videos.yaml.po, 104, 111, 363, 377, 4%
l10n/po/zh_CN/content/guides/update-quarkus.adoc.po, 30, 30, 363, 363, 0%
l10n/po/zh_CN/content/versions/3.15/guides/observability-devservices-lgtm.adoc.po, 26, 26, 363, 363, 0%
l10n/po/zh_CN/content/versions/main/guides/update-quarkus.adoc.po, 30, 30, 363, 363, 0%
l10n/po/zh_CN/content/posts/2022-11-28-quarkus-2-14-2-final-released.adoc.po, 27, 27, 362, 362, 0%
l10n/po/zh_CN/content/security.adoc.po, 15, 15, 361, 361, 0%
l10n/po/zh_CN/content/posts/2020-01-21-march-of-ides.adoc.po, 56, 56, 360, 360, 0%
l10n/po/zh_CN/content/posts/2023-03-15-quarkus-3-0-0-alpha6-released.adoc.po, 29, 29, 360, 360, 0%
l10n/po/zh_CN/content/versions/3.15/guides/update-quarkus.adoc.po, 29, 29, 359, 359, 0%
l10n/po/zh_CN/content/versions/3.20/guides/update-quarkus.adoc.po, 29, 29, 359, 359, 0%
l10n/po/zh_CN/content/versions/3.27/guides/update-quarkus.adoc.po, 29, 29, 359, 359, 0%
l10n/po/zh_CN/content/versions/3.33/guides/update-quarkus.adoc.po, 29, 29, 359, 359, 0%
l10n/po/zh_CN/content/versions/3.34/guides/update-quarkus.adoc.po, 29, 29, 359, 359, 0%
l10n/po/zh_CN/templates/partials/ai-overview.html.po, 24, 24, 358, 358, 0%
l10n/po/zh_CN/content/posts/2020-04-28-eclipse-quarkus-tools-4.15.0.Final.adoc.po, 29, 29, 352, 352, 0%
l10n/po/zh_CN/content/posts/2021-06-22-calling-all-roadies.adoc.po, 30, 30, 351, 351, 0%
l10n/po/zh_CN/content/posts/2020-06-24-intellij-quarkus-tools-1.0.0.adoc.po, 36, 36, 350, 350, 0%
l10n/po/zh_CN/content/versions/2.13/guides/apicurio-registry-dev-services.adoc.po, 19, 19, 350, 350, 0%
l10n/po/zh_CN/content/versions/2.16/guides/apicurio-registry-dev-services.adoc.po, 19, 19, 350, 350, 0%
l10n/po/zh_CN/content/versions/3.15/guides/apicurio-registry-dev-services.adoc.po, 19, 19, 350, 350, 0%
l10n/po/zh_CN/content/versions/3.2/guides/apicurio-registry-dev-services.adoc.po, 19, 19, 350, 350, 0%
l10n/po/zh_CN/content/versions/3.20/guides/apicurio-registry-dev-services.adoc.po, 19, 19, 350, 350, 0%
l10n/po/zh_CN/content/versions/3.8/guides/apicurio-registry-dev-services.adoc.po, 19, 19, 350, 350, 0%
l10n/po/zh_CN/content/versions/2.13/guides/security-basic-auth-concept.adoc.po, 14, 14, 347, 347, 0%
l10n/po/zh_CN/content/versions/2.16/guides/security-basic-authentication-concept.adoc.po, 14, 14, 347, 347, 0%
l10n/po/zh_CN/content/posts/2019-11-06-announcing-quarkus-1-0.adoc.po, 10, 10, 346, 346, 0%
l10n/po/zh_CN/content/versions/3.2/guides/update-quarkus.adoc.po, 28, 28, 343, 343, 0%
l10n/po/zh_CN/content/versions/3.8/guides/update-quarkus.adoc.po, 28, 28, 343, 343, 0%
l10n/po/zh_CN/content/posts/2020-01-24-quarkus-wins-devies-award.adoc.po, 5, 5, 342, 342, 0%
l10n/po/zh_CN/content/posts/2020-06-25-quarkus-grpc.adoc.po, 23, 23, 339, 339, 0%
l10n/po/zh_CN/templates/partials/ai-quarkus-for-ai.html.po, 26, 26, 339, 339, 0%
l10n/po/zh_CN/content/posts/2019-05-05-quarkus-has-a-new-logo.adoc.po, 13, 13, 338, 338, 0%
l10n/po/zh_CN/content/posts/2020-08-25-quarkus-day-2020.adoc.po, 14, 14, 334, 334, 0%
l10n/po/zh_CN/content/posts/2026-04-13-reflection-free-jsckson-serializers.adoc.po, 8, 8, 334, 334, 0%
l10n/po/zh_CN/content/versions/2.16/guides/kubernetes-dev-services.adoc.po, 17, 17, 334, 334, 0%
l10n/po/zh_CN/content/versions/3.15/guides/kubernetes-dev-services.adoc.po, 17, 17, 334, 334, 0%
l10n/po/zh_CN/content/versions/3.2/guides/kubernetes-dev-services.adoc.po, 17, 17, 334, 334, 0%
l10n/po/zh_CN/content/versions/3.8/guides/kubernetes-dev-services.adoc.po, 17, 17, 334, 334, 0%
l10n/po/zh_CN/templates/partials/ai-blueprints.html.po, 14, 14, 334, 334, 0%
l10n/po/zh_CN/content/posts/2019-09-16-quarkus-0-22-0-released.adoc.po, 22, 22, 330, 330, 0%
l10n/po/zh_CN/content/posts/2020-07-09-quarkus-cassandra-extension-released.adoc.po, 10, 10, 328, 328, 0%
l10n/po/zh_CN/content/posts/2026-07-29-quarkus-3-33-3-released.adoc.po, 40, 40, 328, 328, 0%
l10n/po/zh_CN/_data/training.yaml.po, 58, 59, 326, 328, 1%
l10n/po/zh_CN/content/posts/2023-07-24-quarkus-3-2-2-final-released.adoc.po, 20, 20, 326, 326, 0%
l10n/po/zh_CN/content/guides/grpc-virtual-threads.adoc.po, 14, 14, 324, 324, 0%
l10n/po/zh_CN/content/posts/2020-12-07-extension-codestarts-a-new-way-to-learn-and-discover-quarkus.adoc.po, 19, 19, 324, 324, 0%
l10n/po/zh_CN/content/versions/3.15/guides/grpc-virtual-threads.adoc.po, 14, 14, 324, 324, 0%
l10n/po/zh_CN/content/versions/3.20/guides/grpc-virtual-threads.adoc.po, 14, 14, 324, 324, 0%
l10n/po/zh_CN/content/versions/3.27/guides/grpc-virtual-threads.adoc.po, 14, 14, 324, 324, 0%
l10n/po/zh_CN/content/versions/3.33/guides/grpc-virtual-threads.adoc.po, 14, 14, 324, 324, 0%
l10n/po/zh_CN/content/versions/3.34/guides/grpc-virtual-threads.adoc.po, 14, 14, 324, 324, 0%
l10n/po/zh_CN/content/versions/3.8/guides/grpc-virtual-threads.adoc.po, 14, 14, 324, 324, 0%
l10n/po/zh_CN/content/versions/main/guides/grpc-virtual-threads.adoc.po, 14, 14, 324, 324, 0%
l10n/po/zh_CN/content/posts/2026-07-29-quarkus-3-27-5-released.adoc.po, 39, 39, 321, 321, 0%
l10n/po/zh_CN/content/versions/3.2/guides/stork-reference.adoc.po, 23, 23, 319, 319, 0%
l10n/po/zh_CN/content/guides/web-dependency-locator.adoc.po, 24, 24, 315, 315, 0%
l10n/po/zh_CN/content/posts/2019-10-02-quarkus-0-23-2-released.adoc.po, 20, 20, 315, 315, 0%
l10n/po/zh_CN/content/versions/3.15/guides/web-dependency-locator.adoc.po, 24, 24, 315, 315, 0%
l10n/po/zh_CN/content/versions/3.20/guides/web-dependency-locator.adoc.po, 24, 24, 315, 315, 0%
l10n/po/zh_CN/content/versions/3.27/guides/web-dependency-locator.adoc.po, 24, 24, 315, 315, 0%
l10n/po/zh_CN/content/versions/3.33/guides/web-dependency-locator.adoc.po, 24, 24, 315, 315, 0%
l10n/po/zh_CN/content/versions/3.34/guides/web-dependency-locator.adoc.po, 24, 24, 315, 315, 0%
l10n/po/zh_CN/content/versions/main/guides/web-dependency-locator.adoc.po, 24, 24, 315, 315, 0%
l10n/po/zh_CN/content/versions/2.13/guides/kogito-dev-services.adoc.po, 20, 20, 314, 314, 0%
l10n/po/zh_CN/content/versions/2.16/guides/kogito-dev-services.adoc.po, 20, 20, 314, 314, 0%
l10n/po/zh_CN/content/posts/2020-12-08-avro-native.adoc.po, 19, 19, 313, 313, 0%
l10n/po/zh_CN/content/foundation-faq.md.po, 30, 30, 312, 312, 0%
l10n/po/zh_CN/content/posts/2024-03-19-quarkus-3-8-3-released.adoc.po, 23, 23, 312, 312, 0%
l10n/po/zh_CN/templates/partials/spring-features-band.html.po, 17, 17, 308, 308, 0%
l10n/po/zh_CN/content/guides/security-basic-authentication-howto.adoc.po, 27, 27, 306, 306, 0%
l10n/po/zh_CN/content/versions/main/guides/security-basic-authentication-howto.adoc.po, 27, 27, 306, 306, 0%
l10n/po/zh_CN/content/posts/2019-10-31-vscode-quarkus-1.1.0.adoc.po, 28, 28, 304, 304, 0%
l10n/po/zh_CN/content/usage.md.po, 25, 25, 303, 303, 0%
l10n/po/zh_CN/content/posts/2020-03-28-quarkus-1-3-1-final-released.adoc.po, 21, 21, 302, 302, 0%
l10n/po/zh_CN/content/posts/2023-10-19-virtual-threads-5.adoc.po, 17, 17, 302, 302, 0%
l10n/po/zh_CN/content/versions/3.8/guides/pulsar-dev-services.adoc.po, 21, 21, 301, 301, 0%
l10n/po/zh_CN/content/versions/3.15/guides/pulsar-dev-services.adoc.po, 21, 21, 299, 299, 0%
l10n/po/zh_CN/_data/sitemap-links.yaml.po, 159, 159, 298, 298, 0%
l10n/po/zh_CN/templates/partials/standards.html.po, 39, 39, 296, 296, 0%
l10n/po/zh_CN/content/posts/2025-04-11-quarkus-newsletter-55.adoc.po, 4, 4, 294, 294, 0%
l10n/po/zh_CN/content/versions/2.13/guides/upx.adoc.po, 26, 26, 293, 293, 0%
l10n/po/zh_CN/content/versions/2.16/guides/upx.adoc.po, 26, 26, 293, 293, 0%
l10n/po/zh_CN/content/versions/3.15/guides/upx.adoc.po, 26, 26, 293, 293, 0%
l10n/po/zh_CN/content/versions/3.2/guides/upx.adoc.po, 26, 26, 293, 293, 0%
l10n/po/zh_CN/content/versions/3.20/guides/upx.adoc.po, 26, 26, 293, 293, 0%
l10n/po/zh_CN/content/versions/3.8/guides/upx.adoc.po, 26, 26, 293, 293, 0%
l10n/po/zh_CN/templates/partials/developer-joy.html.po, 23, 23, 293, 293, 0%
l10n/po/zh_CN/content/posts/2023-09-14-cve-2023-4853.adoc.po, 23, 23, 292, 292, 0%
l10n/po/zh_CN/content/posts/2020-06-15-quarkus-hackathon-announcement.adoc.po, 30, 30, 289, 289, 0%
l10n/po/zh_CN/content/posts/2026-03-19-quarkus-newsletter-66.adoc.po, 4, 4, 289, 289, 0%
l10n/po/zh_CN/_data/events.yaml.po, 51, 51, 285, 285, 0%
l10n/po/zh_CN/content/posts/2024-09-11-quarkus-3-14-3-released.adoc.po, 20, 20, 285, 285, 0%
l10n/po/zh_CN/content/posts/2025-08-29-quarkus-3-26-1-released.adoc.po, 19, 19, 285, 285, 0%
l10n/po/zh_CN/content/posts/2025-03-13-quarkus-redhat-strategy.adoc.po, 8, 8, 282, 282, 0%
l10n/po/zh_CN/content/posts/2025-09-26-quarkus-newsletter-60.adoc.po, 4, 4, 282, 282, 0%
l10n/po/zh_CN/content/posts/2026-02-13-quarkus-newsletter-65.adoc.po, 4, 4, 282, 282, 0%
l10n/po/zh_CN/content/guides/grpc-xds.adoc.po, 40, 40, 281, 281, 0%
l10n/po/zh_CN/content/versions/3.20/guides/grpc-xds.adoc.po, 40, 40, 281, 281, 0%
l10n/po/zh_CN/content/versions/3.27/guides/grpc-xds.adoc.po, 40, 40, 281, 281, 0%
l10n/po/zh_CN/content/versions/3.33/guides/grpc-xds.adoc.po, 40, 40, 281, 281, 0%
l10n/po/zh_CN/content/versions/3.34/guides/grpc-xds.adoc.po, 40, 40, 281, 281, 0%
l10n/po/zh_CN/content/posts/2019-11-20-quarkus-1-0-0-CR2-released.adoc.po, 16, 16, 276, 276, 0%
l10n/po/zh_CN/content/versions/3.15/guides/grpc-xds.adoc.po, 40, 40, 271, 271, 0%
l10n/po/zh_CN/templates/partials/about.html.po, 16, 16, 271, 271, 0%
l10n/po/zh_CN/content/versions/2.13/guides/amqp-dev-services.adoc.po, 16, 16, 268, 268, 0%
l10n/po/zh_CN/content/versions/2.16/guides/amqp-dev-services.adoc.po, 16, 16, 268, 268, 0%
l10n/po/zh_CN/content/versions/3.15/guides/amqp-dev-services.adoc.po, 16, 16, 268, 268, 0%
l10n/po/zh_CN/content/versions/3.15/guides/security-basic-authentication-howto.adoc.po, 24, 24, 268, 268, 0%
l10n/po/zh_CN/content/versions/3.2/guides/amqp-dev-services.adoc.po, 16, 16, 268, 268, 0%
l10n/po/zh_CN/content/versions/3.20/guides/security-basic-authentication-howto.adoc.po, 24, 24, 268, 268, 0%
l10n/po/zh_CN/content/versions/3.27/guides/security-basic-authentication-howto.adoc.po, 24, 24, 268, 268, 0%
l10n/po/zh_CN/content/versions/3.33/guides/security-basic-authentication-howto.adoc.po, 24, 24, 268, 268, 0%
l10n/po/zh_CN/content/versions/3.34/guides/security-basic-authentication-howto.adoc.po, 24, 24, 268, 268, 0%
l10n/po/zh_CN/content/versions/3.8/guides/amqp-dev-services.adoc.po, 16, 16, 268, 268, 0%
l10n/po/zh_CN/content/versions/3.8/guides/security-basic-authentication-howto.adoc.po, 24, 24, 268, 268, 0%
l10n/po/zh_CN/content/guides/funqy-gcp-functions-http.adoc.po, 14, 14, 267, 267, 0%
l10n/po/zh_CN/content/posts/2024-11-12-quarkus-newsletter-50.adoc.po, 4, 4, 267, 267, 0%
l10n/po/zh_CN/content/versions/2.13/guides/funqy-gcp-functions-http.adoc.po, 14, 14, 267, 267, 0%
l10n/po/zh_CN/content/versions/2.16/guides/funqy-gcp-functions-http.adoc.po, 14, 14, 267, 267, 0%
l10n/po/zh_CN/content/versions/2.16/guides/grpc-xds.adoc.po, 41, 41, 267, 267, 0%
l10n/po/zh_CN/content/versions/3.15/guides/funqy-gcp-functions-http.adoc.po, 14, 14, 267, 267, 0%
l10n/po/zh_CN/content/versions/3.2/guides/funqy-gcp-functions-http.adoc.po, 14, 14, 267, 267, 0%
l10n/po/zh_CN/content/versions/3.20/guides/funqy-gcp-functions-http.adoc.po, 14, 14, 267, 267, 0%
l10n/po/zh_CN/content/versions/3.27/guides/funqy-gcp-functions-http.adoc.po, 14, 14, 267, 267, 0%
l10n/po/zh_CN/content/versions/3.33/guides/funqy-gcp-functions-http.adoc.po, 14, 14, 267, 267, 0%
l10n/po/zh_CN/content/versions/3.34/guides/funqy-gcp-functions-http.adoc.po, 14, 14, 267, 267, 0%
l10n/po/zh_CN/content/versions/3.8/guides/funqy-gcp-functions-http.adoc.po, 14, 14, 267, 267, 0%
l10n/po/zh_CN/content/versions/main/guides/funqy-gcp-functions-http.adoc.po, 14, 14, 267, 267, 0%
l10n/po/zh_CN/content/guides/quarkus-runtime-base-image.adoc.po, 16, 16, 266, 266, 0%
l10n/po/zh_CN/content/versions/3.2/guides/security-basic-authentication-howto.adoc.po, 24, 24, 266, 266, 0%
l10n/po/zh_CN/content/versions/3.27/guides/quarkus-runtime-base-image.adoc.po, 16, 16, 266, 266, 0%
l10n/po/zh_CN/content/versions/3.33/guides/quarkus-runtime-base-image.adoc.po, 16, 16, 266, 266, 0%
l10n/po/zh_CN/content/versions/3.34/guides/quarkus-runtime-base-image.adoc.po, 16, 16, 266, 266, 0%
l10n/po/zh_CN/content/versions/main/guides/quarkus-runtime-base-image.adoc.po, 16, 16, 266, 266, 0%
l10n/po/zh_CN/content/guides/observability-devservices.adoc.po, 10, 10, 265, 265, 0%
l10n/po/zh_CN/content/versions/3.15/guides/observability-devservices.adoc.po, 10, 10, 265, 265, 0%
l10n/po/zh_CN/content/versions/3.20/guides/observability-devservices.adoc.po, 10, 10, 265, 265, 0%
l10n/po/zh_CN/content/versions/3.27/guides/observability-devservices.adoc.po, 10, 10, 265, 265, 0%
l10n/po/zh_CN/content/versions/3.33/guides/observability-devservices.adoc.po, 10, 10, 265, 265, 0%
l10n/po/zh_CN/content/versions/3.34/guides/observability-devservices.adoc.po, 10, 10, 265, 265, 0%
l10n/po/zh_CN/content/versions/main/guides/observability-devservices.adoc.po, 10, 10, 265, 265, 0%
l10n/po/zh_CN/content/guides/funqy-aws-lambda-http.adoc.po, 14, 14, 264, 264, 0%
l10n/po/zh_CN/content/posts/2024-04-17-quarkus-3-2-12-final-released.adoc.po, 24, 24, 264, 264, 0%
l10n/po/zh_CN/content/versions/2.13/guides/funqy-amazon-lambda-http.adoc.po, 14, 14, 264, 264, 0%
l10n/po/zh_CN/content/versions/2.16/guides/funqy-amazon-lambda-http.adoc.po, 14, 14, 264, 264, 0%
l10n/po/zh_CN/content/versions/3.15/guides/funqy-aws-lambda-http.adoc.po, 14, 14, 264, 264, 0%
l10n/po/zh_CN/content/versions/3.2/guides/funqy-amazon-lambda-http.adoc.po, 14, 14, 264, 264, 0%
l10n/po/zh_CN/content/versions/3.20/guides/funqy-aws-lambda-http.adoc.po, 14, 14, 264, 264, 0%
l10n/po/zh_CN/content/versions/3.27/guides/funqy-aws-lambda-http.adoc.po, 14, 14, 264, 264, 0%
l10n/po/zh_CN/content/versions/3.33/guides/funqy-aws-lambda-http.adoc.po, 14, 14, 264, 264, 0%
l10n/po/zh_CN/content/versions/3.34/guides/funqy-aws-lambda-http.adoc.po, 14, 14, 264, 264, 0%
l10n/po/zh_CN/content/versions/3.8/guides/funqy-aws-lambda-http.adoc.po, 14, 14, 264, 264, 0%
l10n/po/zh_CN/content/versions/main/guides/funqy-aws-lambda-http.adoc.po, 14, 14, 264, 264, 0%
l10n/po/zh_CN/content/versions/3.2/guides/grpc-xds.adoc.po, 41, 41, 263, 263, 0%
l10n/po/zh_CN/content/versions/3.8/guides/grpc-xds.adoc.po, 41, 41, 263, 263, 0%
l10n/po/zh_CN/content/posts/2020-01-21-quarkus-eclipse-microprofile-3-2-compatible.adoc.po, 5, 5, 262, 262, 0%
l10n/po/zh_CN/_data/guides-2-13.yaml.po, 59, 707, 259, 4381, 95%
l10n/po/zh_CN/content/guides/grpc-kubernetes.adoc.po, 13, 13, 259, 259, 0%
l10n/po/zh_CN/content/versions/3.15/guides/grpc-kubernetes.adoc.po, 13, 13, 259, 259, 0%
l10n/po/zh_CN/content/versions/3.20/guides/grpc-kubernetes.adoc.po, 13, 13, 259, 259, 0%
l10n/po/zh_CN/content/versions/3.27/guides/grpc-kubernetes.adoc.po, 13, 13, 259, 259, 0%
l10n/po/zh_CN/content/versions/3.33/guides/grpc-kubernetes.adoc.po, 13, 13, 259, 259, 0%
l10n/po/zh_CN/content/versions/3.34/guides/grpc-kubernetes.adoc.po, 13, 13, 259, 259, 0%
l10n/po/zh_CN/content/versions/main/guides/grpc-kubernetes.adoc.po, 13, 13, 259, 259, 0%
l10n/po/zh_CN/content/versions/3.2/guides/grpc-kubernetes.adoc.po, 13, 13, 258, 258, 0%
l10n/po/zh_CN/content/versions/3.8/guides/grpc-kubernetes.adoc.po, 13, 13, 258, 258, 0%
l10n/po/zh_CN/content/posts/2025-11-13-quarkus-newsletter-62.adoc.po, 4, 4, 256, 256, 0%
l10n/po/zh_CN/content/posts/2026-06-09-quarkus-newsletter-69.adoc.po, 4, 4, 255, 255, 0%
l10n/po/zh_CN/content/guides/security-vulnerability-detection.adoc.po, 19, 19, 252, 252, 0%
l10n/po/zh_CN/content/posts/2023-09-15-quarkus-newsletter-36.adoc.po, 4, 4, 252, 252, 0%
l10n/po/zh_CN/content/versions/3.15/guides/security-vulnerability-detection.adoc.po, 19, 19, 252, 252, 0%
l10n/po/zh_CN/content/versions/3.2/guides/security-vulnerability-detection.adoc.po, 19, 19, 252, 252, 0%
l10n/po/zh_CN/content/versions/3.20/guides/security-vulnerability-detection.adoc.po, 19, 19, 252, 252, 0%
l10n/po/zh_CN/content/versions/3.27/guides/security-vulnerability-detection.adoc.po, 19, 19, 252, 252, 0%
l10n/po/zh_CN/content/versions/3.33/guides/security-vulnerability-detection.adoc.po, 19, 19, 252, 252, 0%
l10n/po/zh_CN/content/versions/3.34/guides/security-vulnerability-detection.adoc.po, 19, 19, 252, 252, 0%
l10n/po/zh_CN/content/versions/3.8/guides/security-vulnerability-detection.adoc.po, 19, 19, 252, 252, 0%
l10n/po/zh_CN/content/versions/main/guides/security-vulnerability-detection.adoc.po, 19, 19, 252, 252, 0%
l10n/po/zh_CN/content/posts/2025-08-13-quarkus-newsletter-59.adoc.po, 4, 4, 251, 251, 0%
l10n/po/zh_CN/content/posts/2022-02-04-quarkusworldtour-2022.adoc.po, 14, 14, 250, 250, 0%
l10n/po/zh_CN/content/versions/3.27/guides/mongodb-dev-services.adoc.po, 11, 11, 249, 249, 0%
l10n/po/zh_CN/templates/partials/get-started-code-steps.html.po, 25, 25, 249, 249, 0%
l10n/po/zh_CN/content/posts/2022-05-13-quarkus-newsletter-20.adoc.po, 6, 6, 246, 246, 0%
l10n/po/zh_CN/content/posts/2022-09-13-quarkus-newsletter-24.adoc.po, 5, 5, 246, 246, 0%
l10n/po/zh_CN/templates/partials/spring-userstory-callout.html.po, 12, 12, 246, 246, 0%
l10n/po/zh_CN/content/posts/2020-01-07-quarkus-1-1-1-final-released.adoc.po, 19, 19, 244, 244, 0%
l10n/po/zh_CN/content/posts/2021-05-27-quarkus-2-0-0-cr2-released.adoc.po, 22, 22, 244, 244, 0%
l10n/po/zh_CN/content/posts/2025-10-22-quarkus-newsletter-61.adoc.po, 4, 4, 242, 242, 0%
l10n/po/zh_CN/content/posts/2026-04-22-quarkus-newsletter-67.adoc.po, 4, 4, 239, 239, 0%
l10n/po/zh_CN/content/posts/2024-09-04-quarkus-3-14-2-released.adoc.po, 18, 18, 238, 238, 0%
l10n/po/zh_CN/content/posts/2026-05-14-quarkus-newsletter-68.adoc.po, 4, 4, 235, 235, 0%
l10n/po/zh_CN/content/posts/2023-11-13-quarkus-newsletter-38.adoc.po, 4, 4, 234, 234, 0%
l10n/po/zh_CN/templates/partials/support-options-band.html.po, 17, 17, 234, 234, 0%
l10n/po/zh_CN/content/posts/2025-06-12-quarkus-newsletter-57.adoc.po, 4, 4, 233, 233, 0%
l10n/po/zh_CN/content/versions/3.20/guides/mongodb-dev-services.adoc.po, 9, 9, 233, 233, 0%
l10n/po/zh_CN/content/posts/2021-04-07-quarkus-1-13-1-final-released.adoc.po, 17, 17, 232, 232, 0%
l10n/po/zh_CN/content/posts/2024-01-16-quarkus-3-6-6-released.adoc.po, 17, 17, 232, 232, 0%
l10n/po/zh_CN/content/posts/2024-01-11-quarkus-newsletter-40.adoc.po, 4, 4, 231, 231, 0%
l10n/po/zh_CN/content/posts/2025-02-27-cve-fixes-feb-2025.adoc.po, 15, 15, 231, 231, 0%
l10n/po/zh_CN/templates/partials/header-navigation.html.po, 51, 51, 230, 230, 0%
l10n/po/zh_CN/content/posts/2024-03-15-quarkus-3-2-11-final-released.adoc.po, 24, 24, 229, 229, 0%
l10n/po/zh_CN/content/versions/3.15/guides/mongodb-dev-services.adoc.po, 8, 8, 229, 229, 0%
l10n/po/zh_CN/content/posts/2022-01-10-quarkus-2-6-2-final-released.adoc.po, 16, 16, 227, 227, 0%
l10n/po/zh_CN/content/posts/2022-08-26-intellij-quarkus-tools-1.12.0.adoc.po, 14, 14, 226, 226, 0%
l10n/po/zh_CN/content/posts/2024-08-20-quarkus-3-13-3-released.adoc.po, 17, 17, 226, 226, 0%
l10n/po/zh_CN/content/posts/2022-07-19-quarkus-2-10-3-final-released.adoc.po, 15, 15, 225, 225, 0%
l10n/po/zh_CN/content/posts/2023-03-14-quarkus-newsletter-30.adoc.po, 4, 4, 224, 224, 0%
l10n/po/zh_CN/content/posts/2023-12-12-quarkus-newsletter-39.adoc.po, 4, 4, 224, 224, 0%
l10n/po/zh_CN/content/posts/2024-04-16-quarkus-newsletter-43.adoc.po, 4, 4, 224, 224, 0%
l10n/po/zh_CN/content/posts/2019-08-15-quarkus-0-21-1-released.adoc.po, 16, 16, 223, 223, 0%
l10n/po/zh_CN/content/posts/2023-10-10-quarkus-newsletter-37.adoc.po, 4, 4, 223, 223, 0%
l10n/po/zh_CN/templates/partials/homepage-features-icon-band.html.po, 13, 13, 223, 223, 0%
l10n/po/zh_CN/content/posts/2024-09-12-quarkus-newsletter-48.adoc.po, 4, 4, 222, 222, 0%
l10n/po/zh_CN/content/posts/2022-06-13-quarkus-newsletter-21.adoc.po, 5, 5, 221, 221, 0%
l10n/po/zh_CN/content/posts/2026-08-13-quarkus-newsletter-71.adoc.po, 4, 4, 221, 221, 0%
l10n/po/zh_CN/content/posts/2023-08-14-quarkus-newsletter-35.adoc.po, 4, 4, 220, 220, 0%
l10n/po/zh_CN/content/posts/2022-11-16-quarkus-2-14-1-final-released.adoc.po, 18, 18, 218, 218, 0%
l10n/po/zh_CN/content/sitemap.md.po, 17, 17, 218, 218, 0%
l10n/po/zh_CN/content/guides/ide-tooling.adoc.po, 49, 49, 217, 217, 0%
l10n/po/zh_CN/content/versions/2.13/guides/ide-tooling.adoc.po, 49, 49, 217, 217, 0%
l10n/po/zh_CN/content/versions/2.16/guides/ide-tooling.adoc.po, 49, 49, 217, 217, 0%
l10n/po/zh_CN/content/versions/3.15/guides/ide-tooling.adoc.po, 49, 49, 217, 217, 0%
l10n/po/zh_CN/content/versions/3.2/guides/ide-tooling.adoc.po, 49, 49, 217, 217, 0%
l10n/po/zh_CN/content/versions/3.20/guides/ide-tooling.adoc.po, 49, 49, 217, 217, 0%
l10n/po/zh_CN/content/versions/3.27/guides/ide-tooling.adoc.po, 49, 49, 217, 217, 0%
l10n/po/zh_CN/content/versions/3.33/guides/ide-tooling.adoc.po, 49, 49, 217, 217, 0%
l10n/po/zh_CN/content/versions/3.34/guides/ide-tooling.adoc.po, 49, 49, 217, 217, 0%
l10n/po/zh_CN/content/versions/3.8/guides/ide-tooling.adoc.po, 49, 49, 217, 217, 0%
l10n/po/zh_CN/content/versions/main/guides/ide-tooling.adoc.po, 49, 49, 217, 217, 0%
l10n/po/zh_CN/templates/partials/catalog-index-band.html.po, 52, 52, 217, 217, 0%
l10n/po/zh_CN/content/posts/2024-02-08-quarkus-3-7-2-released.adoc.po, 17, 17, 216, 216, 0%
l10n/po/zh_CN/_data/guides-2-7.yaml.po, 44, 666, 215, 4156, 95%
l10n/po/zh_CN/content/posts/2023-06-13-quarkus-newsletter-33.adoc.po, 4, 4, 215, 215, 0%
l10n/po/zh_CN/content/posts/2024-05-15-quarkus-3-10-1-released.adoc.po, 16, 16, 215, 215, 0%
l10n/po/zh_CN/content/posts/2024-10-17-quarkus-newsletter-49.adoc.po, 4, 4, 215, 215, 0%
l10n/po/zh_CN/content/posts/2025-02-11-quarkus-newsletter-53.adoc.po, 4, 4, 215, 215, 0%
l10n/po/zh_CN/content/posts/2025-12-11-quarkus-newsletter-63.adoc.po, 4, 4, 215, 215, 0%
l10n/po/zh_CN/content/posts/2026-01-15-quarkus-newsletter-64.adoc.po, 4, 4, 215, 215, 0%
l10n/po/zh_CN/content/posts/2026-01-21-retiring-ubi8-images.adoc.po, 11, 11, 214, 214, 0%
l10n/po/zh_CN/content/posts/2023-08-02-quarkus-3-2-3-final-released.adoc.po, 14, 14, 213, 213, 0%
l10n/po/zh_CN/content/posts/2021-04-14-quarkus-1-13-2-final-released.adoc.po, 19, 19, 212, 212, 0%
l10n/po/zh_CN/content/posts/2022-07-14-quarkus-newsletter-22.adoc.po, 5, 5, 212, 212, 0%
l10n/po/zh_CN/content/posts/2023-08-29-quarkus-3-3-1-released.adoc.po, 16, 16, 212, 212, 0%
l10n/po/zh_CN/content/posts/2022-03-08-intellij-quarkus-tools-1.10.0.adoc.po, 13, 13, 210, 210, 0%
l10n/po/zh_CN/content/posts/2020-01-23-quarkus-fault-tolerance-4-0.adoc.po, 7, 7, 209, 209, 0%
l10n/po/zh_CN/content/posts/2023-12-13-quarkus-3-6-3-released.adoc.po, 17, 17, 209, 209, 0%
l10n/po/zh_CN/templates/partials/spring-migrate-books.html.po, 16, 16, 209, 209, 0%
l10n/po/zh_CN/content/posts/2022-02-08-quarkus-2-7-1-final-released.adoc.po, 19, 19, 208, 208, 0%
l10n/po/zh_CN/content/posts/2023-02-13-quarkus-newsletter-29.adoc.po, 4, 4, 208, 208, 0%
l10n/po/zh_CN/content/posts/2023-07-13-quarkus-newsletter-34.adoc.po, 4, 4, 208, 208, 0%
l10n/po/zh_CN/content/posts/2023-10-17-quarkus-2-16-12-final-released.adoc.po, 17, 17, 208, 208, 0%
l10n/po/zh_CN/content/posts/2024-01-18-search-quarkus-io.adoc.po, 9, 9, 208, 208, 0%
l10n/po/zh_CN/content/posts/2024-02-14-quarkus-3-7-3-released.adoc.po, 17, 17, 207, 207, 0%
l10n/po/zh_CN/content/posts/2024-02-21-quarkus-3-7-4-released.adoc.po, 17, 17, 207, 207, 0%
l10n/po/zh_CN/content/posts/2024-03-13-quarkus-newsletter-42.adoc.po, 4, 4, 207, 207, 0%
l10n/po/zh_CN/content/posts/2024-07-12-quarkus-newsletter-46.adoc.po, 4, 4, 207, 207, 0%
l10n/po/zh_CN/content/posts/2024-06-19-quarkus-3-11-3-released.adoc.po, 16, 16, 206, 206, 0%
l10n/po/zh_CN/content/posts/2023-08-26-quarkus-2-16-10-final-released.adoc.po, 17, 17, 205, 205, 0%
l10n/po/zh_CN/content/posts/2024-01-23-quarkus-3-6-7-released.adoc.po, 16, 16, 204, 204, 0%
l10n/po/zh_CN/content/posts/2022-08-08-quarkus-2-11-2-final-released.adoc.po, 16, 16, 203, 203, 0%
l10n/po/zh_CN/content/posts/2024-05-15-quarkus-newsletter-44.adoc.po, 4, 4, 203, 203, 0%
l10n/po/zh_CN/content/posts/2022-11-17-quarkus-newsletter-26.adoc.po, 4, 4, 202, 202, 0%
l10n/po/zh_CN/content/posts/2023-10-13-quarkus-3-4-3-released.adoc.po, 16, 16, 202, 202, 0%
l10n/po/zh_CN/content/posts/2023-04-12-quarkus-newsletter-31.adoc.po, 4, 4, 200, 200, 0%
l10n/po/zh_CN/content/posts/2024-04-03-quarkus-3-9-2-released.adoc.po, 16, 16, 200, 200, 0%
l10n/po/zh_CN/content/posts/2024-04-10-quarkus-3-9-3-released.adoc.po, 16, 16, 200, 200, 0%
l10n/po/zh_CN/content/posts/2024-04-18-quarkus-3-9-4-released.adoc.po, 16, 16, 200, 200, 0%
l10n/po/zh_CN/content/posts/2024-04-29-quarkus-3-9-5-released.adoc.po, 16, 16, 200, 200, 0%
l10n/po/zh_CN/content/posts/2022-11-07-quarkus-2-13-4-final-released.adoc.po, 16, 16, 199, 199, 0%
l10n/po/zh_CN/content/posts/2024-04-17-quarkus-3-8-4-released.adoc.po, 16, 16, 199, 199, 0%
l10n/po/zh_CN/content/posts/2024-06-05-quarkus-3-11-1-released.adoc.po, 15, 15, 199, 199, 0%
l10n/po/zh_CN/content/posts/2024-06-05-quarkus-3-8-5-released.adoc.po, 16, 16, 199, 199, 0%
l10n/po/zh_CN/content/posts/2024-06-17-quarkus-3-11-2-released.adoc.po, 15, 15, 199, 199, 0%
l10n/po/zh_CN/content/posts/2021-05-06-quarkus-2-0-0-alpha2-released.adoc.po, 21, 21, 198, 198, 0%
l10n/po/zh_CN/content/posts/2024-03-07-quarkus-3-8-2-released.adoc.po, 16, 16, 198, 198, 0%
l10n/po/zh_CN/content/posts/2024-05-22-quarkus-3-10-2-released.adoc.po, 15, 15, 198, 198, 0%
l10n/po/zh_CN/content/posts/2024-12-12-quarkus-newsletter-51.adoc.po, 4, 4, 198, 198, 0%
l10n/po/zh_CN/content/versions/2.16/guides/security-basic-authentication-howto.adoc.po, 15, 15, 197, 197, 0%
l10n/po/zh_CN/content/posts/2024-08-29-quarkus-3-8-6-released.adoc.po, 16, 16, 196, 196, 0%
l10n/po/zh_CN/content/posts/2024-11-06-quarkus-3-16-2-released.adoc.po, 15, 15, 196, 196, 0%
l10n/po/zh_CN/content/guides/README.adoc.po, 21, 21, 195, 195, 0%
l10n/po/zh_CN/content/posts/2022-08-17-quarkus-newsletter-23.adoc.po, 5, 5, 195, 195, 0%
l10n/po/zh_CN/content/posts/2023-11-09-quarkus-3-5-1-released.adoc.po, 17, 17, 195, 195, 0%
l10n/po/zh_CN/content/versions/2.16/guides/README.adoc.po, 21, 21, 195, 195, 0%
l10n/po/zh_CN/content/versions/3.15/guides/README.adoc.po, 21, 21, 195, 195, 0%
l10n/po/zh_CN/content/versions/3.2/guides/README.adoc.po, 21, 21, 195, 195, 0%
l10n/po/zh_CN/content/versions/3.20/guides/README.adoc.po, 21, 21, 195, 195, 0%
l10n/po/zh_CN/content/versions/3.27/guides/README.adoc.po, 21, 21, 195, 195, 0%
l10n/po/zh_CN/content/versions/3.33/guides/README.adoc.po, 21, 21, 195, 195, 0%
l10n/po/zh_CN/content/versions/3.34/guides/README.adoc.po, 21, 21, 195, 195, 0%
l10n/po/zh_CN/content/versions/3.8/guides/README.adoc.po, 21, 21, 195, 195, 0%
l10n/po/zh_CN/content/versions/main/guides/README.adoc.po, 21, 21, 195, 195, 0%
l10n/po/zh_CN/templates/partials/homepage-features-band.html.po, 21, 21, 194, 194, 0%
l10n/po/zh_CN/content/posts/2021-12-20-quarkus-2-5-4-final-released.adoc.po, 18, 18, 193, 193, 0%
l10n/po/zh_CN/content/posts/2023-09-06-quarkus-3-3-2-released.adoc.po, 16, 16, 192, 192, 0%
l10n/po/zh_CN/content/posts/2021-12-24-quarkus-2-6-1-final-released.adoc.po, 14, 14, 191, 191, 0%
l10n/po/zh_CN/content/posts/2025-04-09-quarkus-3-21-2-released.adoc.po, 18, 18, 190, 190, 0%
l10n/po/zh_CN/content/posts/2025-05-13-quarkus-newsletter-56.adoc.po, 4, 4, 189, 189, 0%
l10n/po/zh_CN/content/posts/2025-11-08-quarkus-3-29-2-released.adoc.po, 15, 15, 189, 189, 0%
l10n/po/zh_CN/templates/partials/discussion.html.po, 10, 10, 189, 189, 0%
l10n/po/zh_CN/content/posts/2020-09-18-quarkus-1-8-1-final-released.adoc.po, 17, 17, 188, 188, 0%
l10n/po/zh_CN/content/guides/security-identity-providers.adoc.po, 13, 13, 187, 187, 0%
l10n/po/zh_CN/content/versions/2.13/guides/README.adoc.po, 20, 20, 187, 187, 0%
l10n/po/zh_CN/content/versions/2.13/guides/quarkus-runtime-base-image.adoc.po, 14, 14, 187, 187, 0%
l10n/po/zh_CN/content/versions/3.20/guides/security-identity-providers.adoc.po, 13, 13, 187, 187, 0%
l10n/po/zh_CN/content/versions/3.27/guides/security-identity-providers.adoc.po, 13, 13, 187, 187, 0%
l10n/po/zh_CN/content/versions/3.33/guides/security-identity-providers.adoc.po, 13, 13, 187, 187, 0%
l10n/po/zh_CN/content/versions/3.34/guides/security-identity-providers.adoc.po, 13, 13, 187, 187, 0%
l10n/po/zh_CN/content/versions/main/guides/security-identity-providers.adoc.po, 13, 13, 187, 187, 0%
l10n/po/zh_CN/content/posts/2024-09-14-quarkus-3-14-4-released.adoc.po, 16, 16, 186, 186, 0%
l10n/po/zh_CN/content/versions/2.16/guides/quarkus-runtime-base-image.adoc.po, 14, 14, 186, 186, 0%
l10n/po/zh_CN/content/versions/3.15/guides/quarkus-runtime-base-image.adoc.po, 14, 14, 186, 186, 0%
l10n/po/zh_CN/content/versions/3.2/guides/quarkus-runtime-base-image.adoc.po, 14, 14, 186, 186, 0%
l10n/po/zh_CN/content/versions/3.20/guides/quarkus-runtime-base-image.adoc.po, 14, 14, 186, 186, 0%
l10n/po/zh_CN/content/versions/3.8/guides/quarkus-runtime-base-image.adoc.po, 14, 14, 186, 186, 0%
l10n/po/zh_CN/content/posts/2022-04-14-quarkus-newsletter-19.adoc.po, 4, 4, 185, 185, 0%
l10n/po/zh_CN/content/posts/2023-12-06-quarkus-3-6-1-released.adoc.po, 16, 16, 185, 185, 0%
l10n/po/zh_CN/content/posts/2023-12-20-quarkus-3-6-4-released.adoc.po, 16, 16, 185, 185, 0%
l10n/po/zh_CN/content/posts/2024-01-10-quarkus-3-6-5-released.adoc.po, 16, 16, 185, 185, 0%
l10n/po/zh_CN/content/posts/2025-09-10-quarkus-3-26-3-released.adoc.po, 15, 15, 185, 185, 0%
l10n/po/zh_CN/content/versions/3.15/guides/security-identity-providers.adoc.po, 13, 13, 185, 185, 0%
l10n/po/zh_CN/content/versions/3.8/guides/security-identity-providers.adoc.po, 13, 13, 185, 185, 0%
l10n/po/zh_CN/content/posts/2020-07-21-quarkus-1-6-1-final-released.adoc.po, 14, 14, 184, 184, 0%
l10n/po/zh_CN/content/posts/2023-11-16-quarkus-3-5-2-released.adoc.po, 16, 16, 184, 184, 0%
l10n/po/zh_CN/content/posts/2023-11-21-quarkus-3-5-3-released.adoc.po, 16, 16, 184, 184, 0%
l10n/po/zh_CN/content/posts/2025-03-12-quarkus-3-19-3-released.adoc.po, 17, 17, 184, 184, 0%
l10n/po/zh_CN/content/versions/3.2/guides/security-identity-providers.adoc.po, 13, 13, 184, 184, 0%
l10n/po/zh_CN/content/posts/2019-09-05-quarkus-0-21-2-released.adoc.po, 15, 15, 182, 182, 0%
l10n/po/zh_CN/content/posts/2022-10-11-quarkus-newsletter-25.adoc.po, 4, 4, 182, 182, 0%
l10n/po/zh_CN/content/posts/2023-01-13-quarkus-newsletter-28.adoc.po, 4, 4, 182, 182, 0%
l10n/po/zh_CN/content/posts/2024-08-12-quarkus-newsletter-47.adoc.po, 4, 4, 182, 182, 0%
l10n/po/zh_CN/content/posts/2025-03-19-quarkus-3-19-4-released.adoc.po, 17, 17, 181, 181, 0%
l10n/po/zh_CN/content/posts/2022-02-23-quarkus-2-7-2-final-released.adoc.po, 16, 16, 180, 180, 0%
l10n/po/zh_CN/content/posts/2025-08-13-quarkus-3-25-3-released.adoc.po, 15, 15, 180, 180, 0%
l10n/po/zh_CN/content/posts/2026-08-05-quarkus-3-38-1-released.adoc.po, 17, 17, 180, 180, 0%
l10n/po/zh_CN/content/posts/2021-05-20-quarkus-2-0-0-alpha3-released.adoc.po, 24, 24, 179, 179, 0%
l10n/po/zh_CN/content/posts/2024-12-04-quarkus-3-17-3-released.adoc.po, 17, 17, 179, 179, 0%
l10n/po/zh_CN/content/posts/2026-01-21-quarkus-3-30-7-released.adoc.po, 15, 15, 179, 179, 0%
l10n/po/zh_CN/content/posts/2026-08-05-quarkus-3-27-5-1-released.adoc.po, 17, 17, 179, 179, 0%
l10n/po/zh_CN/content/posts/2023-10-05-quarkus-3-4-2-released.adoc.po, 15, 15, 178, 178, 0%
l10n/po/zh_CN/content/posts/2025-07-14-quarkus-newsletter-58.adoc.po, 4, 4, 178, 178, 0%
l10n/po/zh_CN/content/posts/2022-12-21-quarkus-2-15-1-final-released.adoc.po, 13, 13, 177, 177, 0%
l10n/po/zh_CN/content/posts/2023-07-31-quarkus-2-16-9-final-released.adoc.po, 13, 13, 177, 177, 0%
l10n/po/zh_CN/content/posts/2026-05-29-mandrel-25-minimum-version.adoc.po, 8, 8, 177, 177, 0%
l10n/po/zh_CN/content/posts/2023-07-05-quarkus-2-16-8-final-released.adoc.po, 13, 13, 176, 176, 0%
l10n/po/zh_CN/content/posts/2020-05-20-insights-3.adoc.po, 10, 10, 175, 175, 0%
l10n/po/zh_CN/content/posts/2025-01-14-quarkus-newsletter-52.adoc.po, 4, 4, 175, 175, 0%
l10n/po/zh_CN/content/posts/2021-06-04-quarkus-2-0-0-cr3-released.adoc.po, 19, 19, 174, 174, 0%
l10n/po/zh_CN/content/posts/2022-08-25-l10n-of-quarkusio.adoc.po, 11, 11, 174, 174, 0%
l10n/po/zh_CN/content/posts/2022-12-15-quarkus-newsletter-27.adoc.po, 4, 4, 174, 174, 0%
l10n/po/zh_CN/content/posts/2024-02-13-quarkus-newsletter-41.adoc.po, 4, 4, 174, 174, 0%
l10n/po/zh_CN/content/posts/2024-06-12-quarkus-newsletter-45.adoc.po, 4, 4, 174, 174, 0%
l10n/po/zh_CN/content/posts/2025-02-12-quarkus-3-18-3-released.adoc.po, 15, 15, 174, 174, 0%
l10n/po/zh_CN/content/posts/2025-03-18-quarkus-3-15-4-released.adoc.po, 15, 15, 174, 174, 0%
l10n/po/zh_CN/content/posts/2021-10-25-intellij-quarkus-tools-1.8.0.adoc.po, 16, 16, 173, 173, 0%
l10n/po/zh_CN/content/posts/2025-10-09-quarkus-3-28-3-released.adoc.po, 14, 14, 173, 173, 0%
l10n/po/zh_CN/content/posts/2026-03-05-quarkus-3-32-2-released.adoc.po, 15, 15, 172, 172, 0%
l10n/po/zh_CN/content/posts/2026-03-11-quarkus-3-32-3-released.adoc.po, 15, 15, 172, 172, 0%
l10n/po/zh_CN/templates/partials/support-help-band.html.po, 11, 11, 172, 172, 0%
l10n/po/zh_CN/content/posts/2024-12-11-quarkus-3-17-4-released.adoc.po, 19, 19, 171, 171, 0%
l10n/po/zh_CN/content/posts/2026-08-05-quarkus-3-33-3-1-released.adoc.po, 17, 17, 171, 171, 0%
l10n/po/zh_CN/content/posts/2025-02-05-quarkus-3-18-2-released.adoc.po, 15, 15, 170, 170, 0%
l10n/po/zh_CN/content/posts/2025-03-05-quarkus-3-19-2-released.adoc.po, 15, 15, 170, 170, 0%
l10n/po/zh_CN/content/posts/2023-02-01-quarkus-2-16-1-final-released.adoc.po, 14, 14, 169, 169, 0%
l10n/po/zh_CN/content/posts/2026-04-17-quarkus-3-34-5-released.adoc.po, 14, 14, 168, 168, 0%
l10n/po/zh_CN/content/posts/2021-05-26-quarkus-1-13-5-final-released.adoc.po, 17, 17, 167, 167, 0%
l10n/po/zh_CN/content/posts/2021-08-20-60th-quarkus-insights.adoc.po, 9, 9, 167, 167, 0%
l10n/po/zh_CN/content/posts/2023-08-11-quarkus-3-2-4-final-released.adoc.po, 14, 14, 167, 167, 0%
l10n/po/zh_CN/content/posts/2023-08-28-quarkus-3-2-5-final-released.adoc.po, 14, 14, 167, 167, 0%
l10n/po/zh_CN/content/posts/2025-03-12-quarkus-newsletter-54.adoc.po, 4, 4, 167, 167, 0%
l10n/po/zh_CN/content/posts/2020-10-12-intellij-quarkus-tools-1.2.0.adoc.po, 31, 31, 166, 166, 0%
l10n/po/zh_CN/content/posts/2026-08-13-quarkus-3-38-2-released.adoc.po, 15, 15, 166, 166, 0%
l10n/po/zh_CN/content/posts/2026-08-19-quarkus-3-38-3-released.adoc.po, 15, 15, 166, 166, 0%
l10n/po/zh_CN/content/posts/2019-11-28-quarkus-1-0-1-final-released.adoc.po, 16, 16, 165, 165, 0%
l10n/po/zh_CN/content/posts/2026-01-07-quarkus-3-30-6-released.adoc.po, 15, 15, 165, 165, 0%
l10n/po/zh_CN/content/posts/2025-09-03-quarkus-3-26-2-released.adoc.po, 15, 15, 164, 164, 0%
l10n/po/zh_CN/content/posts/2025-09-17-quarkus-3-26-4-released.adoc.po, 15, 15, 164, 164, 0%
l10n/po/zh_CN/content/posts/2021-01-27-quarkus-1-11-1-final-released.adoc.po, 17, 17, 163, 163, 0%
l10n/po/zh_CN/content/posts/2024-11-29-quarkus-3-17-2-released.adoc.po, 14, 14, 163, 163, 0%
l10n/po/zh_CN/content/posts/2025-11-14-quarkus-3-29-3-released.adoc.po, 15, 15, 163, 163, 0%
l10n/po/zh_CN/content/posts/2022-02-23-quarkus-newsletter-17.adoc.po, 4, 4, 162, 162, 0%
l10n/po/zh_CN/content/posts/2022-11-23-intellij-quarkus-tools-1.14.0.adoc.po, 12, 12, 162, 162, 0%
l10n/po/zh_CN/content/posts/2021-03-11-quarkus-1-12-2-final-released.adoc.po, 17, 17, 161, 161, 0%
l10n/po/zh_CN/content/posts/2026-01-23-quarkus-3-30-8-released.adoc.po, 15, 15, 161, 161, 0%
l10n/po/zh_CN/content/posts/2023-05-15-quarkus-newsletter-32.adoc.po, 4, 4, 160, 160, 0%
l10n/po/zh_CN/content/posts/2023-11-20-quarkus-3-2-9-final-released.adoc.po, 18, 18, 160, 160, 0%
l10n/po/zh_CN/content/posts/2024-07-03-quarkus-3-12-1-released.adoc.po, 15, 15, 160, 160, 0%
l10n/po/zh_CN/content/posts/2024-07-10-quarkus-3-12-2-released.adoc.po, 15, 15, 160, 160, 0%
l10n/po/zh_CN/content/posts/2024-07-17-quarkus-3-12-3-released.adoc.po, 15, 15, 160, 160, 0%
l10n/po/zh_CN/content/posts/2024-08-07-quarkus-3-13-1-released.adoc.po, 15, 15, 160, 160, 0%
l10n/po/zh_CN/content/posts/2024-08-12-quarkus-3-13-2-released.adoc.po, 15, 15, 160, 160, 0%
l10n/po/zh_CN/content/posts/2023-10-19-quarkus-3-2-7-final-released.adoc.po, 18, 18, 159, 159, 0%
l10n/po/zh_CN/content/posts/2025-12-24-quarkus-3-30-5-released.adoc.po, 15, 15, 159, 159, 0%
l10n/po/zh_CN/content/posts/2025-02-19-quarkus-3-18-4-released.adoc.po, 15, 15, 158, 158, 0%
l10n/po/zh_CN/content/posts/2025-07-23-quarkus-3-24-5-released.adoc.po, 15, 15, 157, 157, 0%
l10n/po/zh_CN/content/posts/2023-06-07-quarkus-3-1-1-final-released.adoc.po, 14, 14, 156, 156, 0%
l10n/po/zh_CN/content/posts/2023-06-16-quarkus-3-1-2-final-released.adoc.po, 14, 14, 156, 156, 0%
l10n/po/zh_CN/content/posts/2023-06-29-quarkus-3-1-3-final-released.adoc.po, 14, 14, 156, 156, 0%
l10n/po/zh_CN/content/posts/2025-11-19-quarkus-3-27-1-released.adoc.po, 15, 15, 156, 156, 0%
l10n/po/zh_CN/content/posts/2025-08-20-quarkus-3-25-4-released.adoc.po, 15, 15, 155, 155, 0%
l10n/po/zh_CN/content/posts/2025-10-22-quarkus-3-28-5-released.adoc.po, 15, 15, 155, 155, 0%
l10n/po/zh_CN/content/posts/2022-03-17-quarkus-newsletter-18.adoc.po, 4, 4, 154, 154, 0%
l10n/po/zh_CN/content/posts/2024-11-13-quarkus-3-16-3-released.adoc.po, 15, 15, 154, 154, 0%
l10n/po/zh_CN/content/posts/2024-11-20-quarkus-3-16-4-released.adoc.po, 15, 15, 154, 154, 0%
l10n/po/zh_CN/content/posts/2025-01-22-quarkus-3-17-8-released.adoc.po, 15, 15, 154, 154, 0%
l10n/po/zh_CN/content/posts/2026-01-21-quarkus-3-27-2-released.adoc.po, 19, 19, 154, 154, 0%
l10n/po/zh_CN/content/posts/2026-07-17-quarkus-newsletter-70.adoc.po, 4, 4, 154, 154, 0%
l10n/po/zh_CN/content/posts/2020-06-18-quarkus-1-5-2-final-released.adoc.po, 14, 14, 153, 153, 0%
l10n/po/zh_CN/content/posts/2024-12-20-quarkus-3-17-5-released.adoc.po, 14, 14, 153, 153, 0%
l10n/po/zh_CN/content/posts/2025-01-08-quarkus-3-17-6-released.adoc.po, 14, 14, 153, 153, 0%
l10n/po/zh_CN/content/posts/2025-06-05-quarkus-3-23-2-released.adoc.po, 14, 14, 153, 153, 0%
l10n/po/zh_CN/content/posts/2026-01-21-quarkus-3-20-5-released.adoc.po, 18, 18, 153, 153, 0%
l10n/po/zh_CN/content/versions/2.13/guides/tooling.adoc.po, 18, 18, 153, 153, 0%
l10n/po/zh_CN/content/versions/2.16/guides/tooling.adoc.po, 18, 18, 153, 153, 0%
l10n/po/zh_CN/content/versions/3.2/guides/tooling.adoc.po, 18, 18, 153, 153, 0%
l10n/po/zh_CN/content/posts/2025-09-24-quarkus-3-15-7-released.adoc.po, 17, 17, 152, 152, 0%
l10n/po/zh_CN/content/posts/2025-09-24-quarkus-3-20-3-released.adoc.po, 17, 17, 152, 152, 0%
l10n/po/zh_CN/content/posts/2026-03-25-quarkus-3-20-6-released.adoc.po, 17, 17, 152, 152, 0%
l10n/po/zh_CN/content/posts/2026-03-25-quarkus-3-27-3-released.adoc.po, 17, 17, 152, 152, 0%
l10n/po/zh_CN/content/guides/grpc.adoc.po, 19, 19, 151, 151, 0%
l10n/po/zh_CN/content/guides/tooling.adoc.po, 18, 18, 151, 151, 0%
l10n/po/zh_CN/content/posts/2025-05-07-quarkus-3-22-2-released.adoc.po, 14, 14, 151, 151, 0%
l10n/po/zh_CN/content/posts/2025-05-15-quarkus-3-22-3-released.adoc.po, 14, 14, 151, 151, 0%
l10n/po/zh_CN/content/posts/2025-06-11-quarkus-3-23-3-released.adoc.po, 14, 14, 151, 151, 0%
l10n/po/zh_CN/content/posts/2025-06-19-quarkus-3-23-4-released.adoc.po, 14, 14, 151, 151, 0%
l10n/po/zh_CN/content/posts/2025-07-02-quarkus-3-24-2-released.adoc.po, 14, 14, 151, 151, 0%
l10n/po/zh_CN/content/posts/2025-07-09-quarkus-3-24-3-released.adoc.po, 14, 14, 151, 151, 0%
l10n/po/zh_CN/content/posts/2025-07-17-quarkus-3-24-4-released.adoc.po, 14, 14, 151, 151, 0%
l10n/po/zh_CN/content/posts/2025-11-19-quarkus-3-20-4-released.adoc.po, 16, 16, 151, 151, 0%
l10n/po/zh_CN/content/posts/2026-02-04-quarkus-3-31-2-released.adoc.po, 14, 14, 151, 151, 0%
l10n/po/zh_CN/content/posts/2026-02-11-quarkus-3-31-3-released.adoc.po, 14, 14, 151, 151, 0%
l10n/po/zh_CN/content/posts/2026-02-18-quarkus-3-31-4-released.adoc.po, 14, 14, 151, 151, 0%
l10n/po/zh_CN/content/posts/2026-04-02-quarkus-3-34-2-released.adoc.po, 14, 14, 151, 151, 0%
l10n/po/zh_CN/content/posts/2026-04-08-quarkus-3-34-3-released.adoc.po, 14, 14, 151, 151, 0%
l10n/po/zh_CN/content/versions/3.15/guides/grpc.adoc.po, 19, 19, 151, 151, 0%
l10n/po/zh_CN/content/versions/3.15/guides/tooling.adoc.po, 18, 18, 151, 151, 0%
l10n/po/zh_CN/content/versions/3.20/guides/grpc.adoc.po, 19, 19, 151, 151, 0%
l10n/po/zh_CN/content/versions/3.20/guides/tooling.adoc.po, 18, 18, 151, 151, 0%
l10n/po/zh_CN/content/versions/3.27/guides/grpc.adoc.po, 19, 19, 151, 151, 0%
l10n/po/zh_CN/content/versions/3.27/guides/tooling.adoc.po, 18, 18, 151, 151, 0%
l10n/po/zh_CN/content/versions/3.33/guides/grpc.adoc.po, 19, 19, 151, 151, 0%
l10n/po/zh_CN/content/versions/3.33/guides/tooling.adoc.po, 18, 18, 151, 151, 0%
l10n/po/zh_CN/content/versions/3.34/guides/grpc.adoc.po, 19, 19, 151, 151, 0%
l10n/po/zh_CN/content/versions/3.34/guides/tooling.adoc.po, 18, 18, 151, 151, 0%
l10n/po/zh_CN/content/versions/3.8/guides/tooling.adoc.po, 18, 18, 151, 151, 0%
l10n/po/zh_CN/content/versions/main/guides/tooling.adoc.po, 18, 18, 151, 151, 0%
l10n/po/zh_CN/content/posts/2024-11-18-quarkus-3-15-2-released.adoc.po, 15, 15, 149, 149, 0%
l10n/po/zh_CN/content/posts/2025-01-21-quarkus-3-15-3-released.adoc.po, 15, 15, 149, 149, 0%
l10n/po/zh_CN/content/posts/2021-06-09-quarkus-1-13-7-final-released.adoc.po, 15, 15, 148, 148, 0%
l10n/po/zh_CN/content/posts/2025-01-15-quarkus-3-17-7-released.adoc.po, 14, 14, 148, 148, 0%
l10n/po/zh_CN/content/posts/2025-04-02-quarkus-3-21-1-released.adoc.po, 14, 14, 148, 148, 0%
l10n/po/zh_CN/content/posts/2025-04-16-quarkus-3-21-3-released.adoc.po, 14, 14, 148, 148, 0%
l10n/po/zh_CN/content/posts/2025-04-24-quarkus-3-21-4-released.adoc.po, 14, 14, 148, 148, 0%
l10n/po/zh_CN/content/posts/2025-08-06-quarkus-3-25-1-released.adoc.po, 14, 14, 148, 148, 0%
l10n/po/zh_CN/content/posts/2025-08-08-quarkus-3-25-2-released.adoc.po, 14, 14, 148, 148, 0%
l10n/po/zh_CN/content/posts/2025-10-01-quarkus-3-28-2-released.adoc.po, 14, 14, 148, 148, 0%
l10n/po/zh_CN/content/posts/2025-10-16-quarkus-3-28-4-released.adoc.po, 14, 14, 148, 148, 0%
l10n/po/zh_CN/content/posts/2025-11-20-quarkus-3-29-4-released.adoc.po, 14, 14, 148, 148, 0%
l10n/po/zh_CN/content/posts/2025-12-03-quarkus-3-30-2-released.adoc.po, 14, 14, 148, 148, 0%
l10n/po/zh_CN/content/posts/2025-12-10-quarkus-3-30-3-released.adoc.po, 14, 14, 148, 148, 0%
l10n/po/zh_CN/content/posts/2025-12-17-quarkus-3-30-4-released.adoc.po, 14, 14, 148, 148, 0%
l10n/po/zh_CN/content/posts/2026-04-23-quarkus-3-34-6-released.adoc.po, 14, 14, 148, 148, 0%
l10n/po/zh_CN/content/posts/2026-05-13-quarkus-3-35-3-released.adoc.po, 14, 14, 148, 148, 0%
l10n/po/zh_CN/content/posts/2026-05-20-quarkus-3-35-4-released.adoc.po, 14, 14, 148, 148, 0%
l10n/po/zh_CN/content/posts/2026-05-26-quarkus-3-27-4-released.adoc.po, 15, 15, 148, 148, 0%
l10n/po/zh_CN/content/posts/2026-05-26-quarkus-3-33-2-released.adoc.po, 15, 15, 148, 148, 0%
l10n/po/zh_CN/content/posts/2026-06-03-quarkus-3-36-1-released.adoc.po, 14, 14, 148, 148, 0%
l10n/po/zh_CN/content/posts/2026-06-11-quarkus-3-36-2-released.adoc.po, 14, 14, 148, 148, 0%
l10n/po/zh_CN/content/posts/2026-06-18-quarkus-3-36-3-released.adoc.po, 14, 14, 148, 148, 0%
l10n/po/zh_CN/content/posts/2026-07-02-quarkus-3-37-1-released.adoc.po, 14, 14, 148, 148, 0%
l10n/po/zh_CN/content/posts/2026-07-08-quarkus-3-37-2-released.adoc.po, 14, 14, 148, 148, 0%
l10n/po/zh_CN/content/posts/2026-07-16-quarkus-3-37-3-released.adoc.po, 14, 14, 148, 148, 0%
l10n/po/zh_CN/content/posts/2026-07-23-quarkus-3-37-4-released.adoc.po, 14, 14, 148, 148, 0%
l10n/po/zh_CN/content/posts/2025-05-20-quarkus-3-15-5-released.adoc.po, 15, 15, 146, 146, 0%
l10n/po/zh_CN/content/posts/2025-05-20-quarkus-3-20-1-released.adoc.po, 15, 15, 146, 146, 0%
l10n/po/zh_CN/content/posts/2025-07-23-quarkus-3-15-6-released.adoc.po, 15, 15, 146, 146, 0%
l10n/po/zh_CN/content/posts/2025-07-23-quarkus-3-20-2-released.adoc.po, 15, 15, 146, 146, 0%
l10n/po/zh_CN/content/versions/3.8/guides/grpc.adoc.po, 17, 17, 145, 145, 0%
l10n/po/zh_CN/content/posts/2021-10-18-quarkus-newsletter-13.adoc.po, 4, 4, 143, 143, 0%
l10n/po/zh_CN/content/posts/2023-05-04-quarkus-3-0-2-final-released.adoc.po, 13, 13, 143, 143, 0%
l10n/po/zh_CN/content/posts/2023-05-10-quarkus-3-0-3-final-released.adoc.po, 13, 13, 143, 143, 0%
l10n/po/zh_CN/content/posts/2023-05-25-quarkus-3-0-4-final-released.adoc.po, 13, 13, 143, 143, 0%
l10n/po/zh_CN/content/versions/main/guides/grpc.adoc.po, 17, 17, 143, 143, 0%
l10n/po/zh_CN/content/posts/2023-03-06-quarkus-2-16-4-final-released.adoc.po, 13, 13, 142, 142, 0%
l10n/po/zh_CN/content/posts/2020-05-07-quarkus-newsletter-6.adoc.po, 4, 4, 141, 141, 0%
l10n/po/zh_CN/content/posts/2021-05-27-quarkus-1-13-6-final-released.adoc.po, 14, 14, 141, 141, 0%
l10n/po/zh_CN/content/posts/2020-10-09-quarkus-1-8-3-final-released.adoc.po, 13, 13, 140, 140, 0%
l10n/po/zh_CN/content/posts/2023-02-17-quarkus-2-16-3-final-released.adoc.po, 13, 13, 140, 140, 0%
l10n/po/zh_CN/content/versions/3.2/guides/grpc.adoc.po, 16, 16, 140, 140, 0%
l10n/po/zh_CN/content/posts/2020-12-16-quarkus-1-10-5-final-released.adoc.po, 14, 14, 139, 139, 0%
l10n/po/zh_CN/content/posts/2020-02-19-quarkus-1-2-1-final-released.adoc.po, 13, 13, 137, 137, 0%
l10n/po/zh_CN/content/posts/2021-02-09-quarkus-1-11-2-final-released.adoc.po, 16, 16, 137, 137, 0%
l10n/po/zh_CN/content/posts/2022-09-07-quarkus-2-12-1-final-released.adoc.po, 14, 14, 137, 137, 0%
l10n/po/zh_CN/content/posts/2021-07-16-quarkus-newsletter-10.adoc.po, 4, 4, 136, 136, 0%
l10n/po/zh_CN/content/posts/2022-10-19-quarkus-2-13-3-final-released.adoc.po, 12, 12, 136, 136, 0%
l10n/po/zh_CN/_data/katakodalist.yaml.po, 17, 17, 135, 135, 0%
l10n/po/zh_CN/content/posts/2020-12-08-quarkus-1-10-3-final-released.adoc.po, 14, 14, 134, 134, 0%
l10n/po/zh_CN/content/posts/2023-11-08-quarkus-3-2-8-final-released.adoc.po, 14, 14, 134, 134, 0%
l10n/po/zh_CN/content/posts/2020-04-08-quarkus-1-3-2-final-released.adoc.po, 14, 14, 133, 133, 0%
l10n/po/zh_CN/content/posts/2020-10-28-quarkus-1-9-1-final-released.adoc.po, 13, 13, 132, 132, 0%
l10n/po/zh_CN/content/posts/2023-01-04-quarkus-2-15-2-final-released.adoc.po, 12, 12, 132, 132, 0%
l10n/po/zh_CN/content/posts/2020-08-18-quarkus-hackathon-finalist-announcement.adoc.po, 21, 21, 131, 131, 0%
l10n/po/zh_CN/content/posts/2020-11-05-quarkus-1-9-2-final-released.adoc.po, 13, 13, 131, 131, 0%
l10n/po/zh_CN/content/posts/2021-12-16-quarkus-newsletter-15.adoc.po, 4, 4, 131, 131, 0%
l10n/po/zh_CN/content/posts/2020-09-09-quarkus-1-7-3-final-released.adoc.po, 13, 13, 130, 130, 0%
l10n/po/zh_CN/content/versions/2.16/guides/grpc.adoc.po, 14, 14, 130, 130, 0%
l10n/po/zh_CN/content/posts/2025-08-18-cve-fixes-aug-2025.adoc.po, 9, 9, 129, 129, 0%
l10n/po/zh_CN/content/posts/2022-01-13-quarkus-newsletter-16.adoc.po, 4, 4, 128, 128, 0%
l10n/po/zh_CN/content/posts/2020-08-27-quarkus-1-7-1-final-released.adoc.po, 13, 13, 127, 127, 0%
l10n/po/zh_CN/content/posts/2022-03-02-quarkus-2-7-3-final-released.adoc.po, 13, 13, 127, 127, 0%
l10n/po/zh_CN/content/posts/2022-07-06-quarkus-2-10-2-final-released.adoc.po, 12, 12, 127, 127, 0%
l10n/po/zh_CN/content/posts/2020-09-28-quarkus-newsletter-8.adoc.po, 6, 6, 126, 126, 0%
l10n/po/zh_CN/content/posts/2022-05-06-quarkus-2-8-3-final-released.adoc.po, 12, 12, 126, 126, 0%
l10n/po/zh_CN/content/posts/2022-05-25-quarkus-2-9-2-final-released.adoc.po, 12, 12, 126, 126, 0%
l10n/po/zh_CN/content/posts/2023-07-24-profile-and-monitor-native-executables-with-jfr.adoc.po, 5, 5, 126, 126, 0%
l10n/po/zh_CN/content/posts/2022-08-24-quarkus-2-11-3-final-released.adoc.po, 14, 14, 124, 124, 0%
l10n/po/zh_CN/content/posts/2022-09-20-intellij-quarkus-tools-1.13.0.adoc.po, 12, 12, 124, 124, 0%
l10n/po/zh_CN/content/posts/2021-02-11-quarkus-1-11-3-final-released.adoc.po, 11, 11, 123, 123, 0%
l10n/po/zh_CN/content/posts/2021-03-03-quarkus-1-12-1-final-released.adoc.po, 14, 14, 123, 123, 0%
l10n/po/zh_CN/content/posts/2022-10-06-quarkus-2-13-1-final-released.adoc.po, 12, 12, 123, 123, 0%
l10n/po/zh_CN/content/posts/2023-02-09-quarkus-2-16-2-final-released.adoc.po, 13, 13, 123, 123, 0%
l10n/po/zh_CN/content/posts/2021-09-16-quarkus-2-2-3-final-released.adoc.po, 12, 12, 122, 122, 0%
l10n/po/zh_CN/content/posts/2023-03-22-quarkus-2-16-5-final-released.adoc.po, 13, 13, 122, 122, 0%
l10n/po/zh_CN/content/posts/2023-04-04-quarkus-2-16-6-final-released.adoc.po, 13, 13, 122, 122, 0%
l10n/po/zh_CN/content/posts/2023-05-05-quarkus-2-16-7-final-released.adoc.po, 13, 13, 122, 122, 0%
l10n/po/zh_CN/content/versions/2.13/guides/grpc.adoc.po, 12, 12, 122, 122, 0%
l10n/po/zh_CN/content/posts/2021-07-13-quarkus-2-0-2-final-released.adoc.po, 12, 12, 121, 121, 0%
l10n/po/zh_CN/content/posts/2022-10-12-quarkus-2-13-2-final-released.adoc.po, 12, 12, 121, 121, 0%
l10n/po/zh_CN/content/posts/2023-01-10-quarkus-2-15-3-final-released.adoc.po, 12, 12, 121, 121, 0%
l10n/po/zh_CN/content/posts/2022-05-17-quarkus-2-9-1-final-released.adoc.po, 12, 12, 120, 120, 0%
l10n/po/zh_CN/content/posts/2021-09-07-quarkus-2-2-2-final-released.adoc.po, 12, 12, 119, 119, 0%
l10n/po/zh_CN/content/posts/2021-10-20-quarkus-2-3-1-final-released.adoc.po, 12, 12, 119, 119, 0%
l10n/po/zh_CN/content/posts/2021-11-03-quarkus-2-4-1-final-released.adoc.po, 12, 12, 119, 119, 0%
l10n/po/zh_CN/content/posts/2021-11-12-quarkus-2-4-2-final-released.adoc.po, 12, 12, 119, 119, 0%
l10n/po/zh_CN/content/posts/2021-12-01-quarkus-2-5-1-final-released.adoc.po, 12, 12, 119, 119, 0%
l10n/po/zh_CN/content/posts/2021-12-10-quarkus-2-5-2-final-released.adoc.po, 12, 12, 119, 119, 0%
l10n/po/zh_CN/content/posts/2021-12-15-quarkus-2-5-3-final-released.adoc.po, 12, 12, 119, 119, 0%
l10n/po/zh_CN/content/posts/2021-11-11-quarkus-newsletter-14.adoc.po, 4, 4, 118, 118, 0%
l10n/po/zh_CN/content/posts/2021-12-03-intellij-quarkus-tools-1.9.0.adoc.po, 10, 10, 118, 118, 0%
l10n/po/zh_CN/content/posts/2020-09-03-quarkus-1-7-2-final-released.adoc.po, 12, 12, 117, 117, 0%
l10n/po/zh_CN/content/posts/2021-08-26-quarkus-2-1-4-final-released.adoc.po, 12, 12, 117, 117, 0%
l10n/po/zh_CN/content/posts/2020-10-06-quarkus-1-8-2-final-released.adoc.po, 12, 12, 116, 116, 0%
l10n/po/zh_CN/content/posts/2021-04-28-quarkus-1-13-3-final-released.adoc.po, 13, 13, 116, 116, 0%
l10n/po/zh_CN/content/posts/2021-05-12-quarkus-1-13-4-final-released.adoc.po, 13, 13, 116, 116, 0%
l10n/po/zh_CN/content/posts/2021-09-14-quarkus-newsletter-12.adoc.po, 4, 4, 116, 116, 0%
l10n/po/zh_CN/content/posts/2020-05-15-insights-2.adoc.po, 6, 6, 115, 115, 0%
l10n/po/zh_CN/content/posts/2020-05-20-insights-4-5.adoc.po, 7, 7, 115, 115, 0%
l10n/po/zh_CN/content/posts/2021-07-22-quarkus-2-0-3-final-released.adoc.po, 12, 12, 115, 115, 0%
l10n/po/zh_CN/content/posts/2022-01-20-quarkus-2-6-3-final-released.adoc.po, 12, 12, 115, 115, 0%
l10n/po/zh_CN/content/posts/2022-03-09-quarkus-2-7-4-final-released.adoc.po, 12, 12, 115, 115, 0%
l10n/po/zh_CN/content/posts/2022-06-29-quarkus-2-10-1-final-released.adoc.po, 12, 12, 115, 115, 0%
l10n/po/zh_CN/content/posts/2022-09-21-quarkus-2-12-3-final-released.adoc.po, 13, 13, 115, 115, 0%
l10n/po/zh_CN/content/posts/2021-07-07-quarkus-2-0-1-final-released.adoc.po, 12, 12, 114, 114, 0%
l10n/po/zh_CN/content/posts/2021-08-04-quarkus-2-1-1-final-released.adoc.po, 12, 12, 114, 114, 0%
l10n/po/zh_CN/content/posts/2021-08-11-quarkus-2-1-2-final-released.adoc.po, 12, 12, 114, 114, 0%
l10n/po/zh_CN/content/posts/2021-08-19-quarkus-2-1-3-final-released.adoc.po, 12, 12, 114, 114, 0%
l10n/po/zh_CN/content/posts/2022-03-16-quarkus-2-7-5-final-released.adoc.po, 12, 12, 114, 114, 0%
l10n/po/zh_CN/content/posts/2022-04-19-quarkus-2-8-1-final-released.adoc.po, 12, 12, 114, 114, 0%
l10n/po/zh_CN/content/posts/2022-04-26-quarkus-2-8-2-final-released.adoc.po, 12, 12, 114, 114, 0%
l10n/po/zh_CN/content/posts/2022-09-13-quarkus-2-12-2-final-released.adoc.po, 13, 13, 114, 114, 0%
l10n/po/zh_CN/content/posts/2022-12-06-quarkus-2-14-3-final-released.adoc.po, 12, 12, 114, 114, 0%
l10n/po/zh_CN/templates/partials/feedback-community-band.html.po, 12, 12, 113, 113, 0%
l10n/po/zh_CN/content/posts/2021-08-20-quarkus-newsletter-11.adoc.po, 4, 4, 112, 112, 0%
l10n/po/zh_CN/templates/partials/homepage-commonhaus-band.html.po, 5, 5, 111, 111, 0%
l10n/po/zh_CN/content/guides/funqy-azure-functions-http.adoc.po, 6, 6, 109, 109, 0%
l10n/po/zh_CN/content/versions/2.13/guides/funqy-azure-functions-http.adoc.po, 6, 6, 109, 109, 0%
l10n/po/zh_CN/content/versions/2.16/guides/funqy-azure-functions-http.adoc.po, 6, 6, 109, 109, 0%
l10n/po/zh_CN/content/versions/3.15/guides/funqy-azure-functions-http.adoc.po, 6, 6, 109, 109, 0%
l10n/po/zh_CN/content/versions/3.2/guides/funqy-azure-functions-http.adoc.po, 6, 6, 109, 109, 0%
l10n/po/zh_CN/content/versions/3.20/guides/funqy-azure-functions-http.adoc.po, 6, 6, 109, 109, 0%
l10n/po/zh_CN/content/versions/3.27/guides/funqy-azure-functions-http.adoc.po, 6, 6, 109, 109, 0%
l10n/po/zh_CN/content/versions/3.33/guides/funqy-azure-functions-http.adoc.po, 6, 6, 109, 109, 0%
l10n/po/zh_CN/content/versions/3.34/guides/funqy-azure-functions-http.adoc.po, 6, 6, 109, 109, 0%
l10n/po/zh_CN/content/versions/3.8/guides/funqy-azure-functions-http.adoc.po, 6, 6, 109, 109, 0%
l10n/po/zh_CN/content/versions/main/guides/funqy-azure-functions-http.adoc.po, 6, 6, 109, 109, 0%
l10n/po/zh_CN/_data/getstarted-nextsteps.yaml.po, 12, 27, 106, 154, 32%
l10n/po/zh_CN/content/posts/2021-03-11-ja-quarkus-io.adoc.po, 3, 3, 104, 104, 0%
l10n/po/zh_CN/_data/projectfooter.yaml.po, 83, 85, 102, 106, 4%
l10n/po/zh_CN/_data/getstarted-guides.yaml.po, 14, 15, 101, 105, 4%
l10n/po/zh_CN/content/posts/2020-08-29-quarkus-hackathon-winners-announced.adoc.po, 16, 16, 99, 99, 0%
l10n/po/zh_CN/_data/versioned/3-8/index/quarkiverse.yaml.po, 7, 102, 98, 597, 84%
l10n/po/zh_CN/_data/versioned/latest/index/quarkiverse.yaml.po, 7, 102, 98, 597, 84%
l10n/po/zh_CN/_data/versioned/main/index/quarkiverse.yaml.po, 7, 102, 98, 597, 84%
l10n/po/zh_CN/content/posts/2020-05-05-quarkus-1-4-2-final-released.adoc.po, 11, 11, 97, 97, 0%
l10n/po/zh_CN/content/posts/2020-06-11-quarkus-1-5-1-final-released.adoc.po, 11, 11, 97, 97, 0%
l10n/po/zh_CN/content/posts/2019-11-18-quarkus-newsletter-2.adoc.po, 4, 4, 94, 94, 0%
l10n/po/zh_CN/content/posts/2019-10-15-quarkus-on-jboss-asylum-podcast.adoc.po, 5, 5, 93, 93, 0%
l10n/po/zh_CN/content/posts/2020-01-14-quarkus-newsletter-4.adoc.po, 4, 4, 93, 93, 0%
l10n/po/zh_CN/content/posts/2022-07-19-quarkus-insights-qanda4.adoc.po, 5, 5, 92, 92, 0%
l10n/po/zh_CN/content/posts/2021-02-17-intellij-quarkus-tools-1.4.0.adoc.po, 9, 9, 90, 90, 0%
l10n/po/zh_CN/content/posts/2020-09-17-intellij-quarkus-tools-1.1.0.adoc.po, 13, 13, 86, 86, 0%
l10n/po/zh_CN/content/versions/2.13/guides/security-enabling-basic-auth-howto.adoc.po, 10, 10, 86, 86, 0%
l10n/po/zh_CN/content/foundation.md.po, 9, 9, 84, 84, 0%
l10n/po/zh_CN/content/posts/2019-12-16-quarkus-newsletter-3.adoc.po, 4, 4, 84, 84, 0%
l10n/po/zh_CN/content/posts/2021-01-15-intellij-quarkus-tools-1.3.0.adoc.po, 9, 9, 82, 82, 0%
l10n/po/zh_CN/content/posts/2020-06-25-quarkus-newsletter-7.adoc.po, 3, 3, 81, 81, 0%
l10n/po/zh_CN/content/posts/2021-05-27-quarkus-insights-qanda2.adoc.po, 3, 3, 81, 81, 0%
l10n/po/zh_CN/content/versions/2.13/guides/security-enabling-basic-auth-tutorial.adoc.po, 10, 10, 81, 81, 0%
l10n/po/zh_CN/_data/getstarted-videos.yaml.po, 19, 21, 79, 83, 5%
l10n/po/zh_CN/content/posts/2020-02-26-quarkus-newsletter-5.adoc.po, 3, 3, 76, 76, 0%
l10n/po/zh_CN/content/posts/2022-01-13-quarkus-insights-qanda3.adoc.po, 4, 4, 72, 72, 0%
l10n/po/zh_CN/content/guides/kafka-dev-ui.adoc.po, 7, 7, 71, 71, 0%
l10n/po/zh_CN/content/versions/2.16/guides/kafka-dev-ui.adoc.po, 7, 7, 71, 71, 0%
l10n/po/zh_CN/content/versions/3.15/guides/kafka-dev-ui.adoc.po, 7, 7, 71, 71, 0%
l10n/po/zh_CN/content/versions/3.2/guides/kafka-dev-ui.adoc.po, 7, 7, 71, 71, 0%
l10n/po/zh_CN/content/versions/3.20/guides/kafka-dev-ui.adoc.po, 7, 7, 71, 71, 0%
l10n/po/zh_CN/content/versions/3.27/guides/kafka-dev-ui.adoc.po, 7, 7, 71, 71, 0%
l10n/po/zh_CN/content/versions/3.33/guides/kafka-dev-ui.adoc.po, 7, 7, 71, 71, 0%
l10n/po/zh_CN/content/versions/3.34/guides/kafka-dev-ui.adoc.po, 7, 7, 71, 71, 0%
l10n/po/zh_CN/content/versions/3.8/guides/kafka-dev-ui.adoc.po, 7, 7, 71, 71, 0%
l10n/po/zh_CN/content/versions/main/guides/kafka-dev-ui.adoc.po, 7, 7, 71, 71, 0%
l10n/po/zh_CN/content/posts/2019-05-08-welcome.adoc.po, 4, 4, 70, 70, 0%
l10n/po/zh_CN/content/posts/2021-01-26-quarkus-newsletter-9.adoc.po, 3, 3, 70, 70, 0%
l10n/po/zh_CN/content/posts/2019-10-01-quarkus-newsletter-1.adoc.po, 4, 4, 69, 69, 0%
l10n/po/zh_CN/templates/partials/homepage-container_first-band.html.po, 4, 4, 69, 69, 0%
l10n/po/zh_CN/_data/index-docs.yaml.po, 13, 14, 66, 67, 2%
l10n/po/zh_CN/content/posts/2021-02-02-quarkus-insights-qanda.adoc.po, 4, 4, 66, 66, 0%
l10n/po/zh_CN/templates/partials/get-started-band-lightblue.html.po, 9, 9, 64, 64, 0%
l10n/po/zh_CN/templates/partials/get-started-band.html.po, 10, 10, 64, 64, 0%
l10n/po/zh_CN/templates/partials/homepage-developer_joy-band.html.po, 10, 10, 63, 63, 0%
l10n/po/zh_CN/templates/partials/insights-band.html.po, 10, 10, 60, 60, 0%
l10n/po/zh_CN/_data/callout-quotes.yaml.po, 3, 3, 55, 55, 0%
l10n/po/zh_CN/content/guides/camel.adoc.po, 3, 3, 54, 54, 0%
l10n/po/zh_CN/content/versions/2.13/guides/camel.adoc.po, 3, 3, 54, 54, 0%
l10n/po/zh_CN/content/versions/2.16/guides/camel.adoc.po, 3, 3, 54, 54, 0%
l10n/po/zh_CN/content/versions/3.15/guides/camel.adoc.po, 3, 3, 54, 54, 0%
l10n/po/zh_CN/content/versions/3.2/guides/camel.adoc.po, 3, 3, 54, 54, 0%
l10n/po/zh_CN/content/versions/3.20/guides/camel.adoc.po, 3, 3, 54, 54, 0%
l10n/po/zh_CN/content/versions/3.27/guides/camel.adoc.po, 3, 3, 54, 54, 0%
l10n/po/zh_CN/content/versions/3.33/guides/camel.adoc.po, 3, 3, 54, 54, 0%
l10n/po/zh_CN/content/versions/3.34/guides/camel.adoc.po, 3, 3, 54, 54, 0%
l10n/po/zh_CN/content/versions/3.8/guides/camel.adoc.po, 3, 3, 54, 54, 0%
l10n/po/zh_CN/content/versions/main/guides/camel.adoc.po, 3, 3, 54, 54, 0%
l10n/po/zh_CN/content/posts/2026-05-04-CVE-2026-39852.adoc.po, 8, 8, 51, 51, 0%
l10n/po/zh_CN/content/posts/2026-17-06-CVE-2026-50559.adoc.po, 8, 8, 51, 51, 0%
l10n/po/zh_CN/templates/partials/commonhaus-footerband.html.po, 4, 4, 51, 51, 0%
l10n/po/zh_CN/templates/partials/homepage-hero-band-ssjprime.html.po, 9, 9, 51, 51, 0%
l10n/po/zh_CN/templates/partials/homepage-extensions-band.html.po, 3, 3, 46, 46, 0%
l10n/po/zh_CN/templates/partials/homepage-imperative_and_reactive-band.html.po, 6, 6, 46, 46, 0%
l10n/po/zh_CN/templates/partials/homepage-userstory-callout.html.po, 12, 12, 45, 45, 0%
l10n/po/zh_CN/content/guides/grpc-cli.adoc.po, 9, 9, 40, 40, 0%
l10n/po/zh_CN/content/versions/3.15/guides/grpc-cli.adoc.po, 9, 9, 40, 40, 0%
l10n/po/zh_CN/content/versions/3.20/guides/grpc-cli.adoc.po, 9, 9, 40, 40, 0%
l10n/po/zh_CN/content/versions/3.27/guides/grpc-cli.adoc.po, 9, 9, 40, 40, 0%
l10n/po/zh_CN/content/versions/3.33/guides/grpc-cli.adoc.po, 9, 9, 40, 40, 0%
l10n/po/zh_CN/content/versions/3.34/guides/grpc-cli.adoc.po, 9, 9, 40, 40, 0%
l10n/po/zh_CN/content/versions/main/guides/grpc-cli.adoc.po, 9, 9, 40, 40, 0%
l10n/po/zh_CN/templates/partials/publication-entries.html.po, 13, 13, 40, 40, 0%
l10n/po/zh_CN/templates/partials/homepage-hero-newrelease-band.html.po, 6, 6, 39, 39, 0%
l10n/po/zh_CN/templates/partials/project-footer.html.po, 14, 14, 39, 39, 0%
l10n/po/zh_CN/content/ai-quarkus-for-ai.md.po, 4, 4, 38, 38, 0%
l10n/po/zh_CN/templates/partials/homepage-ai-band.html.po, 4, 4, 37, 37, 0%
l10n/po/zh_CN/_data/cheatsheets.yaml.po, 11, 11, 34, 34, 0%
l10n/po/zh_CN/_data/event_worldtour_hero.yaml.po, 2, 2, 34, 34, 0%
l10n/po/zh_CN/_data/siteConfig.yml.po, 27, 27, 32, 32, 0%
l10n/po/zh_CN/content/books.md.po, 3, 3, 28, 28, 0%
l10n/po/zh_CN/content/quarkus2.md.po, 3, 3, 27, 27, 0%
l10n/po/zh_CN/content/quarkus3.md.po, 3, 3, 27, 27, 0%
l10n/po/zh_CN/templates/partials/userstories-band.html.po, 11, 11, 26, 26, 0%
l10n/po/zh_CN/content/404.md.po, 6, 6, 24, 24, 0%
l10n/po/zh_CN/templates/partials/homepage-hero-band.html.po, 5, 5, 24, 24, 0%
l10n/po/zh_CN/content/qtips.md.po, 3, 3, 23, 23, 0%
l10n/po/zh_CN/_data/publication-entries.yaml.po, 1, 1, 21, 21, 0%
l10n/po/zh_CN/content/userstories.md.po, 3, 3, 21, 21, 0%
l10n/po/zh_CN/content/discussion.md.po, 3, 3, 19, 19, 0%
l10n/po/zh_CN/content/socials.md.po, 3, 3, 19, 19, 0%
l10n/po/zh_CN/templates/partials/training-band.html.po, 10, 10, 19, 19, 0%
l10n/po/zh_CN/content/ai-ai-blueprints.md.po, 4, 4, 18, 18, 0%
l10n/po/zh_CN/content/newsletter.md.po, 4, 4, 18, 18, 0%
l10n/po/zh_CN/content/ai-blueprints-chainofthought.md.po, 4, 4, 17, 17, 0%
l10n/po/zh_CN/content/ai-contextual-rag.md.po, 4, 4, 17, 17, 0%
l10n/po/zh_CN/content/ai-getting-started-with-ai.md.po, 4, 4, 17, 17, 0%
l10n/po/zh_CN/content/insights.md.po, 3, 3, 17, 17, 0%
l10n/po/zh_CN/content/ai-blueprints-contextualrag.md.po, 4, 4, 16, 16, 0%
l10n/po/zh_CN/content/ai-overview.md.po, 4, 4, 16, 16, 0%
l10n/po/zh_CN/content/spring-migrate.md.po, 4, 4, 16, 16, 0%
l10n/po/zh_CN/_data/guides.yaml.po, 5, 5, 15, 15, 0%
l10n/po/zh_CN/content/container-first.md.po, 3, 3, 15, 15, 0%
l10n/po/zh_CN/content/ai-blueprints-frozenrag.md.po, 4, 4, 14, 14, 0%
l10n/po/zh_CN/content/ai-chain-of-thought.md.po, 4, 4, 14, 14, 0%
l10n/po/zh_CN/templates/partials/events-discussions-band.html.po, 1, 1, 14, 14, 0%
l10n/po/zh_CN/content/brand.md.po, 3, 3, 13, 13, 0%
l10n/po/zh_CN/content/events.md.po, 3, 3, 13, 13, 0%
l10n/po/zh_CN/content/get-started.md.po, 3, 3, 13, 13, 0%
l10n/po/zh_CN/content/performance.md.po, 3, 3, 13, 13, 0%
l10n/po/zh_CN/content/ai-agentic.md.po, 4, 4, 12, 12, 0%
l10n/po/zh_CN/content/benefactors.md.po, 3, 3, 12, 12, 0%
l10n/po/zh_CN/content/releases.md.po, 3, 3, 12, 12, 0%
l10n/po/zh_CN/templates/partials/newsletter-band.html.po, 6, 6, 12, 12, 0%
l10n/po/zh_CN/content/about.md.po, 3, 3, 11, 11, 0%
l10n/po/zh_CN/content/desktopwallpapers.md.po, 3, 3, 11, 11, 0%
l10n/po/zh_CN/content/eol.md.po, 3, 3, 11, 11, 0%
l10n/po/zh_CN/content/index.md.po, 4, 4, 11, 11, 0%
l10n/po/zh_CN/content/kubernetes-native.md.po, 3, 3, 11, 11, 0%
l10n/po/zh_CN/content/spring.md.po, 3, 3, 11, 11, 0%
l10n/po/zh_CN/content/developer-joy.md.po, 3, 3, 10, 10, 0%
l10n/po/zh_CN/content/standards.md.po, 3, 3, 9, 9, 0%
l10n/po/zh_CN/content/wg.md.po, 4, 4, 9, 9, 0%
l10n/po/zh_CN/content/versions/main/guides/guides.md.po, 3, 3, 7, 7, 0%
l10n/po/zh_CN/templates/partials/homepage-performance-band.html.po, 2, 2, 7, 7, 0%
l10n/po/zh_CN/_data/recent-posts-band.yaml.po, 2, 2, 6, 6, 0%
l10n/po/zh_CN/content/1kcontributors.md.po, 3, 3, 6, 6, 0%
l10n/po/zh_CN/content/ai-java-for-ai.md.po, 3, 3, 6, 6, 0%
l10n/po/zh_CN/content/support.md.po, 2, 2, 6, 6, 0%
l10n/po/zh_CN/content/usage_policy.md.po, 3, 3, 6, 6, 0%
l10n/po/zh_CN/content/author.md.po, 5, 5, 5, 5, 0%
l10n/po/zh_CN/content/blog.md.po, 5, 5, 5, 5, 0%
l10n/po/zh_CN/content/guides/guides.md.po, 3, 3, 5, 5, 0%
l10n/po/zh_CN/content/stickers.md.po, 2, 2, 3, 3, 0%
l10n/po/zh_CN/content/versions/2.13/guides/guides.md.po, 3, 3, 3, 3, 0%
l10n/po/zh_CN/content/versions/2.16/guides/guides.md.po, 3, 3, 3, 3, 0%
l10n/po/zh_CN/content/versions/3.15/guides/guides.md.po, 3, 3, 3, 3, 0%
l10n/po/zh_CN/content/versions/3.2/guides/guides.md.po, 3, 3, 3, 3, 0%
l10n/po/zh_CN/content/versions/3.20/guides/guides.md.po, 3, 3, 3, 3, 0%
l10n/po/zh_CN/content/versions/3.27/guides/guides.md.po, 3, 3, 3, 3, 0%
l10n/po/zh_CN/content/versions/3.33/guides/guides.md.po, 3, 3, 3, 3, 0%
l10n/po/zh_CN/content/versions/3.34/guides/guides.md.po, 3, 3, 3, 3, 0%
l10n/po/zh_CN/content/versions/3.8/guides/guides.md.po, 3, 3, 3, 3, 0%
l10n/po/zh_CN/content/components.md.po, 2, 2, 2, 2, 0%
l10n/po/zh_CN/content/guides/telemetry-examples.yaml.po, 2, 2, 2, 2, 0%
l10n/po/zh_CN/content/redirects/awards.md.po, 2, 2, 2, 2, 0%
l10n/po/zh_CN/content/redirects/community.md.po, 2, 2, 2, 2, 0%
l10n/po/zh_CN/content/redirects/continuum.md.po, 2, 2, 2, 2, 0%
l10n/po/zh_CN/content/redirects/extensions.md.po, 2, 2, 2, 2, 0%
l10n/po/zh_CN/content/redirects/github.md.po, 2, 2, 2, 2, 0%
l10n/po/zh_CN/content/redirects/guides/amazon-dynamodb.md.po, 2, 2, 2, 2, 0%
l10n/po/zh_CN/content/redirects/guides/amazon-iam.md.po, 2, 2, 2, 2, 0%
l10n/po/zh_CN/content/redirects/guides/amazon-kms.md.po, 2, 2, 2, 2, 0%
l10n/po/zh_CN/content/redirects/guides/amazon-s3.md.po, 2, 2, 2, 2, 0%
l10n/po/zh_CN/content/redirects/guides/amazon-ses.md.po, 2, 2, 2, 2, 0%
l10n/po/zh_CN/content/redirects/guides/amazon-sns.md.po, 2, 2, 2, 2, 0%
l10n/po/zh_CN/content/redirects/guides/amazon-sqs.md.po, 2, 2, 2, 2, 0%
l10n/po/zh_CN/content/redirects/guides/amazon-ssm.md.po, 2, 2, 2, 2, 0%
l10n/po/zh_CN/content/redirects/guides/consul-config.md.po, 2, 2, 2, 2, 0%
l10n/po/zh_CN/content/redirects/guides/jgit.md.po, 2, 2, 2, 2, 0%
l10n/po/zh_CN/content/redirects/guides/logging-sentry.md.po, 2, 2, 2, 2, 0%
l10n/po/zh_CN/content/redirects/guides/micrometer.md.po, 2, 2, 2, 2, 0%
l10n/po/zh_CN/content/redirects/guides/neo4j.md.po, 2, 2, 2, 2, 0%
l10n/po/zh_CN/content/redirects/guides/security-built-in-authentication.md.po, 2, 2, 2, 2, 0%
l10n/po/zh_CN/content/redirects/guides/security-getting-started.md.po, 2, 2, 2, 2, 0%
l10n/po/zh_CN/content/redirects/guides/security-oidc-bearer-authentication-concept.md.po, 2, 2, 2, 2, 0%
l10n/po/zh_CN/content/redirects/guides/security.md.po, 2, 2, 2, 2, 0%
l10n/po/zh_CN/content/redirects/guides/tika.md.po, 2, 2, 2, 2, 0%
l10n/po/zh_CN/content/redirects/guides/vault-auth.md.po, 2, 2, 2, 2, 0%
l10n/po/zh_CN/content/redirects/guides/vault-datasource.md.po, 2, 2, 2, 2, 0%
l10n/po/zh_CN/content/redirects/guides/vault-pki.md.po, 2, 2, 2, 2, 0%
l10n/po/zh_CN/content/redirects/guides/vault-transit.md.po, 2, 2, 2, 2, 0%
l10n/po/zh_CN/content/redirects/guides/vault.md.po, 2, 2, 2, 2, 0%
l10n/po/zh_CN/content/redirects/migrate-to-quarkus.md.po, 2, 2, 2, 2, 0%
l10n/po/zh_CN/content/redirects/roadmap.md.po, 2, 2, 2, 2, 0%
l10n/po/zh_CN/content/redirects/worldtour.md.po, 2, 2, 2, 2, 0%
l10n/po/zh_CN/content/security-openid-connect-web-authentication.md.po, 2, 2, 2, 2, 0%
l10n/po/zh_CN/content/versions/2.13/guides/telemetry-examples.yaml.po, 2, 2, 2, 2, 0%
l10n/po/zh_CN/content/versions/2.16/guides/telemetry-examples.yaml.po, 2, 2, 2, 2, 0%
l10n/po/zh_CN/content/versions/3.15/guides/telemetry-examples.yaml.po, 2, 2, 2, 2, 0%
l10n/po/zh_CN/content/versions/3.2/guides/telemetry-examples.yaml.po, 2, 2, 2, 2, 0%
l10n/po/zh_CN/content/versions/3.20/guides/telemetry-examples.yaml.po, 2, 2, 2, 2, 0%
l10n/po/zh_CN/content/versions/3.27/guides/telemetry-examples.yaml.po, 2, 2, 2, 2, 0%
l10n/po/zh_CN/content/versions/3.33/guides/telemetry-examples.yaml.po, 2, 2, 2, 2, 0%
l10n/po/zh_CN/content/versions/3.34/guides/telemetry-examples.yaml.po, 2, 2, 2, 2, 0%
l10n/po/zh_CN/content/versions/3.8/guides/telemetry-examples.yaml.po, 2, 2, 2, 2, 0%
l10n/po/zh_CN/content/versions/main/guides/telemetry-examples.yaml.po, 2, 2, 2, 2, 0%
l10n/po/zh_CN/_data/1kcontributor-list.yaml.po, 0, 3934, 0, 4858, 100%
